[2026-10-05T08:19:08.091Z] Started by an SCM change
[2026-10-05T08:19:08.094Z] Started by user admin
[2026-10-05T08:19:08.723Z] Obtained Jenkinsfile from git https://github.com/Swaroop192005/CI-CD-Pipeline-for-a-Student-Attendance-Management.git
[2026-10-05T08:19:09.196Z] [Pipeline] Start of Pipeline
[2026-10-05T08:19:09.298Z] [Pipeline] node
[2026-10-05T08:19:09.306Z] Running on Jenkins in /var/jenkins_home/jobs/attendance-portal-pipeline/workspace
[2026-10-05T08:19:09.315Z] [Pipeline] {
[2026-10-05T08:19:09.330Z] [Pipeline] stage
[2026-10-05T08:19:09.332Z] [Pipeline] { (Declarative: Checkout SCM)
[2026-10-05T08:19:09.349Z] [Pipeline] checkout
[2026-10-05T08:19:09.352Z] Selected Git installation does not exist. Using Default
[2026-10-05T08:19:09.352Z] The recommended git tool is: NONE
[2026-10-05T08:19:09.352Z] No credentials specified
[2026-10-05T08:19:09.353Z]  > git rev-parse --resolve-git-dir /var/jenkins_home/jobs/attendance-portal-pipeline/workspace/.git # timeout=10
[2026-10-05T08:19:09.358Z] Fetching changes from the remote Git repository
[2026-10-05T08:19:09.359Z]  > git config remote.origin.url https://github.com/Swaroop192005/CI-CD-Pipeline-for-a-Student-Attendance-Management.git # timeout=10
[2026-10-05T08:19:09.365Z] Fetching upstream changes from https://github.com/Swaroop192005/CI-CD-Pipeline-for-a-Student-Attendance-Management.git
[2026-10-05T08:19:09.365Z]  > git --version # timeout=10
[2026-10-05T08:19:09.373Z]  > git --version # 'git version 2.47.3'
[2026-10-05T08:19:09.373Z]  > git fetch --tags --force --progress -- https://github.com/Swaroop192005/CI-CD-Pipeline-for-a-Student-Attendance-Management.git +refs/heads/*:refs/remotes/origin/* # timeout=10
[2026-10-05T08:19:09.886Z]  > git rev-parse refs/remotes/origin/develop^{commit} # timeout=10
[2026-10-05T08:19:09.892Z] Checking out Revision c5dcba32cfab80317336ea865c50bda07b3a6c7a (refs/remotes/origin/develop)
[2026-10-05T08:19:09.892Z]  > git config core.sparsecheckout # timeout=10
[2026-10-05T08:19:09.897Z]  > git checkout -f c5dcba32cfab80317336ea865c50bda07b3a6c7a # timeout=10
[2026-10-05T08:19:09.909Z] Commit message: "Merge pull request #17 from feature/docker-image"
[2026-10-05T08:19:09.910Z]  > git rev-list --no-walk 2b5c3f32d4c1392989c9d6dadff5cc8579ca8d08 # timeout=10
[2026-10-05T08:19:09.929Z] [Pipeline] }
[2026-10-05T08:19:09.945Z] [Pipeline] // stage
[2026-10-05T08:19:09.959Z] [Pipeline] withEnv
[2026-10-05T08:19:09.961Z] [Pipeline] {
[2026-10-05T08:19:09.991Z] [Pipeline] withEnv
[2026-10-05T08:19:09.993Z] [Pipeline] {
[2026-10-05T08:19:10.006Z] [Pipeline] timestamps
[2026-10-05T08:19:10.006Z] The timestamps step is unnecessary when timestamps are enabled for all Pipeline builds.
[2026-10-05T08:19:10.007Z] [Pipeline] {
[2026-10-05T08:19:10.020Z] [Pipeline] timeout
[2026-10-05T08:19:10.021Z] Timeout set to expire in 40 min
[2026-10-05T08:19:10.022Z] [Pipeline] {
[2026-10-05T08:19:10.038Z] [Pipeline] stage
[2026-10-05T08:19:10.040Z] [Pipeline] { (Checkout)
[2026-10-05T08:19:10.070Z] [Pipeline] checkout
[2026-10-05T08:19:10.073Z] Selected Git installation does not exist. Using Default
[2026-10-05T08:19:10.073Z] The recommended git tool is: NONE
[2026-10-05T08:19:10.073Z] No credentials specified
[2026-10-05T08:19:10.073Z]  > git rev-parse --resolve-git-dir /var/jenkins_home/jobs/attendance-portal-pipeline/workspace/.git # timeout=10
[2026-10-05T08:19:10.079Z] Fetching changes from the remote Git repository
[2026-10-05T08:19:10.081Z]  > git config remote.origin.url https://github.com/Swaroop192005/CI-CD-Pipeline-for-a-Student-Attendance-Management.git # timeout=10
[2026-10-05T08:19:10.087Z] Fetching upstream changes from https://github.com/Swaroop192005/CI-CD-Pipeline-for-a-Student-Attendance-Management.git
[2026-10-05T08:19:10.087Z]  > git --version # timeout=10
[2026-10-05T08:19:10.092Z]  > git --version # 'git version 2.47.3'
[2026-10-05T08:19:10.093Z]  > git fetch --tags --force --progress -- https://github.com/Swaroop192005/CI-CD-Pipeline-for-a-Student-Attendance-Management.git +refs/heads/*:refs/remotes/origin/* # timeout=10
[2026-10-05T08:19:10.456Z]  > git rev-parse refs/remotes/origin/develop^{commit} # timeout=10
[2026-10-05T08:19:10.464Z] Checking out Revision c5dcba32cfab80317336ea865c50bda07b3a6c7a (refs/remotes/origin/develop)
[2026-10-05T08:19:10.464Z]  > git config core.sparsecheckout # timeout=10
[2026-10-05T08:19:10.469Z]  > git checkout -f c5dcba32cfab80317336ea865c50bda07b3a6c7a # timeout=10
[2026-10-05T08:19:10.480Z] Commit message: "Merge pull request #17 from feature/docker-image"
[2026-10-05T08:19:10.494Z] [Pipeline] script
[2026-10-05T08:19:10.501Z] [Pipeline] {
[2026-10-05T08:19:10.520Z] [Pipeline] sh
[2026-10-05T08:19:10.778Z] + git rev-parse --short HEAD
[2026-10-05T08:19:10.799Z] [Pipeline] sh
[2026-10-05T08:19:11.059Z] + git rev-parse --abbrev-ref HEAD
[2026-10-05T08:19:11.098Z] [Pipeline] echo
[2026-10-05T08:19:11.099Z] Building 1.0.13-c5dcba3 from HEAD (c5dcba3)
[2026-10-05T08:19:11.102Z] [Pipeline] echo
[2026-10-05T08:19:11.104Z] Deployment target container: attendance-tomcat-staging
[2026-10-05T08:19:11.105Z] [Pipeline] }
[2026-10-05T08:19:11.175Z] [Pipeline] // script
[2026-10-05T08:19:11.181Z] [Pipeline] }
[2026-10-05T08:19:11.197Z] [Pipeline] // stage
[2026-10-05T08:19:11.211Z] [Pipeline] stage
[2026-10-05T08:19:11.214Z] [Pipeline] { (Build)
[2026-10-05T08:19:11.233Z] [Pipeline] sh
[2026-10-05T08:19:11.490Z] + /opt/maven/bin/mvn -B -DskipTests clean compile
[2026-10-05T08:19:12.834Z] [INFO] Scanning for projects...
[2026-10-05T08:19:13.085Z] [INFO] ------------------------------------------------------------------------
[2026-10-05T08:19:13.085Z] [INFO] Reactor Build Order:
[2026-10-05T08:19:13.085Z] [INFO] 
[2026-10-05T08:19:13.085Z] [INFO] Student Attendance Management Portal                               [pom]
[2026-10-05T08:19:13.085Z] [INFO] Attendance Portal :: Application                                   [war]
[2026-10-05T08:19:13.085Z] [INFO] Attendance Portal :: Selenium suite                                [jar]
[2026-10-05T08:19:13.085Z] [INFO] 
[2026-10-05T08:19:13.085Z] [INFO] ----------< com.college.attendance:attendance-portal-parent >-----------
[2026-10-05T08:19:13.085Z] [INFO] Building Student Attendance Management Portal 1.0.0-SNAPSHOT       [1/3]
[2026-10-05T08:19:13.085Z] [INFO]   from pom.xml
[2026-10-05T08:19:13.085Z] [INFO] --------------------------------[ pom ]---------------------------------
[2026-10-05T08:19:13.335Z] [INFO] 
[2026-10-05T08:19:13.335Z] [INFO] --- clean:3.4.1:clean (default-clean) @ attendance-portal-parent ---
[2026-10-05T08:19:13.335Z] [INFO] 
[2026-10-05T08:19:13.335Z] [INFO] ---------------< com.college.attendance:attendance-app >----------------
[2026-10-05T08:19:13.335Z] [INFO] Building Attendance Portal :: Application 1.0.0-SNAPSHOT           [2/3]
[2026-10-05T08:19:13.335Z] [INFO]   from app/pom.xml
[2026-10-05T08:19:13.335Z] [INFO] --------------------------------[ war ]---------------------------------
[2026-10-05T08:19:13.890Z] [INFO] 
[2026-10-05T08:19:13.890Z] [INFO] --- clean:3.4.1:clean (default-clean) @ attendance-app ---
[2026-10-05T08:19:13.890Z] [INFO] 
[2026-10-05T08:19:13.890Z] [INFO] --- jacoco:0.8.13:prepare-agent (prepare-agent) @ attendance-app ---
[2026-10-05T08:19:13.890Z] [INFO] argLine set to -javaagent:/root/.m2/repository/org/jacoco/org.jacoco.agent/0.8.13/org.jacoco.agent-0.8.13-runtime.jar=destfile=/var/jenkins_home/jobs/attendance-portal-pipeline/workspace/app/target/jacoco.exec
[2026-10-05T08:19:13.890Z] [INFO] 
[2026-10-05T08:19:13.890Z] [INFO] --- resources:3.3.1:resources (default-resources) @ attendance-app ---
[2026-10-05T08:19:13.890Z] [INFO] Copying 1 resource from src/main/resources to target/classes
[2026-10-05T08:19:13.890Z] [INFO] Copying 10 resources from src/main/resources to target/classes
[2026-10-05T08:19:13.890Z] [INFO] 
[2026-10-05T08:19:13.890Z] [INFO] --- compiler:3.14.1:compile (default-compile) @ attendance-app ---
[2026-10-05T08:19:14.141Z] [INFO] Recompiling the module because of changed source code.
[2026-10-05T08:19:14.141Z] [INFO] Compiling 39 source files with javac [debug parameters release 21] to target/classes
[2026-10-05T08:19:15.484Z] [INFO] 
[2026-10-05T08:19:15.484Z] [INFO] ----------< com.college.attendance:attendance-selenium-tests >----------
[2026-10-05T08:19:15.484Z] [INFO] Building Attendance Portal :: Selenium suite 1.0.0-SNAPSHOT        [3/3]
[2026-10-05T08:19:15.484Z] [INFO]   from selenium-tests/pom.xml
[2026-10-05T08:19:15.484Z] [INFO] --------------------------------[ jar ]---------------------------------
[2026-10-05T08:19:15.484Z] [INFO] 
[2026-10-05T08:19:15.484Z] [INFO] --- clean:3.4.1:clean (default-clean) @ attendance-selenium-tests ---
[2026-10-05T08:19:15.484Z] [INFO] 
[2026-10-05T08:19:15.484Z] [INFO] --- resources:3.3.1:resources (default-resources) @ attendance-selenium-tests ---
[2026-10-05T08:19:15.484Z] [INFO] skip non existing resourceDirectory /var/jenkins_home/jobs/attendance-portal-pipeline/workspace/selenium-tests/src/main/resources
[2026-10-05T08:19:15.484Z] [INFO] skip non existing resourceDirectory /var/jenkins_home/jobs/attendance-portal-pipeline/workspace/selenium-tests/src/main/resources
[2026-10-05T08:19:15.484Z] [INFO] 
[2026-10-05T08:19:15.484Z] [INFO] --- compiler:3.14.1:compile (default-compile) @ attendance-selenium-tests ---
[2026-10-05T08:19:15.484Z] [INFO] No sources to compile
[2026-10-05T08:19:15.484Z] [INFO] ------------------------------------------------------------------------
[2026-10-05T08:19:15.484Z] [INFO] Reactor Summary for Student Attendance Management Portal 1.0.0-SNAPSHOT:
[2026-10-05T08:19:15.484Z] [INFO] 
[2026-10-05T08:19:15.484Z] [INFO] Student Attendance Management Portal ............... SUCCESS [  0.132 s]
[2026-10-05T08:19:15.484Z] [INFO] Attendance Portal :: Application ................... SUCCESS [  2.070 s]
[2026-10-05T08:19:15.484Z] [INFO] Attendance Portal :: Selenium suite ................ SUCCESS [  0.064 s]
[2026-10-05T08:19:15.484Z] [INFO] ------------------------------------------------------------------------
[2026-10-05T08:19:15.484Z] [INFO] BUILD SUCCESS
[2026-10-05T08:19:15.484Z] [INFO] ------------------------------------------------------------------------
[2026-10-05T08:19:15.484Z] [INFO] Total time:  2.567 s
[2026-10-05T08:19:15.484Z] [INFO] Finished at: 2026-10-05T08:19:15Z
[2026-10-05T08:19:15.484Z] [INFO] ------------------------------------------------------------------------
[2026-10-05T08:19:15.491Z] [Pipeline] }
[2026-10-05T08:19:15.506Z] [Pipeline] // stage
[2026-10-05T08:19:15.515Z] [Pipeline] stage
[2026-10-05T08:19:15.517Z] [Pipeline] { (Unit test)
[2026-10-05T08:19:15.533Z] [Pipeline] sh
[2026-10-05T08:19:15.788Z] + /opt/maven/bin/mvn -B test
[2026-10-05T08:19:17.133Z] [INFO] Scanning for projects...
[2026-10-05T08:19:17.383Z] [INFO] ------------------------------------------------------------------------
[2026-10-05T08:19:17.383Z] [INFO] Reactor Build Order:
[2026-10-05T08:19:17.383Z] [INFO] 
[2026-10-05T08:19:17.383Z] [INFO] Student Attendance Management Portal                               [pom]
[2026-10-05T08:19:17.383Z] [INFO] Attendance Portal :: Application                                   [war]
[2026-10-05T08:19:17.383Z] [INFO] Attendance Portal :: Selenium suite                                [jar]
[2026-10-05T08:19:17.383Z] [INFO] 
[2026-10-05T08:19:17.383Z] [INFO] ----------< com.college.attendance:attendance-portal-parent >-----------
[2026-10-05T08:19:17.383Z] [INFO] Building Student Attendance Management Portal 1.0.0-SNAPSHOT       [1/3]
[2026-10-05T08:19:17.383Z] [INFO]   from pom.xml
[2026-10-05T08:19:17.383Z] [INFO] --------------------------------[ pom ]---------------------------------
[2026-10-05T08:19:17.383Z] [INFO] 
[2026-10-05T08:19:17.383Z] [INFO] ---------------< com.college.attendance:attendance-app >----------------
[2026-10-05T08:19:17.383Z] [INFO] Building Attendance Portal :: Application 1.0.0-SNAPSHOT           [2/3]
[2026-10-05T08:19:17.383Z] [INFO]   from app/pom.xml
[2026-10-05T08:19:17.383Z] [INFO] --------------------------------[ war ]---------------------------------
[2026-10-05T08:19:17.934Z] [INFO] 
[2026-10-05T08:19:17.934Z] [INFO] --- jacoco:0.8.13:prepare-agent (prepare-agent) @ attendance-app ---
[2026-10-05T08:19:17.934Z] [INFO] argLine set to -javaagent:/root/.m2/repository/org/jacoco/org.jacoco.agent/0.8.13/org.jacoco.agent-0.8.13-runtime.jar=destfile=/var/jenkins_home/jobs/attendance-portal-pipeline/workspace/app/target/jacoco.exec
[2026-10-05T08:19:17.934Z] [INFO] 
[2026-10-05T08:19:17.934Z] [INFO] --- resources:3.3.1:resources (default-resources) @ attendance-app ---
[2026-10-05T08:19:18.187Z] [INFO] Copying 1 resource from src/main/resources to target/classes
[2026-10-05T08:19:18.187Z] [INFO] Copying 10 resources from src/main/resources to target/classes
[2026-10-05T08:19:18.187Z] [INFO] 
[2026-10-05T08:19:18.187Z] [INFO] --- compiler:3.14.1:compile (default-compile) @ attendance-app ---
[2026-10-05T08:19:18.187Z] [INFO] Nothing to compile - all classes are up to date.
[2026-10-05T08:19:18.187Z] [INFO] 
[2026-10-05T08:19:18.187Z] [INFO] --- resources:3.3.1:testResources (default-testResources) @ attendance-app ---
[2026-10-05T08:19:18.187Z] [INFO] Copying 1 resource from src/test/resources to target/test-classes
[2026-10-05T08:19:18.187Z] [INFO] 
[2026-10-05T08:19:18.187Z] [INFO] --- compiler:3.14.1:testCompile (default-testCompile) @ attendance-app ---
[2026-10-05T08:19:18.187Z] [INFO] Recompiling the module because of changed source code.
[2026-10-05T08:19:18.187Z] [INFO] Compiling 10 source files with javac [debug parameters release 21] to target/test-classes
[2026-10-05T08:19:20.051Z] [INFO] 
[2026-10-05T08:19:20.051Z] [INFO] --- surefire:3.5.6:test (default-test) @ attendance-app ---
[2026-10-05T08:19:20.051Z] [INFO] Using auto detected provider org.apache.maven.surefire.junitplatform.JUnitPlatformProvider
[2026-10-05T08:19:20.051Z] [INFO] 
[2026-10-05T08:19:20.051Z] [INFO] -------------------------------------------------------
[2026-10-05T08:19:20.051Z] [INFO]  T E S T S
[2026-10-05T08:19:20.051Z] [INFO] -------------------------------------------------------
[2026-10-05T08:19:21.397Z] [INFO] Running com.college.attendance.config.CurrentUserTest
[2026-10-05T08:19:21.647Z] 08:19:21.503 [main] INFO org.springframework.test.context.support.AnnotationConfigContextLoaderUtils -- Could not detect default configuration classes for test class [com.college.attendance.config.CurrentUserTest]: CurrentUserTest does not declare any static, non-private, non-final, nested classes annotated with @Configuration.
[2026-10-05T08:19:21.898Z] 08:19:21.750 [main] INFO org.springframework.boot.test.context.SpringBootTestContextBootstrapper -- Found @SpringBootConfiguration com.college.attendance.AttendancePortalApplication for test class com.college.attendance.config.CurrentUserTest
[2026-10-05T08:19:22.814Z] 
[2026-10-05T08:19:22.814Z]   .   ____          _            __ _ _
[2026-10-05T08:19:22.814Z]  /\\ / ___'_ __ _ _(_)_ __  __ _ \ \ \ \
[2026-10-05T08:19:22.814Z] ( ( )\___ | '_ | '_| | '_ \/ _` | \ \ \ \
[2026-10-05T08:19:22.814Z]  \\/  ___)| |_)| | | | | || (_| |  ) ) ) )
[2026-10-05T08:19:22.814Z]   '  |____| .__|_| |_|_| |_\__, | / / / /
[2026-10-05T08:19:22.814Z]  =========|_|==============|___/=/_/_/_/
[2026-10-05T08:19:22.814Z] 
[2026-10-05T08:19:22.814Z]  :: Spring Boot ::               (v3.5.16)
[2026-10-05T08:19:22.814Z] 
[2026-10-05T08:19:22.814Z] 2026-10-05T08:19:22.706Z  INFO 14497 --- [attendance-portal] [           main] c.c.attendance.config.CurrentUserTest    : Starting CurrentUserTest using Java 21.0.12.1 with PID 14497 (started by root in /var/jenkins_home/jobs/attendance-portal-pipeline/workspace/app)
[2026-10-05T08:19:22.814Z] 2026-10-05T08:19:22.708Z  INFO 14497 --- [attendance-portal] [           main] c.c.attendance.config.CurrentUserTest    : The following 1 profile is active: "test"
[2026-10-05T08:19:24.676Z] 2026-10-05T08:19:24.306Z  INFO 14497 --- [attendance-portal] [           main] .s.d.r.c.RepositoryConfigurationDelegate : Bootstrapping Spring Data JPA repositories in DEFAULT mode.
[2026-10-05T08:19:24.676Z] 2026-10-05T08:19:24.407Z  INFO 14497 --- [attendance-portal] [           main] .s.d.r.c.RepositoryConfigurationDelegate : Finished Spring Data repository scanning in 85 ms. Found 3 JPA repository interfaces.
[2026-10-05T08:19:25.231Z] 2026-10-05T08:19:25.191Z  INFO 14497 --- [attendance-portal] [           main] o.hibernate.jpa.internal.util.LogHelper  : HHH000204: Processing PersistenceUnitInfo [name: default]
[2026-10-05T08:19:25.482Z] 2026-10-05T08:19:25.305Z  INFO 14497 --- [attendance-portal] [           main] org.hibernate.Version                    : HHH000412: Hibernate ORM core version 6.6.53.Final
[2026-10-05T08:19:25.482Z] 2026-10-05T08:19:25.363Z  INFO 14497 --- [attendance-portal] [           main] o.h.c.internal.RegionFactoryInitiator    : HHH000026: Second-level cache disabled
[2026-10-05T08:19:26.036Z] 2026-10-05T08:19:25.830Z  INFO 14497 --- [attendance-portal] [           main] o.s.o.j.p.SpringPersistenceUnitInfo      : No LoadTimeWeaver setup: ignoring JPA class transformer
[2026-10-05T08:19:26.036Z] 2026-10-05T08:19:25.922Z  INFO 14497 --- [attendance-portal] [           main] com.zaxxer.hikari.HikariDataSource       : HikariPool-1 - Starting...
[2026-10-05T08:19:26.589Z] 2026-10-05T08:19:26.421Z  INFO 14497 --- [attendance-portal] [           main] com.zaxxer.hikari.pool.HikariPool        : HikariPool-1 - Added connection conn0: url=jdbc:h2:mem:attendance-test user=SA
[2026-10-05T08:19:26.589Z] 2026-10-05T08:19:26.425Z  INFO 14497 --- [attendance-portal] [           main] com.zaxxer.hikari.HikariDataSource       : HikariPool-1 - Start completed.
[2026-10-05T08:19:26.840Z] 2026-10-05T08:19:26.525Z  INFO 14497 --- [attendance-portal] [           main] org.hibernate.orm.connections.pooling    : HHH10001005: Database info:
[2026-10-05T08:19:26.840Z] 	Database JDBC URL [Connecting through datasource 'HikariDataSource (HikariPool-1)']
[2026-10-05T08:19:26.840Z] 	Database driver: undefined/unknown
[2026-10-05T08:19:26.840Z] 	Database version: 2.3.232
[2026-10-05T08:19:26.840Z] 	Autocommit mode: undefined/unknown
[2026-10-05T08:19:26.840Z] 	Isolation level: undefined/unknown
[2026-10-05T08:19:26.840Z] 	Minimum pool size: undefined/unknown
[2026-10-05T08:19:26.840Z] 	Maximum pool size: undefined/unknown
[2026-10-05T08:19:28.702Z] 2026-10-05T08:19:28.170Z  INFO 14497 --- [attendance-portal] [           main] o.h.e.t.j.p.i.JtaPlatformInitiator       : HHH000489: No JTA platform available (set 'hibernate.transaction.jta.platform' to enable JTA platform integration)
[2026-10-05T08:19:28.702Z] 2026-10-05T08:19:28.263Z  INFO 14497 --- [attendance-portal] [           main] j.LocalContainerEntityManagerFactoryBean : Initialized JPA EntityManagerFactory for persistence unit 'default'
[2026-10-05T08:19:29.253Z] 2026-10-05T08:19:28.955Z  INFO 14497 --- [attendance-portal] [           main] o.s.d.j.r.query.QueryEnhancerFactory     : Hibernate is in classpath; If applicable, HQL parser will be used.
[2026-10-05T08:19:29.804Z] 2026-10-05T08:19:29.633Z  INFO 14497 --- [attendance-portal] [           main] c.college.attendance.config.DataSeeder   : Seeding disabled (attendance.seed-data=false)
[2026-10-05T08:19:30.055Z] 2026-10-05T08:19:29.942Z  INFO 14497 --- [attendance-portal] [           main] r$InitializeUserDetailsManagerConfigurer : Global AuthenticationManager configured with UserDetailsService bean with name databaseUserDetailsService
[2026-10-05T08:19:30.966Z] 2026-10-05T08:19:30.632Z  INFO 14497 --- [attendance-portal] [           main] o.s.b.a.e.web.EndpointLinksResolver      : Exposing 2 endpoints beneath base path '/actuator'
[2026-10-05T08:19:31.517Z] 2026-10-05T08:19:31.370Z  INFO 14497 --- [attendance-portal] [           main] c.c.attendance.config.CurrentUserTest    : Started CurrentUserTest in 9.319 seconds (process running for 11.324)
[2026-10-05T08:19:31.768Z] Mockito is currently self-attaching to enable the inline-mock-maker. This will no longer work in future releases of the JDK. Please add Mockito as an agent to your build as described in Mockito's documentation: https://javadoc.io/doc/org.mockito/mockito-core/latest/org.mockito/org/mockito/Mockito.html#0.3
[2026-10-05T08:19:32.019Z] WARNING: A Java agent has been loaded dynamically (/root/.m2/repository/net/bytebuddy/byte-buddy-agent/1.17.8/byte-buddy-agent-1.17.8.jar)
[2026-10-05T08:19:32.019Z] WARNING: If a serviceability tool is in use, please run with -XX:+EnableDynamicAgentLoading to hide this warning
[2026-10-05T08:19:32.019Z] WARNING: If a serviceability tool is not in use, please run with -Djdk.instrument.traceUsage for more information
[2026-10-05T08:19:32.019Z] WARNING: Dynamic loading of agents will be disallowed by default in a future release
[2026-10-05T08:19:32.569Z] [INFO] Tests run: 5, Failures: 0, Errors: 0, Skipped: 0, Time elapsed: 11.28 s -- in com.college.attendance.config.CurrentUserTest
[2026-10-05T08:19:32.569Z] [INFO] Running com.college.attendance.repository.AttendanceRecordRepositoryTest
[2026-10-05T08:19:32.569Z] 2026-10-05T08:19:32.471Z  INFO 14497 --- [attendance-portal] [           main] t.c.s.AnnotationConfigContextLoaderUtils : Could not detect default configuration classes for test class [com.college.attendance.repository.AttendanceRecordRepositoryTest]: AttendanceRecordRepositoryTest does not declare any static, non-private, non-final, nested classes annotated with @Configuration.
[2026-10-05T08:19:32.820Z] 2026-10-05T08:19:32.493Z  INFO 14497 --- [attendance-portal] [           main] .b.t.c.SpringBootTestContextBootstrapper : Found @SpringBootConfiguration com.college.attendance.AttendancePortalApplication for test class com.college.attendance.repository.AttendanceRecordRepositoryTest
[2026-10-05T08:19:32.820Z] 
[2026-10-05T08:19:32.820Z]   .   ____          _            __ _ _
[2026-10-05T08:19:32.820Z]  /\\ / ___'_ __ _ _(_)_ __  __ _ \ \ \ \
[2026-10-05T08:19:32.820Z] ( ( )\___ | '_ | '_| | '_ \/ _` | \ \ \ \
[2026-10-05T08:19:32.820Z]  \\/  ___)| |_)| | | | | || (_| |  ) ) ) )
[2026-10-05T08:19:32.820Z]   '  |____| .__|_| |_|_| |_\__, | / / / /
[2026-10-05T08:19:32.820Z]  =========|_|==============|___/=/_/_/_/
[2026-10-05T08:19:32.820Z] 
[2026-10-05T08:19:32.820Z]  :: Spring Boot ::               (v3.5.16)
[2026-10-05T08:19:32.820Z] 
[2026-10-05T08:19:32.820Z] 2026-10-05T08:19:32.555Z  INFO 14497 --- [attendance-portal] [           main] c.c.a.r.AttendanceRecordRepositoryTest   : Starting AttendanceRecordRepositoryTest using Java 21.0.12.1 with PID 14497 (started by root in /var/jenkins_home/jobs/attendance-portal-pipeline/workspace/app)
[2026-10-05T08:19:32.820Z] 2026-10-05T08:19:32.555Z  INFO 14497 --- [attendance-portal] [           main] c.c.a.r.AttendanceRecordRepositoryTest   : The following 1 profile is active: "test"
[2026-10-05T08:19:32.820Z] 2026-10-05T08:19:32.625Z  INFO 14497 --- [attendance-portal] [           main] .s.d.r.c.RepositoryConfigurationDelegate : Bootstrapping Spring Data JPA repositories in DEFAULT mode.
[2026-10-05T08:19:32.820Z] 2026-10-05T08:19:32.634Z  INFO 14497 --- [attendance-portal] [           main] .s.d.r.c.RepositoryConfigurationDelegate : Finished Spring Data repository scanning in 7 ms. Found 3 JPA repository interfaces.
[2026-10-05T08:19:32.820Z] 2026-10-05T08:19:32.649Z  INFO 14497 --- [attendance-portal] [           main] beddedDataSourceBeanFactoryPostProcessor : Replacing 'dataSource' DataSource bean with embedded version
[2026-10-05T08:19:32.820Z] 2026-10-05T08:19:32.674Z  INFO 14497 --- [attendance-portal] [           main] o.s.j.d.e.EmbeddedDatabaseFactory        : Starting embedded database: url='jdbc:h2:mem:137983f8-bdca-4138-96b5-b99a9daaad6e;DB_CLOSE_DELAY=-1;DB_CLOSE_ON_EXIT=false', username='sa'
[2026-10-05T08:19:32.820Z] 2026-10-05T08:19:32.702Z  INFO 14497 --- [attendance-portal] [           main] o.hibernate.jpa.internal.util.LogHelper  : HHH000204: Processing PersistenceUnitInfo [name: default]
[2026-10-05T08:19:32.820Z] 2026-10-05T08:19:32.705Z  INFO 14497 --- [attendance-portal] [           main] o.h.c.internal.RegionFactoryInitiator    : HHH000026: Second-level cache disabled
[2026-10-05T08:19:32.820Z] 2026-10-05T08:19:32.713Z  INFO 14497 --- [attendance-portal] [           main] o.s.o.j.p.SpringPersistenceUnitInfo      : No LoadTimeWeaver setup: ignoring JPA class transformer
[2026-10-05T08:19:32.820Z] 2026-10-05T08:19:32.716Z  INFO 14497 --- [attendance-portal] [           main] org.hibernate.orm.connections.pooling    : HHH10001005: Database info:
[2026-10-05T08:19:32.820Z] 	Database JDBC URL [Connecting through datasource 'org.springframework.jdbc.datasource.embedded.EmbeddedDatabaseFactory$EmbeddedDataSourceProxy@18e1d318']
[2026-10-05T08:19:32.820Z] 	Database driver: undefined/unknown
[2026-10-05T08:19:32.820Z] 	Database version: 2.3.232
[2026-10-05T08:19:32.820Z] 	Autocommit mode: undefined/unknown
[2026-10-05T08:19:32.820Z] 	Isolation level: undefined/unknown
[2026-10-05T08:19:32.820Z] 	Minimum pool size: undefined/unknown
[2026-10-05T08:19:32.820Z] 	Maximum pool size: undefined/unknown
[2026-10-05T08:19:32.820Z] 2026-10-05T08:19:32.772Z  INFO 14497 --- [attendance-portal] [           main] o.h.e.t.j.p.i.JtaPlatformInitiator       : HHH000489: No JTA platform available (set 'hibernate.transaction.jta.platform' to enable JTA platform integration)
[2026-10-05T08:19:32.820Z] Hibernate: drop table if exists app_user cascade 
[2026-10-05T08:19:32.820Z] Hibernate: drop table if exists attendance_record cascade 
[2026-10-05T08:19:32.820Z] Hibernate: drop table if exists student cascade 
[2026-10-05T08:19:32.820Z] Hibernate: create table app_user (enabled boolean not null, id bigint generated by default as identity, linked_roll_number varchar(32), username varchar(64) not null unique, password_hash varchar(100) not null, display_name varchar(120) not null, role enum ('ADMIN','FACULTY','HOD','STUDENT') not null, primary key (id))
[2026-10-05T08:19:32.820Z] Hibernate: create table attendance_record (period_number integer not null, session_date date not null, created_at timestamp(6) with time zone not null, id bigint generated by default as identity, reviewed_at timestamp(6) with time zone, student_id bigint not null, updated_at timestamp(6) with time zone, subject_code varchar(16) not null, marked_by varchar(64) not null, reviewed_by varchar(64), remarks varchar(500), review_comment varchar(500), attendance_status enum ('ABSENT','EXCUSED','LATE','PRESENT') not null, workflow_status enum ('APPROVED','DRAFT','REJECTED','SUBMITTED') not null, primary key (id), constraint uk_attendance_student_subject_date_period unique (student_id, subject_code, session_date, period_number))
[2026-10-05T08:19:32.820Z] Hibernate: create table student (active boolean not null, semester integer not null check ((semester>=1) and (semester<=8)), id bigint generated by default as identity, roll_number varchar(32) not null unique, department varchar(80) not null, full_name varchar(120) not null, email varchar(160), primary key (id))
[2026-10-05T08:19:32.820Z] Hibernate: create index idx_attendance_session_date on attendance_record (session_date)
[2026-10-05T08:19:32.820Z] Hibernate: create index idx_attendance_workflow_status on attendance_record (workflow_status)
[2026-10-05T08:19:32.820Z] Hibernate: create index idx_attendance_subject_code on attendance_record (subject_code)
[2026-10-05T08:19:33.073Z] Hibernate: alter table if exists attendance_record add constraint FK9p10lf3n7tcuouo29ery5obq6 foreign key (student_id) references student
[2026-10-05T08:19:33.073Z] 2026-10-05T08:19:32.788Z  INFO 14497 --- [attendance-portal] [           main] j.LocalContainerEntityManagerFactoryBean : Initialized JPA EntityManagerFactory for persistence unit 'default'
[2026-10-05T08:19:33.073Z] 2026-10-05T08:19:32.852Z  INFO 14497 --- [attendance-portal] [           main] c.c.a.r.AttendanceRecordRepositoryTest   : Started AttendanceRecordRepositoryTest in 0.356 seconds (process running for 12.807)
[2026-10-05T08:19:33.073Z] Hibernate: insert into student (active,department,email,full_name,roll_number,semester,id) values (?,?,?,?,?,?,default)
[2026-10-05T08:19:33.073Z] Hibernate: insert into attendance_record (attendance_status,created_at,marked_by,period_number,remarks,review_comment,reviewed_at,reviewed_by,session_date,student_id,subject_code,updated_at,workflow_status,id) values (?,?,?,?,?,?,?,?,?,?,?,?,?,default)
[2026-10-05T08:19:33.073Z] Hibernate: select ar1_0.id from attendance_record ar1_0 join student s1_0 on s1_0.id=ar1_0.student_id where s1_0.roll_number=? and ar1_0.subject_code=? and ar1_0.session_date=? and ar1_0.period_number=? fetch first ? rows only
[2026-10-05T08:19:33.073Z] Hibernate: select ar1_0.id from attendance_record ar1_0 join student s1_0 on s1_0.id=ar1_0.student_id where s1_0.roll_number=? and ar1_0.subject_code=? and ar1_0.session_date=? and ar1_0.period_number=? fetch first ? rows only
[2026-10-05T08:19:33.073Z] Hibernate: insert into student (active,department,email,full_name,roll_number,semester,id) values (?,?,?,?,?,?,default)
[2026-10-05T08:19:33.073Z] Hibernate: insert into attendance_record (attendance_status,created_at,marked_by,period_number,remarks,review_comment,reviewed_at,reviewed_by,session_date,student_id,subject_code,updated_at,workflow_status,id) values (?,?,?,?,?,?,?,?,?,?,?,?,?,default)
[2026-10-05T08:19:33.073Z] Hibernate: insert into attendance_record (attendance_status,created_at,marked_by,period_number,remarks,review_comment,reviewed_at,reviewed_by,session_date,student_id,subject_code,updated_at,workflow_status,id) values (?,?,?,?,?,?,?,?,?,?,?,?,?,default)
[2026-10-05T08:19:33.073Z] 2026-10-05T08:19:32.939Z  WARN 14497 --- [attendance-portal] [           main] o.h.engine.jdbc.spi.SqlExceptionHelper   : SQL Error: 23505, SQLState: 23505
[2026-10-05T08:19:33.073Z] 2026-10-05T08:19:32.940Z ERROR 14497 --- [attendance-portal] [           main] o.h.engine.jdbc.spi.SqlExceptionHelper   : Unique index or primary key violation: "PUBLIC.UK_ATTENDANCE_STUDENT_SUBJECT_DATE_PERIOD_INDEX_C ON PUBLIC.ATTENDANCE_RECORD(STUDENT_ID NULLS FIRST, SUBJECT_CODE NULLS FIRST, SESSION_DATE NULLS FIRST, PERIOD_NUMBER NULLS FIRST) VALUES ( /* key:2 */ CAST(2 AS BIGINT), 'CS501', DATE '2026-10-04', 1)"; SQL statement:
[2026-10-05T08:19:33.073Z] insert into attendance_record (attendance_status,created_at,marked_by,period_number,remarks,review_comment,reviewed_at,reviewed_by,session_date,student_id,subject_code,updated_at,workflow_status,id) values (?,?,?,?,?,?,?,?,?,?,?,?,?,default) [23505-232]
[2026-10-05T08:19:33.073Z] Hibernate: insert into student (active,department,email,full_name,roll_number,semester,id) values (?,?,?,?,?,?,default)
[2026-10-05T08:19:33.073Z] Hibernate: insert into attendance_record (attendance_status,created_at,marked_by,period_number,remarks,review_comment,reviewed_at,reviewed_by,session_date,student_id,subject_code,updated_at,workflow_status,id) values (?,?,?,?,?,?,?,?,?,?,?,?,?,default)
[2026-10-05T08:19:33.073Z] Hibernate: insert into attendance_record (attendance_status,created_at,marked_by,period_number,remarks,review_comment,reviewed_at,reviewed_by,session_date,student_id,subject_code,updated_at,workflow_status,id) values (?,?,?,?,?,?,?,?,?,?,?,?,?,default)
[2026-10-05T08:19:33.073Z] Hibernate: insert into attendance_record (attendance_status,created_at,marked_by,period_number,remarks,review_comment,reviewed_at,reviewed_by,session_date,student_id,subject_code,updated_at,workflow_status,id) values (?,?,?,?,?,?,?,?,?,?,?,?,?,default)
[2026-10-05T08:19:33.073Z] Hibernate: select distinct ar1_0.subject_code from attendance_record ar1_0 order by ar1_0.subject_code
[2026-10-05T08:19:33.073Z] Hibernate: insert into student (active,department,email,full_name,roll_number,semester,id) values (?,?,?,?,?,?,default)
[2026-10-05T08:19:33.073Z] Hibernate: insert into attendance_record (attendance_status,created_at,marked_by,period_number,remarks,review_comment,reviewed_at,reviewed_by,session_date,student_id,subject_code,updated_at,workflow_status,id) values (?,?,?,?,?,?,?,?,?,?,?,?,?,default)
[2026-10-05T08:19:33.073Z] Hibernate: insert into attendance_record (attendance_status,created_at,marked_by,period_number,remarks,review_comment,reviewed_at,reviewed_by,session_date,student_id,subject_code,updated_at,workflow_status,id) values (?,?,?,?,?,?,?,?,?,?,?,?,?,default)
[2026-10-05T08:19:33.073Z] Hibernate: insert into attendance_record (attendance_status,created_at,marked_by,period_number,remarks,review_comment,reviewed_at,reviewed_by,session_date,student_id,subject_code,updated_at,workflow_status,id) values (?,?,?,?,?,?,?,?,?,?,?,?,?,default)
[2026-10-05T08:19:33.073Z] Hibernate: select ar1_0.id,ar1_0.attendance_status,ar1_0.created_at,ar1_0.marked_by,ar1_0.period_number,ar1_0.remarks,ar1_0.review_comment,ar1_0.reviewed_at,ar1_0.reviewed_by,ar1_0.session_date,ar1_0.student_id,ar1_0.subject_code,ar1_0.updated_at,ar1_0.workflow_status from attendance_record ar1_0 order by ar1_0.session_date desc,ar1_0.period_number fetch first ? rows only
[2026-10-05T08:19:33.073Z] Hibernate: insert into student (active,department,email,full_name,roll_number,semester,id) values (?,?,?,?,?,?,default)
[2026-10-05T08:19:33.073Z] Hibernate: insert into attendance_record (attendance_status,created_at,marked_by,period_number,remarks,review_comment,reviewed_at,reviewed_by,session_date,student_id,subject_code,updated_at,workflow_status,id) values (?,?,?,?,?,?,?,?,?,?,?,?,?,default)
[2026-10-05T08:19:33.073Z] Hibernate: insert into attendance_record (attendance_status,created_at,marked_by,period_number,remarks,review_comment,reviewed_at,reviewed_by,session_date,student_id,subject_code,updated_at,workflow_status,id) values (?,?,?,?,?,?,?,?,?,?,?,?,?,default)
[2026-10-05T08:19:33.073Z] Hibernate: insert into attendance_record (attendance_status,created_at,marked_by,period_number,remarks,review_comment,reviewed_at,reviewed_by,session_date,student_id,subject_code,updated_at,workflow_status,id) values (?,?,?,?,?,?,?,?,?,?,?,?,?,default)
[2026-10-05T08:19:33.073Z] Hibernate: select ar1_0.id,ar1_0.attendance_status,ar1_0.created_at,ar1_0.marked_by,ar1_0.period_number,ar1_0.remarks,ar1_0.review_comment,ar1_0.reviewed_at,ar1_0.reviewed_by,ar1_0.session_date,ar1_0.student_id,ar1_0.subject_code,ar1_0.updated_at,ar1_0.workflow_status from attendance_record ar1_0 order by ar1_0.session_date desc,ar1_0.period_number fetch first ? rows only
[2026-10-05T08:19:33.073Z] [INFO] Tests run: 5, Failures: 0, Errors: 0, Skipped: 0, Time elapsed: 0.572 s -- in com.college.attendance.repository.AttendanceRecordRepositoryTest
[2026-10-05T08:19:33.073Z] [INFO] Running com.college.attendance.AttendancePortalApplicationTests
[2026-10-05T08:19:33.073Z] 2026-10-05T08:19:33.043Z  INFO 14497 --- [attendance-portal] [           main] t.c.s.AnnotationConfigContextLoaderUtils : Could not detect default configuration classes for test class [com.college.attendance.AttendancePortalApplicationTests]: AttendancePortalApplicationTests does not declare any static, non-private, non-final, nested classes annotated with @Configuration.
[2026-10-05T08:19:33.073Z] 2026-10-05T08:19:33.048Z  INFO 14497 --- [attendance-portal] [           main] .b.t.c.SpringBootTestContextBootstrapper : Found @SpringBootConfiguration com.college.attendance.AttendancePortalApplication for test class com.college.attendance.AttendancePortalApplicationTests
[2026-10-05T08:19:33.324Z] [INFO] Tests run: 1, Failures: 0, Errors: 0, Skipped: 0, Time elapsed: 0.029 s -- in com.college.attendance.AttendancePortalApplicationTests
[2026-10-05T08:19:33.324Z] [INFO] Running com.college.attendance.web.AttendanceSecurityTest
[2026-10-05T08:19:33.324Z] 2026-10-05T08:19:33.076Z  INFO 14497 --- [attendance-portal] [           main] t.c.s.AnnotationConfigContextLoaderUtils : Could not detect default configuration classes for test class [com.college.attendance.web.AttendanceSecurityTest]: AttendanceSecurityTest does not declare any static, non-private, non-final, nested classes annotated with @Configuration.
[2026-10-05T08:19:33.324Z] 2026-10-05T08:19:33.084Z  INFO 14497 --- [attendance-portal] [           main] .b.t.c.SpringBootTestContextBootstrapper : Found @SpringBootConfiguration com.college.attendance.AttendancePortalApplication for test class com.college.attendance.web.AttendanceSecurityTest
[2026-10-05T08:19:33.324Z] 
[2026-10-05T08:19:33.324Z]   .   ____          _            __ _ _
[2026-10-05T08:19:33.324Z]  /\\ / ___'_ __ _ _(_)_ __  __ _ \ \ \ \
[2026-10-05T08:19:33.324Z] ( ( )\___ | '_ | '_| | '_ \/ _` | \ \ \ \
[2026-10-05T08:19:33.324Z]  \\/  ___)| |_)| | | | | || (_| |  ) ) ) )
[2026-10-05T08:19:33.324Z]   '  |____| .__|_| |_|_| |_\__, | / / / /
[2026-10-05T08:19:33.324Z]  =========|_|==============|___/=/_/_/_/
[2026-10-05T08:19:33.324Z] 
[2026-10-05T08:19:33.324Z]  :: Spring Boot ::               (v3.5.16)
[2026-10-05T08:19:33.324Z] 
[2026-10-05T08:19:33.324Z] 2026-10-05T08:19:33.108Z  INFO 14497 --- [attendance-portal] [           main] c.c.a.web.AttendanceSecurityTest         : Starting AttendanceSecurityTest using Java 21.0.12.1 with PID 14497 (started by root in /var/jenkins_home/jobs/attendance-portal-pipeline/workspace/app)
[2026-10-05T08:19:33.324Z] 2026-10-05T08:19:33.108Z  INFO 14497 --- [attendance-portal] [           main] c.c.a.web.AttendanceSecurityTest         : The following 1 profile is active: "test"
[2026-10-05T08:19:33.574Z] 2026-10-05T08:19:33.376Z  INFO 14497 --- [attendance-portal] [           main] .s.d.r.c.RepositoryConfigurationDelegate : Bootstrapping Spring Data JPA repositories in DEFAULT mode.
[2026-10-05T08:19:33.574Z] 2026-10-05T08:19:33.388Z  INFO 14497 --- [attendance-portal] [           main] .s.d.r.c.RepositoryConfigurationDelegate : Finished Spring Data repository scanning in 9 ms. Found 3 JPA repository interfaces.
[2026-10-05T08:19:33.574Z] 2026-10-05T08:19:33.482Z  INFO 14497 --- [attendance-portal] [           main] o.hibernate.jpa.internal.util.LogHelper  : HHH000204: Processing PersistenceUnitInfo [name: default]
[2026-10-05T08:19:33.574Z] 2026-10-05T08:19:33.484Z  INFO 14497 --- [attendance-portal] [           main] o.h.c.internal.RegionFactoryInitiator    : HHH000026: Second-level cache disabled
[2026-10-05T08:19:33.574Z] 2026-10-05T08:19:33.489Z  INFO 14497 --- [attendance-portal] [           main] o.s.o.j.p.SpringPersistenceUnitInfo      : No LoadTimeWeaver setup: ignoring JPA class transformer
[2026-10-05T08:19:33.825Z] 2026-10-05T08:19:33.490Z  INFO 14497 --- [attendance-portal] [           main] com.zaxxer.hikari.HikariDataSource       : HikariPool-2 - Starting...
[2026-10-05T08:19:33.825Z] 2026-10-05T08:19:33.491Z  INFO 14497 --- [attendance-portal] [           main] com.zaxxer.hikari.pool.HikariPool        : HikariPool-2 - Added connection conn19: url=jdbc:h2:mem:attendance-test user=SA
[2026-10-05T08:19:33.825Z] 2026-10-05T08:19:33.492Z  INFO 14497 --- [attendance-portal] [           main] com.zaxxer.hikari.HikariDataSource       : HikariPool-2 - Start completed.
[2026-10-05T08:19:33.825Z] 2026-10-05T08:19:33.493Z  INFO 14497 --- [attendance-portal] [           main] org.hibernate.orm.connections.pooling    : HHH10001005: Database info:
[2026-10-05T08:19:33.825Z] 	Database JDBC URL [Connecting through datasource 'HikariDataSource (HikariPool-2)']
[2026-10-05T08:19:33.825Z] 	Database driver: undefined/unknown
[2026-10-05T08:19:33.825Z] 	Database version: 2.3.232
[2026-10-05T08:19:33.825Z] 	Autocommit mode: undefined/unknown
[2026-10-05T08:19:33.825Z] 	Isolation level: undefined/unknown
[2026-10-05T08:19:33.825Z] 	Minimum pool size: undefined/unknown
[2026-10-05T08:19:33.825Z] 	Maximum pool size: undefined/unknown
[2026-10-05T08:19:33.825Z] 2026-10-05T08:19:33.537Z  INFO 14497 --- [attendance-portal] [           main] o.h.e.t.j.p.i.JtaPlatformInitiator       : HHH000489: No JTA platform available (set 'hibernate.transaction.jta.platform' to enable JTA platform integration)
[2026-10-05T08:19:33.825Z] 2026-10-05T08:19:33.552Z  INFO 14497 --- [attendance-portal] [           main] j.LocalContainerEntityManagerFactoryBean : Initialized JPA EntityManagerFactory for persistence unit 'default'
[2026-10-05T08:19:33.825Z] 2026-10-05T08:19:33.662Z  INFO 14497 --- [attendance-portal] [           main] c.college.attendance.config.DataSeeder   : Seeding disabled (attendance.seed-data=false)
[2026-10-05T08:19:33.825Z] 2026-10-05T08:19:33.729Z  INFO 14497 --- [attendance-portal] [           main] r$InitializeUserDetailsManagerConfigurer : Global AuthenticationManager configured with UserDetailsService bean with name databaseUserDetailsService
[2026-10-05T08:19:34.079Z] 2026-10-05T08:19:33.855Z  INFO 14497 --- [attendance-portal] [           main] o.s.b.a.e.web.EndpointLinksResolver      : Exposing 2 endpoints beneath base path '/actuator'
[2026-10-05T08:19:34.329Z] 2026-10-05T08:19:34.084Z  INFO 14497 --- [attendance-portal] [           main] o.s.b.t.m.w.SpringBootMockServletContext : Initializing Spring TestDispatcherServlet ''
[2026-10-05T08:19:34.329Z] 2026-10-05T08:19:34.084Z  INFO 14497 --- [attendance-portal] [           main] o.s.t.web.servlet.TestDispatcherServlet  : Initializing Servlet ''
[2026-10-05T08:19:34.329Z] 2026-10-05T08:19:34.086Z  INFO 14497 --- [attendance-portal] [           main] o.s.t.web.servlet.TestDispatcherServlet  : Completed initialization in 1 ms
[2026-10-05T08:19:34.329Z] 2026-10-05T08:19:34.113Z  INFO 14497 --- [attendance-portal] [           main] c.c.a.web.AttendanceSecurityTest         : Started AttendanceSecurityTest in 1.026 seconds (process running for 14.068)
[2026-10-05T08:19:37.559Z] [INFO] Tests run: 8, Failures: 0, Errors: 0, Skipped: 0, Time elapsed: 3.982 s -- in com.college.attendance.web.AttendanceSecurityTest
[2026-10-05T08:19:37.559Z] [INFO] Running com.college.attendance.service.WorkflowServiceTest
[2026-10-05T08:19:37.559Z] 2026-10-05T08:19:37.060Z  INFO 14497 --- [attendance-portal] [           main] t.c.s.AnnotationConfigContextLoaderUtils : Could not detect default configuration classes for test class [com.college.attendance.service.WorkflowServiceTest]: WorkflowServiceTest does not declare any static, non-private, non-final, nested classes annotated with @Configuration.
[2026-10-05T08:19:37.559Z] 2026-10-05T08:19:37.067Z  INFO 14497 --- [attendance-portal] [           main] .b.t.c.SpringBootTestContextBootstrapper : Found @SpringBootConfiguration com.college.attendance.AttendancePortalApplication for test class com.college.attendance.service.WorkflowServiceTest
[2026-10-05T08:19:37.559Z] 2026-10-05T08:19:37.099Z  INFO 14497 --- [attendance-portal] [           main] c.c.a.service.AttendanceService          : Created attendance record 1 for 1CS21CS001 in CS501 on 2026-10-04 period 1 by faculty1
[2026-10-05T08:19:37.559Z] 2026-10-05T08:19:37.106Z  INFO 14497 --- [attendance-portal] [           main] c.c.a.service.AttendanceService          : Created attendance record 2 for 1CS21CS001 in CS501 on 2026-10-04 period 2 by faculty1
[2026-10-05T08:19:37.559Z] 2026-10-05T08:19:37.124Z  INFO 14497 --- [attendance-portal] [           main] c.c.attendance.service.WorkflowService   : Record 2 moved DRAFT -> SUBMITTED by faculty1
[2026-10-05T08:19:37.559Z] [INFO] Running After a rejection
[2026-10-05T08:19:37.559Z] 2026-10-05T08:19:37.161Z  INFO 14497 --- [attendance-portal] [           main] t.c.s.AnnotationConfigContextLoaderUtils : Could not detect default configuration classes for test class [com.college.attendance.service.WorkflowServiceTest$AfterRejection]: AfterRejection does not declare any static, non-private, non-final, nested classes annotated with @Configuration.
[2026-10-05T08:19:37.559Z] 2026-10-05T08:19:37.162Z  INFO 14497 --- [attendance-portal] [           main] .b.t.c.SpringBootTestContextBootstrapper : Found @SpringBootConfiguration com.college.attendance.AttendancePortalApplication for test class com.college.attendance.service.WorkflowServiceTest$AfterRejection
[2026-10-05T08:19:37.559Z] 2026-10-05T08:19:37.191Z  INFO 14497 --- [attendance-portal] [           main] c.c.a.service.AttendanceService          : Created attendance record 3 for 1CS21CS001 in CS501 on 2026-10-04 period 1 by faculty1
[2026-10-05T08:19:37.559Z] 2026-10-05T08:19:37.197Z  INFO 14497 --- [attendance-portal] [           main] c.c.attendance.service.WorkflowService   : Record 3 moved DRAFT -> SUBMITTED by faculty1
[2026-10-05T08:19:37.559Z] 2026-10-05T08:19:37.201Z  INFO 14497 --- [attendance-portal] [           main] c.c.attendance.service.WorkflowService   : Record 3 moved SUBMITTED -> REJECTED by hod1 (Wrong period)
[2026-10-05T08:19:37.559Z] 2026-10-05T08:19:37.207Z  INFO 14497 --- [attendance-portal] [           main] c.c.attendance.service.WorkflowService   : Record 3 moved REJECTED -> SUBMITTED by faculty1
[2026-10-05T08:19:37.559Z] 2026-10-05T08:19:37.234Z  INFO 14497 --- [attendance-portal] [           main] c.c.a.service.AttendanceService          : Created attendance record 4 for 1CS21CS001 in CS501 on 2026-10-04 period 1 by faculty1
[2026-10-05T08:19:37.559Z] 2026-10-05T08:19:37.239Z  INFO 14497 --- [attendance-portal] [           main] c.c.attendance.service.WorkflowService   : Record 4 moved DRAFT -> SUBMITTED by faculty1
[2026-10-05T08:19:37.559Z] 2026-10-05T08:19:37.242Z  INFO 14497 --- [attendance-portal] [           main] c.c.attendance.service.WorkflowService   : Record 4 moved SUBMITTED -> REJECTED by hod1 (Wrong period)
[2026-10-05T08:19:37.559Z] 2026-10-05T08:19:37.256Z  INFO 14497 --- [attendance-portal] [           main] c.c.a.service.AttendanceService          : Updated attendance record 4 by faculty1 (author remains faculty1)
[2026-10-05T08:19:37.559Z] [INFO] Tests run: 3, Failures: 0, Errors: 0, Skipped: 0, Time elapsed: 0.103 s -- in After a rejection
[2026-10-05T08:19:37.559Z] [INFO] Running Reviewing a submitted record
[2026-10-05T08:19:37.559Z] 2026-10-05T08:19:37.264Z  INFO 14497 --- [attendance-portal] [           main] t.c.s.AnnotationConfigContextLoaderUtils : Could not detect default configuration classes for test class [com.college.attendance.service.WorkflowServiceTest$Reviewing]: Reviewing does not declare any static, non-private, non-final, nested classes annotated with @Configuration.
[2026-10-05T08:19:37.559Z] 2026-10-05T08:19:37.266Z  INFO 14497 --- [attendance-portal] [           main] .b.t.c.SpringBootTestContextBootstrapper : Found @SpringBootConfiguration com.college.attendance.AttendancePortalApplication for test class com.college.attendance.service.WorkflowServiceTest$Reviewing
[2026-10-05T08:19:37.559Z] 2026-10-05T08:19:37.287Z  INFO 14497 --- [attendance-portal] [           main] c.c.a.service.AttendanceService          : Created attendance record 5 for 1CS21CS001 in CS501 on 2026-10-04 period 1 by faculty1
[2026-10-05T08:19:37.559Z] 2026-10-05T08:19:37.292Z  INFO 14497 --- [attendance-portal] [           main] c.c.attendance.service.WorkflowService   : Record 5 moved DRAFT -> SUBMITTED by faculty1
[2026-10-05T08:19:37.559Z] 2026-10-05T08:19:37.295Z  INFO 14497 --- [attendance-portal] [           main] c.c.attendance.service.WorkflowService   : Record 5 moved SUBMITTED -> APPROVED by hod1
[2026-10-05T08:19:37.559Z] 2026-10-05T08:19:37.323Z  INFO 14497 --- [attendance-portal] [           main] c.c.a.service.AttendanceService          : Created attendance record 6 for 1CS21CS001 in CS501 on 2026-10-04 period 1 by faculty1
[2026-10-05T08:19:37.559Z] 2026-10-05T08:19:37.329Z  INFO 14497 --- [attendance-portal] [           main] c.c.attendance.service.WorkflowService   : Record 6 moved DRAFT -> SUBMITTED by faculty1
[2026-10-05T08:19:37.559Z] 2026-10-05T08:19:37.355Z  INFO 14497 --- [attendance-portal] [           main] c.c.a.service.AttendanceService          : Created attendance record 7 for 1CS21CS001 in CS501 on 2026-10-04 period 1 by faculty1
[2026-10-05T08:19:37.559Z] 2026-10-05T08:19:37.368Z  INFO 14497 --- [attendance-portal] [           main] c.c.attendance.service.WorkflowService   : Record 7 moved DRAFT -> SUBMITTED by faculty1
[2026-10-05T08:19:37.559Z] 2026-10-05T08:19:37.371Z  INFO 14497 --- [attendance-portal] [           main] c.c.attendance.service.WorkflowService   : Record 7 moved SUBMITTED -> APPROVED by hod1 (Cross-checked with the register)
[2026-10-05T08:19:37.559Z] 2026-10-05T08:19:37.398Z  INFO 14497 --- [attendance-portal] [           main] c.c.a.service.AttendanceService          : Created attendance record 8 for 1CS21CS001 in CS501 on 2026-10-04 period 1 by faculty1
[2026-10-05T08:19:37.559Z] 2026-10-05T08:19:37.403Z  INFO 14497 --- [attendance-portal] [           main] c.c.attendance.service.WorkflowService   : Record 8 moved DRAFT -> SUBMITTED by faculty1
[2026-10-05T08:19:37.559Z] 2026-10-05T08:19:37.406Z  INFO 14497 --- [attendance-portal] [           main] c.c.attendance.service.WorkflowService   : Record 8 moved SUBMITTED -> REJECTED by hod1 (Period number looks wrong)
[2026-10-05T08:19:37.559Z] 2026-10-05T08:19:37.429Z  INFO 14497 --- [attendance-portal] [           main] c.c.a.service.AttendanceService          : Created attendance record 9 for 1CS21CS001 in CS501 on 2026-10-04 period 1 by faculty1
[2026-10-05T08:19:37.559Z] 2026-10-05T08:19:37.454Z  INFO 14497 --- [attendance-portal] [           main] c.c.a.service.AttendanceService          : Created attendance record 10 for 1CS21CS001 in CS501 on 2026-10-04 period 1 by faculty1
[2026-10-05T08:19:37.559Z] 2026-10-05T08:19:37.461Z  INFO 14497 --- [attendance-portal] [           main] c.c.attendance.service.WorkflowService   : Record 10 moved DRAFT -> SUBMITTED by faculty1
[2026-10-05T08:19:37.559Z] 2026-10-05T08:19:37.488Z  INFO 14497 --- [attendance-portal] [           main] c.c.a.service.AttendanceService          : Created attendance record 11 for 1CS21CS001 in CS501 on 2026-10-04 period 1 by faculty1
[2026-10-05T08:19:37.559Z] 2026-10-05T08:19:37.494Z  INFO 14497 --- [attendance-portal] [           main] c.c.attendance.service.WorkflowService   : Record 11 moved DRAFT -> SUBMITTED by faculty1
[2026-10-05T08:19:37.559Z] 2026-10-05T08:19:37.497Z  INFO 14497 --- [attendance-portal] [           main] c.c.attendance.service.WorkflowService   : Record 11 moved SUBMITTED -> APPROVED by hod1
[2026-10-05T08:19:37.559Z] [INFO] Tests run: 7, Failures: 0, Errors: 0, Skipped: 0, Time elapsed: 0.239 s -- in Reviewing a submitted record
[2026-10-05T08:19:37.559Z] [INFO] Running Submitting a draft
[2026-10-05T08:19:37.559Z] 2026-10-05T08:19:37.503Z  INFO 14497 --- [attendance-portal] [           main] t.c.s.AnnotationConfigContextLoaderUtils : Could not detect default configuration classes for test class [com.college.attendance.service.WorkflowServiceTest$Submitting]: Submitting does not declare any static, non-private, non-final, nested classes annotated with @Configuration.
[2026-10-05T08:19:37.559Z] 2026-10-05T08:19:37.504Z  INFO 14497 --- [attendance-portal] [           main] .b.t.c.SpringBootTestContextBootstrapper : Found @SpringBootConfiguration com.college.attendance.AttendancePortalApplication for test class com.college.attendance.service.WorkflowServiceTest$Submitting
[2026-10-05T08:19:37.559Z] 2026-10-05T08:19:37.528Z  INFO 14497 --- [attendance-portal] [           main] c.c.a.service.AttendanceService          : Created attendance record 12 for 1CS21CS001 in CS501 on 2026-10-04 period 1 by faculty1
[2026-10-05T08:19:37.559Z] 2026-10-05T08:19:37.534Z  INFO 14497 --- [attendance-portal] [           main] c.c.attendance.service.WorkflowService   : Record 12 moved DRAFT -> SUBMITTED by faculty1
[2026-10-05T08:19:37.810Z] 2026-10-05T08:19:37.556Z  INFO 14497 --- [attendance-portal] [           main] c.c.a.service.AttendanceService          : Created attendance record 13 for 1CS21CS001 in CS501 on 2026-10-04 period 1 by faculty1
[2026-10-05T08:19:37.810Z] 2026-10-05T08:19:37.561Z  INFO 14497 --- [attendance-portal] [           main] c.c.attendance.service.WorkflowService   : Record 13 moved DRAFT -> SUBMITTED by faculty1
[2026-10-05T08:19:37.810Z] 2026-10-05T08:19:37.581Z  INFO 14497 --- [attendance-portal] [           main] c.c.a.service.AttendanceService          : Created attendance record 14 for 1CS21CS001 in CS501 on 2026-10-04 period 1 by faculty1
[2026-10-05T08:19:37.810Z] 2026-10-05T08:19:37.606Z  INFO 14497 --- [attendance-portal] [           main] c.c.a.service.AttendanceService          : Created attendance record 15 for 1CS21CS001 in CS501 on 2026-10-04 period 1 by faculty1
[2026-10-05T08:19:37.810Z] 2026-10-05T08:19:37.631Z  INFO 14497 --- [attendance-portal] [           main] c.c.a.service.AttendanceService          : Created attendance record 16 for 1CS21CS001 in CS501 on 2026-10-04 period 1 by faculty1
[2026-10-05T08:19:37.810Z] 2026-10-05T08:19:37.635Z  INFO 14497 --- [attendance-portal] [           main] c.c.attendance.service.WorkflowService   : Record 16 moved DRAFT -> SUBMITTED by faculty1
[2026-10-05T08:19:37.810Z] 2026-10-05T08:19:37.657Z  INFO 14497 --- [attendance-portal] [           main] c.c.a.service.AttendanceService          : Created attendance record 17 for 1CS21CS001 in CS501 on 2026-10-04 period 1 by faculty1
[2026-10-05T08:19:37.810Z] 2026-10-05T08:19:37.664Z  INFO 14497 --- [attendance-portal] [           main] c.c.attendance.service.WorkflowService   : Record 17 moved DRAFT -> SUBMITTED by admin1
[2026-10-05T08:19:37.810Z] [INFO] Tests run: 6, Failures: 0, Errors: 0, Skipped: 0, Time elapsed: 0.165 s -- in Submitting a draft
[2026-10-05T08:19:37.810Z] [INFO] Tests run: 0, Failures: 0, Errors: 0, Skipped: 0, Time elapsed: 0.610 s -- in com.college.attendance.service.WorkflowServiceTest
[2026-10-05T08:19:37.810Z] [INFO] Running com.college.attendance.service.DashboardServiceTest
[2026-10-05T08:19:37.810Z] 2026-10-05T08:19:37.670Z  INFO 14497 --- [attendance-portal] [           main] t.c.s.AnnotationConfigContextLoaderUtils : Could not detect default configuration classes for test class [com.college.attendance.service.DashboardServiceTest]: DashboardServiceTest does not declare any static, non-private, non-final, nested classes annotated with @Configuration.
[2026-10-05T08:19:37.810Z] 2026-10-05T08:19:37.672Z  INFO 14497 --- [attendance-portal] [           main] .b.t.c.SpringBootTestContextBootstrapper : Found @SpringBootConfiguration com.college.attendance.AttendancePortalApplication for test class com.college.attendance.service.DashboardServiceTest
[2026-10-05T08:19:38.060Z] [INFO] Tests run: 11, Failures: 0, Errors: 0, Skipped: 0, Time elapsed: 0.290 s -- in com.college.attendance.service.DashboardServiceTest
[2026-10-05T08:19:38.060Z] [INFO] Running com.college.attendance.service.AttendanceServiceTest
[2026-10-05T08:19:38.060Z] 2026-10-05T08:19:37.961Z  INFO 14497 --- [attendance-portal] [           main] t.c.s.AnnotationConfigContextLoaderUtils : Could not detect default configuration classes for test class [com.college.attendance.service.AttendanceServiceTest]: AttendanceServiceTest does not declare any static, non-private, non-final, nested classes annotated with @Configuration.
[2026-10-05T08:19:38.060Z] 2026-10-05T08:19:37.963Z  INFO 14497 --- [attendance-portal] [           main] .b.t.c.SpringBootTestContextBootstrapper : Found @SpringBootConfiguration com.college.attendance.AttendancePortalApplication for test class com.college.attendance.service.AttendanceServiceTest
[2026-10-05T08:19:38.060Z] [INFO] Running Correcting a record
[2026-10-05T08:19:38.060Z] 2026-10-05T08:19:37.984Z  INFO 14497 --- [attendance-portal] [           main] t.c.s.AnnotationConfigContextLoaderUtils : Could not detect default configuration classes for test class [com.college.attendance.service.AttendanceServiceTest$Correcting]: Correcting does not declare any static, non-private, non-final, nested classes annotated with @Configuration.
[2026-10-05T08:19:38.060Z] 2026-10-05T08:19:37.985Z  INFO 14497 --- [attendance-portal] [           main] .b.t.c.SpringBootTestContextBootstrapper : Found @SpringBootConfiguration com.college.attendance.AttendancePortalApplication for test class com.college.attendance.service.AttendanceServiceTest$Correcting
[2026-10-05T08:19:38.060Z] 2026-10-05T08:19:38.010Z  INFO 14497 --- [attendance-portal] [           main] c.c.a.service.AttendanceService          : Created attendance record 61 for 1CS21CS001 in CS501 on 2026-10-04 period 1 by faculty1
[2026-10-05T08:19:38.060Z] 2026-10-05T08:19:38.018Z  INFO 14497 --- [attendance-portal] [           main] c.c.a.service.AttendanceService          : Updated attendance record 61 by admin1 (author remains faculty1)
[2026-10-05T08:19:38.060Z] 2026-10-05T08:19:38.039Z  INFO 14497 --- [attendance-portal] [           main] c.c.a.service.AttendanceService          : Created attendance record 62 for 1CS21CS001 in CS501 on 2026-10-04 period 1 by faculty1
[2026-10-05T08:19:38.060Z] 2026-10-05T08:19:38.045Z  INFO 14497 --- [attendance-portal] [           main] c.c.a.service.AttendanceService          : Updated attendance record 62 by faculty1 (author remains faculty1)
[2026-10-05T08:19:38.311Z] 2026-10-05T08:19:38.067Z  INFO 14497 --- [attendance-portal] [           main] c.c.a.service.AttendanceService          : Created attendance record 63 for 1CS21CS001 in CS501 on 2026-10-04 period 1 by faculty1
[2026-10-05T08:19:38.311Z] 2026-10-05T08:19:38.093Z  INFO 14497 --- [attendance-portal] [           main] c.c.a.service.AttendanceService          : Created attendance record 64 for 1CS21CS001 in CS501 on 2026-10-04 period 1 by faculty1
[2026-10-05T08:19:38.311Z] 2026-10-05T08:19:38.121Z  INFO 14497 --- [attendance-portal] [           main] c.c.a.service.AttendanceService          : Created attendance record 65 for 1CS21CS001 in CS501 on 2026-10-04 period 1 by faculty1
[2026-10-05T08:19:38.311Z] 2026-10-05T08:19:38.130Z  INFO 14497 --- [attendance-portal] [           main] c.c.a.service.AttendanceService          : Updated attendance record 65 by faculty1 (author remains faculty1)
[2026-10-05T08:19:38.311Z] 2026-10-05T08:19:38.153Z  INFO 14497 --- [attendance-portal] [           main] c.c.a.service.AttendanceService          : Created attendance record 66 for 1CS21CS001 in CS501 on 2026-10-04 period 1 by faculty1
[2026-10-05T08:19:38.311Z] [INFO] Tests run: 7, Failures: 0, Errors: 0, Skipped: 0, Time elapsed: 0.179 s -- in Correcting a record
[2026-10-05T08:19:38.311Z] [INFO] Running Creating a record
[2026-10-05T08:19:38.311Z] 2026-10-05T08:19:38.164Z  INFO 14497 --- [attendance-portal] [           main] t.c.s.AnnotationConfigContextLoaderUtils : Could not detect default configuration classes for test class [com.college.attendance.service.AttendanceServiceTest$Creating]: Creating does not declare any static, non-private, non-final, nested classes annotated with @Configuration.
[2026-10-05T08:19:38.311Z] 2026-10-05T08:19:38.165Z  INFO 14497 --- [attendance-portal] [           main] .b.t.c.SpringBootTestContextBootstrapper : Found @SpringBootConfiguration com.college.attendance.AttendancePortalApplication for test class com.college.attendance.service.AttendanceServiceTest$Creating
[2026-10-05T08:19:38.311Z] 2026-10-05T08:19:38.184Z  INFO 14497 --- [attendance-portal] [           main] c.c.a.service.AttendanceService          : Created attendance record 67 for 1CS21CS001 in CS501 on 2026-10-04 period 1 by faculty1
[2026-10-05T08:19:38.311Z] 2026-10-05T08:19:38.192Z  INFO 14497 --- [attendance-portal] [           main] c.c.a.service.AttendanceService          : Created attendance record 68 for 1CS21CS001 in CS501 on 2026-10-04 period 2 by faculty1
[2026-10-05T08:19:38.311Z] 2026-10-05T08:19:38.231Z  INFO 14497 --- [attendance-portal] [           main] c.c.a.service.AttendanceService          : Created attendance record 69 for 1CS21CS001 in CS501 on 2026-10-04 period 1 by faculty1
[2026-10-05T08:19:38.311Z] 2026-10-05T08:19:38.267Z  INFO 14497 --- [attendance-portal] [           main] c.c.a.service.AttendanceService          : Created attendance record 70 for 1CS21CS001 in CS501 on 2026-10-04 period 1 by faculty1
[2026-10-05T08:19:38.561Z] 2026-10-05T08:19:38.286Z  INFO 14497 --- [attendance-portal] [           main] c.c.a.service.AttendanceService          : Created attendance record 71 for 1CS21CS001 in CS501 on 2026-10-04 period 1 by faculty1
[2026-10-05T08:19:38.561Z] [INFO] Tests run: 6, Failures: 0, Errors: 0, Skipped: 0, Time elapsed: 0.154 s -- in Creating a record
[2026-10-05T08:19:38.561Z] [INFO] Tests run: 0, Failures: 0, Errors: 0, Skipped: 0, Time elapsed: 0.356 s -- in com.college.attendance.service.AttendanceServiceTest
[2026-10-05T08:19:38.561Z] [INFO] Running com.college.attendance.service.AttendanceSearchTest
[2026-10-05T08:19:38.561Z] 2026-10-05T08:19:38.319Z  INFO 14497 --- [attendance-portal] [           main] t.c.s.AnnotationConfigContextLoaderUtils : Could not detect default configuration classes for test class [com.college.attendance.service.AttendanceSearchTest]: AttendanceSearchTest does not declare any static, non-private, non-final, nested classes annotated with @Configuration.
[2026-10-05T08:19:38.561Z] 2026-10-05T08:19:38.321Z  INFO 14497 --- [attendance-portal] [           main] .b.t.c.SpringBootTestContextBootstrapper : Found @SpringBootConfiguration com.college.attendance.AttendancePortalApplication for test class com.college.attendance.service.AttendanceSearchTest
[2026-10-05T08:19:38.816Z] [INFO] Tests run: 14, Failures: 0, Errors: 0, Skipped: 0, Time elapsed: 0.307 s -- in com.college.attendance.service.AttendanceSearchTest
[2026-10-05T08:19:38.816Z] [INFO] 
[2026-10-05T08:19:38.816Z] [INFO] Results:
[2026-10-05T08:19:38.816Z] [INFO] 
[2026-10-05T08:19:38.816Z] [INFO] Tests run: 73, Failures: 0, Errors: 0, Skipped: 0
[2026-10-05T08:19:38.816Z] [INFO] 
[2026-10-05T08:19:38.816Z] [INFO] 
[2026-10-05T08:19:38.816Z] [INFO] ----------< com.college.attendance:attendance-selenium-tests >----------
[2026-10-05T08:19:38.816Z] [INFO] Building Attendance Portal :: Selenium suite 1.0.0-SNAPSHOT        [3/3]
[2026-10-05T08:19:38.816Z] [INFO]   from selenium-tests/pom.xml
[2026-10-05T08:19:38.816Z] [INFO] --------------------------------[ jar ]---------------------------------
[2026-10-05T08:19:39.067Z] [INFO] 
[2026-10-05T08:19:39.067Z] [INFO] --- resources:3.3.1:resources (default-resources) @ attendance-selenium-tests ---
[2026-10-05T08:19:39.067Z] [INFO] skip non existing resourceDirectory /var/jenkins_home/jobs/attendance-portal-pipeline/workspace/selenium-tests/src/main/resources
[2026-10-05T08:19:39.067Z] [INFO] skip non existing resourceDirectory /var/jenkins_home/jobs/attendance-portal-pipeline/workspace/selenium-tests/src/main/resources
[2026-10-05T08:19:39.067Z] [INFO] 
[2026-10-05T08:19:39.067Z] [INFO] --- compiler:3.14.1:compile (default-compile) @ attendance-selenium-tests ---
[2026-10-05T08:19:39.067Z] [INFO] No sources to compile
[2026-10-05T08:19:39.067Z] [INFO] 
[2026-10-05T08:19:39.067Z] [INFO] --- resources:3.3.1:testResources (default-testResources) @ attendance-selenium-tests ---
[2026-10-05T08:19:39.067Z] [INFO] skip non existing resourceDirectory /var/jenkins_home/jobs/attendance-portal-pipeline/workspace/selenium-tests/src/test/resources
[2026-10-05T08:19:39.067Z] [INFO] 
[2026-10-05T08:19:39.067Z] [INFO] --- compiler:3.14.1:testCompile (default-testCompile) @ attendance-selenium-tests ---
[2026-10-05T08:19:39.067Z] [INFO] Recompiling the module because of changed source code.
[2026-10-05T08:19:39.067Z] [INFO] Compiling 15 source files with javac [debug parameters release 21] to target/test-classes
[2026-10-05T08:19:39.625Z] [INFO] 
[2026-10-05T08:19:39.625Z] [INFO] --- surefire:3.5.6:test (default-test) @ attendance-selenium-tests ---
[2026-10-05T08:19:39.625Z] [INFO] Tests are skipped.
[2026-10-05T08:19:39.625Z] [INFO] ------------------------------------------------------------------------
[2026-10-05T08:19:39.625Z] [INFO] Reactor Summary for Student Attendance Management Portal 1.0.0-SNAPSHOT:
[2026-10-05T08:19:39.625Z] [INFO] 
[2026-10-05T08:19:39.625Z] [INFO] Student Attendance Management Portal ............... SUCCESS [  0.002 s]
[2026-10-05T08:19:39.625Z] [INFO] Attendance Portal :: Application ................... SUCCESS [ 21.436 s]
[2026-10-05T08:19:39.625Z] [INFO] Attendance Portal :: Selenium suite ................ SUCCESS [  0.573 s]
[2026-10-05T08:19:39.625Z] [INFO] ------------------------------------------------------------------------
[2026-10-05T08:19:39.625Z] [INFO] BUILD SUCCESS
[2026-10-05T08:19:39.625Z] [INFO] ------------------------------------------------------------------------
[2026-10-05T08:19:39.625Z] [INFO] Total time:  22.290 s
[2026-10-05T08:19:39.625Z] [INFO] Finished at: 2026-10-05T08:19:39Z
[2026-10-05T08:19:39.625Z] [INFO] ------------------------------------------------------------------------
[2026-10-05T08:19:39.632Z] Post stage
[2026-10-05T08:19:39.640Z] [Pipeline] junit
[2026-10-05T08:19:39.643Z] Recording test results
[2026-10-05T08:19:39.661Z] [Checks API] No suitable checks publisher found.
[2026-10-05T08:19:39.667Z] [Pipeline] }
[2026-10-05T08:19:39.680Z] [Pipeline] // stage
[2026-10-05T08:19:39.688Z] [Pipeline] stage
[2026-10-05T08:19:39.689Z] [Pipeline] { (Package)
[2026-10-05T08:19:39.706Z] [Pipeline] sh
[2026-10-05T08:19:39.963Z] + /opt/maven/bin/mvn -B -DskipTests package
[2026-10-05T08:19:41.308Z] [INFO] Scanning for projects...
[2026-10-05T08:19:41.559Z] [INFO] ------------------------------------------------------------------------
[2026-10-05T08:19:41.559Z] [INFO] Reactor Build Order:
[2026-10-05T08:19:41.559Z] [INFO] 
[2026-10-05T08:19:41.559Z] [INFO] Student Attendance Management Portal                               [pom]
[2026-10-05T08:19:41.559Z] [INFO] Attendance Portal :: Application                                   [war]
[2026-10-05T08:19:41.559Z] [INFO] Attendance Portal :: Selenium suite                                [jar]
[2026-10-05T08:19:41.559Z] [INFO] 
[2026-10-05T08:19:41.559Z] [INFO] ----------< com.college.attendance:attendance-portal-parent >-----------
[2026-10-05T08:19:41.559Z] [INFO] Building Student Attendance Management Portal 1.0.0-SNAPSHOT       [1/3]
[2026-10-05T08:19:41.559Z] [INFO]   from pom.xml
[2026-10-05T08:19:41.559Z] [INFO] --------------------------------[ pom ]---------------------------------
[2026-10-05T08:19:41.559Z] [INFO] 
[2026-10-05T08:19:41.559Z] [INFO] ---------------< com.college.attendance:attendance-app >----------------
[2026-10-05T08:19:41.559Z] [INFO] Building Attendance Portal :: Application 1.0.0-SNAPSHOT           [2/3]
[2026-10-05T08:19:41.559Z] [INFO]   from app/pom.xml
[2026-10-05T08:19:41.559Z] [INFO] --------------------------------[ war ]---------------------------------
[2026-10-05T08:19:42.110Z] [INFO] 
[2026-10-05T08:19:42.110Z] [INFO] --- jacoco:0.8.13:prepare-agent (prepare-agent) @ attendance-app ---
[2026-10-05T08:19:42.361Z] [INFO] argLine set to -javaagent:/root/.m2/repository/org/jacoco/org.jacoco.agent/0.8.13/org.jacoco.agent-0.8.13-runtime.jar=destfile=/var/jenkins_home/jobs/attendance-portal-pipeline/workspace/app/target/jacoco.exec
[2026-10-05T08:19:42.361Z] [INFO] 
[2026-10-05T08:19:42.361Z] [INFO] --- resources:3.3.1:resources (default-resources) @ attendance-app ---
[2026-10-05T08:19:42.361Z] [INFO] Copying 1 resource from src/main/resources to target/classes
[2026-10-05T08:19:42.361Z] [INFO] Copying 10 resources from src/main/resources to target/classes
[2026-10-05T08:19:42.361Z] [INFO] 
[2026-10-05T08:19:42.361Z] [INFO] --- compiler:3.14.1:compile (default-compile) @ attendance-app ---
[2026-10-05T08:19:42.615Z] [INFO] Nothing to compile - all classes are up to date.
[2026-10-05T08:19:42.615Z] [INFO] 
[2026-10-05T08:19:42.615Z] [INFO] --- resources:3.3.1:testResources (default-testResources) @ attendance-app ---
[2026-10-05T08:19:42.615Z] [INFO] Copying 1 resource from src/test/resources to target/test-classes
[2026-10-05T08:19:42.615Z] [INFO] 
[2026-10-05T08:19:42.615Z] [INFO] --- compiler:3.14.1:testCompile (default-testCompile) @ attendance-app ---
[2026-10-05T08:19:42.615Z] [INFO] Nothing to compile - all classes are up to date.
[2026-10-05T08:19:42.615Z] [INFO] 
[2026-10-05T08:19:42.615Z] [INFO] --- surefire:3.5.6:test (default-test) @ attendance-app ---
[2026-10-05T08:19:42.615Z] [INFO] Tests are skipped.
[2026-10-05T08:19:42.615Z] [INFO] 
[2026-10-05T08:19:42.615Z] [INFO] --- war:3.4.0:war (default-war) @ attendance-app ---
[2026-10-05T08:19:42.865Z] [INFO] Packaging webapp
[2026-10-05T08:19:42.865Z] [INFO] Assembling webapp [attendance-app] in [/var/jenkins_home/jobs/attendance-portal-pipeline/workspace/app/target/attendance]
[2026-10-05T08:19:42.865Z] [INFO] Processing war project
[2026-10-05T08:19:43.119Z] [INFO] Building war: /var/jenkins_home/jobs/attendance-portal-pipeline/workspace/app/target/attendance.war
[2026-10-05T08:19:43.670Z] [INFO] 
[2026-10-05T08:19:43.670Z] [INFO] --- spring-boot:3.5.16:repackage (repackage) @ attendance-app ---
[2026-10-05T08:19:44.584Z] [INFO] Replacing main artifact /var/jenkins_home/jobs/attendance-portal-pipeline/workspace/app/target/attendance.war with repackaged archive, adding nested dependencies in BOOT-INF/.
[2026-10-05T08:19:44.584Z] [INFO] The original artifact has been renamed to /var/jenkins_home/jobs/attendance-portal-pipeline/workspace/app/target/attendance.war.original
[2026-10-05T08:19:44.584Z] [INFO] 
[2026-10-05T08:19:44.584Z] [INFO] ----------< com.college.attendance:attendance-selenium-tests >----------
[2026-10-05T08:19:44.584Z] [INFO] Building Attendance Portal :: Selenium suite 1.0.0-SNAPSHOT        [3/3]
[2026-10-05T08:19:44.584Z] [INFO]   from selenium-tests/pom.xml
[2026-10-05T08:19:44.584Z] [INFO] --------------------------------[ jar ]---------------------------------
[2026-10-05T08:19:44.584Z] [INFO] 
[2026-10-05T08:19:44.584Z] [INFO] --- resources:3.3.1:resources (default-resources) @ attendance-selenium-tests ---
[2026-10-05T08:19:44.584Z] [INFO] skip non existing resourceDirectory /var/jenkins_home/jobs/attendance-portal-pipeline/workspace/selenium-tests/src/main/resources
[2026-10-05T08:19:44.584Z] [INFO] skip non existing resourceDirectory /var/jenkins_home/jobs/attendance-portal-pipeline/workspace/selenium-tests/src/main/resources
[2026-10-05T08:19:44.584Z] [INFO] 
[2026-10-05T08:19:44.584Z] [INFO] --- compiler:3.14.1:compile (default-compile) @ attendance-selenium-tests ---
[2026-10-05T08:19:44.584Z] [INFO] No sources to compile
[2026-10-05T08:19:44.584Z] [INFO] 
[2026-10-05T08:19:44.584Z] [INFO] --- resources:3.3.1:testResources (default-testResources) @ attendance-selenium-tests ---
[2026-10-05T08:19:44.584Z] [INFO] skip non existing resourceDirectory /var/jenkins_home/jobs/attendance-portal-pipeline/workspace/selenium-tests/src/test/resources
[2026-10-05T08:19:44.584Z] [INFO] 
[2026-10-05T08:19:44.584Z] [INFO] --- compiler:3.14.1:testCompile (default-testCompile) @ attendance-selenium-tests ---
[2026-10-05T08:19:44.584Z] [INFO] Nothing to compile - all classes are up to date.
[2026-10-05T08:19:44.584Z] [INFO] 
[2026-10-05T08:19:44.584Z] [INFO] --- surefire:3.5.6:test (default-test) @ attendance-selenium-tests ---
[2026-10-05T08:19:44.584Z] [INFO] Tests are skipped.
[2026-10-05T08:19:44.584Z] [INFO] 
[2026-10-05T08:19:44.584Z] [INFO] --- jar:3.4.2:jar (default-jar) @ attendance-selenium-tests ---
[2026-10-05T08:19:44.834Z] [WARNING] JAR will be empty - no content was marked for inclusion!
[2026-10-05T08:19:44.834Z] [INFO] Building jar: /var/jenkins_home/jobs/attendance-portal-pipeline/workspace/selenium-tests/target/attendance-selenium-tests-1.0.0-SNAPSHOT.jar
[2026-10-05T08:19:44.834Z] [INFO] ------------------------------------------------------------------------
[2026-10-05T08:19:44.834Z] [INFO] Reactor Summary for Student Attendance Management Portal 1.0.0-SNAPSHOT:
[2026-10-05T08:19:44.834Z] [INFO] 
[2026-10-05T08:19:44.834Z] [INFO] Student Attendance Management Portal ............... SUCCESS [  0.003 s]
[2026-10-05T08:19:44.834Z] [INFO] Attendance Portal :: Application ................... SUCCESS [  2.947 s]
[2026-10-05T08:19:44.834Z] [INFO] Attendance Portal :: Selenium suite ................ SUCCESS [  0.270 s]
[2026-10-05T08:19:44.834Z] [INFO] ------------------------------------------------------------------------
[2026-10-05T08:19:44.834Z] [INFO] BUILD SUCCESS
[2026-10-05T08:19:44.834Z] [INFO] ------------------------------------------------------------------------
[2026-10-05T08:19:44.834Z] [INFO] Total time:  3.585 s
[2026-10-05T08:19:44.834Z] [INFO] Finished at: 2026-10-05T08:19:44Z
[2026-10-05T08:19:44.834Z] [INFO] ------------------------------------------------------------------------
[2026-10-05T08:19:44.845Z] [Pipeline] sh
[2026-10-05T08:19:45.101Z] + ls -la app/target/attendance.war
[2026-10-05T08:19:45.102Z] -rw-r--r-- 1 root root 63815289 Oct  5 08:19 app/target/attendance.war
[2026-10-05T08:19:45.108Z] Post stage
[2026-10-05T08:19:45.120Z] [Pipeline] archiveArtifacts
[2026-10-05T08:19:45.124Z] Archiving artifacts
[2026-10-05T08:19:45.154Z] Recording fingerprints
[2026-10-05T08:19:45.281Z] [Pipeline] }
[2026-10-05T08:19:45.297Z] [Pipeline] // stage
[2026-10-05T08:19:45.307Z] [Pipeline] stage
[2026-10-05T08:19:45.309Z] [Pipeline] { (Integration test)
[2026-10-05T08:19:45.325Z] [Pipeline] sh
[2026-10-05T08:19:45.583Z] + /opt/maven/bin/mvn -B failsafe:integration-test failsafe:verify
[2026-10-05T08:19:46.928Z] [INFO] Scanning for projects...
[2026-10-05T08:19:47.179Z] [INFO] ------------------------------------------------------------------------
[2026-10-05T08:19:47.179Z] [INFO] Reactor Build Order:
[2026-10-05T08:19:47.179Z] [INFO] 
[2026-10-05T08:19:47.179Z] [INFO] Student Attendance Management Portal                               [pom]
[2026-10-05T08:19:47.179Z] [INFO] Attendance Portal :: Application                                   [war]
[2026-10-05T08:19:47.179Z] [INFO] Attendance Portal :: Selenium suite                                [jar]
[2026-10-05T08:19:47.437Z] [INFO] 
[2026-10-05T08:19:47.437Z] [INFO] ----------< com.college.attendance:attendance-portal-parent >-----------
[2026-10-05T08:19:47.437Z] [INFO] Building Student Attendance Management Portal 1.0.0-SNAPSHOT       [1/3]
[2026-10-05T08:19:47.437Z] [INFO]   from pom.xml
[2026-10-05T08:19:47.437Z] [INFO] --------------------------------[ pom ]---------------------------------
[2026-10-05T08:19:47.437Z] [INFO] 
[2026-10-05T08:19:47.437Z] [INFO] --- failsafe:3.5.6:integration-test (default-cli) @ attendance-portal-parent ---
[2026-10-05T08:19:47.687Z] [INFO] No tests to run.
[2026-10-05T08:19:47.687Z] [INFO] 
[2026-10-05T08:19:47.687Z] [INFO] --- failsafe:3.5.6:verify (default-cli) @ attendance-portal-parent ---
[2026-10-05T08:19:47.687Z] [INFO] No tests to run.
[2026-10-05T08:19:47.687Z] [INFO] 
[2026-10-05T08:19:47.687Z] [INFO] ---------------< com.college.attendance:attendance-app >----------------
[2026-10-05T08:19:47.687Z] [INFO] Building Attendance Portal :: Application 1.0.0-SNAPSHOT           [2/3]
[2026-10-05T08:19:47.687Z] [INFO]   from app/pom.xml
[2026-10-05T08:19:47.687Z] [INFO] --------------------------------[ war ]---------------------------------
[2026-10-05T08:19:48.238Z] [INFO] 
[2026-10-05T08:19:48.238Z] [INFO] --- failsafe:3.5.6:integration-test (default-cli) @ attendance-app ---
[2026-10-05T08:19:48.238Z] [INFO] Using auto detected provider org.apache.maven.surefire.junitplatform.JUnitPlatformProvider
[2026-10-05T08:19:48.238Z] [INFO] 
[2026-10-05T08:19:48.238Z] [INFO] -------------------------------------------------------
[2026-10-05T08:19:48.238Z] [INFO]  T E S T S
[2026-10-05T08:19:48.238Z] [INFO] -------------------------------------------------------
[2026-10-05T08:19:49.153Z] [INFO] Running com.college.attendance.web.AttendanceWebFlowIT
[2026-10-05T08:19:49.153Z] 08:19:49.033 [main] INFO org.springframework.test.context.support.AnnotationConfigContextLoaderUtils -- Could not detect default configuration classes for test class [com.college.attendance.web.AttendanceWebFlowIT]: AttendanceWebFlowIT does not declare any static, non-private, non-final, nested classes annotated with @Configuration.
[2026-10-05T08:19:49.403Z] 08:19:49.181 [main] INFO org.springframework.boot.test.context.SpringBootTestContextBootstrapper -- Found @SpringBootConfiguration com.college.attendance.AttendancePortalApplication for test class com.college.attendance.web.AttendanceWebFlowIT
[2026-10-05T08:19:49.959Z] 
[2026-10-05T08:19:49.959Z]   .   ____          _            __ _ _
[2026-10-05T08:19:49.959Z]  /\\ / ___'_ __ _ _(_)_ __  __ _ \ \ \ \
[2026-10-05T08:19:49.959Z] ( ( )\___ | '_ | '_| | '_ \/ _` | \ \ \ \
[2026-10-05T08:19:49.959Z]  \\/  ___)| |_)| | | | | || (_| |  ) ) ) )
[2026-10-05T08:19:49.959Z]   '  |____| .__|_| |_|_| |_\__, | / / / /
[2026-10-05T08:19:49.959Z]  =========|_|==============|___/=/_/_/_/
[2026-10-05T08:19:49.959Z] 
[2026-10-05T08:19:49.959Z]  :: Spring Boot ::               (v3.5.16)
[2026-10-05T08:19:49.959Z] 
[2026-10-05T08:19:49.959Z] 2026-10-05T08:19:49.834Z  INFO 14742 --- [attendance-portal] [           main] c.c.attendance.web.AttendanceWebFlowIT   : Starting AttendanceWebFlowIT using Java 21.0.12.1 with PID 14742 (started by root in /var/jenkins_home/jobs/attendance-portal-pipeline/workspace/app)
[2026-10-05T08:19:49.959Z] 2026-10-05T08:19:49.838Z  INFO 14742 --- [attendance-portal] [           main] c.c.attendance.web.AttendanceWebFlowIT   : The following 1 profile is active: "test"
[2026-10-05T08:19:51.304Z] 2026-10-05T08:19:50.972Z  INFO 14742 --- [attendance-portal] [           main] .s.d.r.c.RepositoryConfigurationDelegate : Bootstrapping Spring Data JPA repositories in DEFAULT mode.
[2026-10-05T08:19:51.304Z] 2026-10-05T08:19:51.042Z  INFO 14742 --- [attendance-portal] [           main] .s.d.r.c.RepositoryConfigurationDelegate : Finished Spring Data repository scanning in 55 ms. Found 3 JPA repository interfaces.
[2026-10-05T08:19:51.854Z] 2026-10-05T08:19:51.613Z  INFO 14742 --- [attendance-portal] [           main] o.hibernate.jpa.internal.util.LogHelper  : HHH000204: Processing PersistenceUnitInfo [name: default]
[2026-10-05T08:19:51.854Z] 2026-10-05T08:19:51.652Z  INFO 14742 --- [attendance-portal] [           main] org.hibernate.Version                    : HHH000412: Hibernate ORM core version 6.6.53.Final
[2026-10-05T08:19:51.854Z] 2026-10-05T08:19:51.681Z  INFO 14742 --- [attendance-portal] [           main] o.h.c.internal.RegionFactoryInitiator    : HHH000026: Second-level cache disabled
[2026-10-05T08:19:52.105Z] 2026-10-05T08:19:51.916Z  INFO 14742 --- [attendance-portal] [           main] o.s.o.j.p.SpringPersistenceUnitInfo      : No LoadTimeWeaver setup: ignoring JPA class transformer
[2026-10-05T08:19:52.105Z] 2026-10-05T08:19:51.945Z  INFO 14742 --- [attendance-portal] [           main] com.zaxxer.hikari.HikariDataSource       : HikariPool-1 - Starting...
[2026-10-05T08:19:52.355Z] 2026-10-05T08:19:52.120Z  INFO 14742 --- [attendance-portal] [           main] com.zaxxer.hikari.pool.HikariPool        : HikariPool-1 - Added connection conn0: url=jdbc:h2:mem:attendance-test user=SA
[2026-10-05T08:19:52.355Z] 2026-10-05T08:19:52.122Z  INFO 14742 --- [attendance-portal] [           main] com.zaxxer.hikari.HikariDataSource       : HikariPool-1 - Start completed.
[2026-10-05T08:19:52.355Z] 2026-10-05T08:19:52.186Z  INFO 14742 --- [attendance-portal] [           main] org.hibernate.orm.connections.pooling    : HHH10001005: Database info:
[2026-10-05T08:19:52.355Z] 	Database JDBC URL [Connecting through datasource 'HikariDataSource (HikariPool-1)']
[2026-10-05T08:19:52.355Z] 	Database driver: undefined/unknown
[2026-10-05T08:19:52.355Z] 	Database version: 2.3.232
[2026-10-05T08:19:52.355Z] 	Autocommit mode: undefined/unknown
[2026-10-05T08:19:52.355Z] 	Isolation level: undefined/unknown
[2026-10-05T08:19:52.355Z] 	Minimum pool size: undefined/unknown
[2026-10-05T08:19:52.355Z] 	Maximum pool size: undefined/unknown
[2026-10-05T08:19:53.269Z] 2026-10-05T08:19:53.092Z  INFO 14742 --- [attendance-portal] [           main] o.h.e.t.j.p.i.JtaPlatformInitiator       : HHH000489: No JTA platform available (set 'hibernate.transaction.jta.platform' to enable JTA platform integration)
[2026-10-05T08:19:53.269Z] 2026-10-05T08:19:53.150Z  INFO 14742 --- [attendance-portal] [           main] j.LocalContainerEntityManagerFactoryBean : Initialized JPA EntityManagerFactory for persistence unit 'default'
[2026-10-05T08:19:53.819Z] 2026-10-05T08:19:53.568Z  INFO 14742 --- [attendance-portal] [           main] o.s.d.j.r.query.QueryEnhancerFactory     : Hibernate is in classpath; If applicable, HQL parser will be used.
[2026-10-05T08:19:54.070Z] 2026-10-05T08:19:53.902Z  INFO 14742 --- [attendance-portal] [           main] c.college.attendance.config.DataSeeder   : Seeding disabled (attendance.seed-data=false)
[2026-10-05T08:19:54.321Z] 2026-10-05T08:19:54.115Z  INFO 14742 --- [attendance-portal] [           main] r$InitializeUserDetailsManagerConfigurer : Global AuthenticationManager configured with UserDetailsService bean with name databaseUserDetailsService
[2026-10-05T08:19:54.872Z] 2026-10-05T08:19:54.559Z  INFO 14742 --- [attendance-portal] [           main] o.s.b.a.e.web.EndpointLinksResolver      : Exposing 2 endpoints beneath base path '/actuator'
[2026-10-05T08:19:55.425Z] 2026-10-05T08:19:55.103Z  INFO 14742 --- [attendance-portal] [           main] o.s.b.t.m.w.SpringBootMockServletContext : Initializing Spring TestDispatcherServlet ''
[2026-10-05T08:19:55.425Z] 2026-10-05T08:19:55.103Z  INFO 14742 --- [attendance-portal] [           main] o.s.t.web.servlet.TestDispatcherServlet  : Initializing Servlet ''
[2026-10-05T08:19:55.425Z] 2026-10-05T08:19:55.105Z  INFO 14742 --- [attendance-portal] [           main] o.s.t.web.servlet.TestDispatcherServlet  : Completed initialization in 2 ms
[2026-10-05T08:19:55.425Z] 2026-10-05T08:19:55.200Z  INFO 14742 --- [attendance-portal] [           main] c.c.attendance.web.AttendanceWebFlowIT   : Started AttendanceWebFlowIT in 5.834 seconds (process running for 7.111)
[2026-10-05T08:19:55.676Z] Mockito is currently self-attaching to enable the inline-mock-maker. This will no longer work in future releases of the JDK. Please add Mockito as an agent to your build as described in Mockito's documentation: https://javadoc.io/doc/org.mockito/mockito-core/latest/org.mockito/org/mockito/Mockito.html#0.3
[2026-10-05T08:19:55.926Z] WARNING: A Java agent has been loaded dynamically (/root/.m2/repository/net/bytebuddy/byte-buddy-agent/1.17.8/byte-buddy-agent-1.17.8.jar)
[2026-10-05T08:19:55.926Z] WARNING: If a serviceability tool is in use, please run with -XX:+EnableDynamicAgentLoading to hide this warning
[2026-10-05T08:19:55.926Z] WARNING: If a serviceability tool is not in use, please run with -Djdk.instrument.traceUsage for more information
[2026-10-05T08:19:55.926Z] WARNING: Dynamic loading of agents will be disallowed by default in a future release
[2026-10-05T08:19:56.477Z] 2026-10-05T08:19:56.254Z  INFO 14742 --- [attendance-portal] [           main] c.c.a.service.AttendanceService          : Created attendance record 1 for 1CS21CS001 in CS501 on 2026-10-04 period 2 by faculty1
[2026-10-05T08:19:57.388Z] 2026-10-05T08:19:57.031Z  INFO 14742 --- [attendance-portal] [           main] c.c.a.service.AttendanceService          : Created attendance record 2 for 1CS21CS001 in CS501 on 2026-10-04 period 1 by faculty1
[2026-10-05T08:19:57.388Z] 2026-10-05T08:19:57.161Z  INFO 14742 --- [attendance-portal] [           main] c.c.a.service.AttendanceService          : Created attendance record 3 for 1CS21CS001 in CS501 on 2026-10-04 period 1 by faculty1
[2026-10-05T08:19:57.639Z] [INFO] Tests run: 7, Failures: 0, Errors: 0, Skipped: 0, Time elapsed: 8.635 s -- in com.college.attendance.web.AttendanceWebFlowIT
[2026-10-05T08:19:57.639Z] [INFO] 
[2026-10-05T08:19:57.639Z] [INFO] Results:
[2026-10-05T08:19:57.639Z] [INFO] 
[2026-10-05T08:19:57.639Z] [INFO] Tests run: 7, Failures: 0, Errors: 0, Skipped: 0
[2026-10-05T08:19:57.639Z] [INFO] 
[2026-10-05T08:19:57.639Z] [INFO] 
[2026-10-05T08:19:57.639Z] [INFO] --- failsafe:3.5.6:verify (default-cli) @ attendance-app ---
[2026-10-05T08:19:57.890Z] [INFO] 
[2026-10-05T08:19:57.890Z] [INFO] ----------< com.college.attendance:attendance-selenium-tests >----------
[2026-10-05T08:19:57.890Z] [INFO] Building Attendance Portal :: Selenium suite 1.0.0-SNAPSHOT        [3/3]
[2026-10-05T08:19:57.890Z] [INFO]   from selenium-tests/pom.xml
[2026-10-05T08:19:57.890Z] [INFO] --------------------------------[ jar ]---------------------------------
[2026-10-05T08:19:57.890Z] [INFO] 
[2026-10-05T08:19:57.890Z] [INFO] --- failsafe:3.5.6:integration-test (default-cli) @ attendance-selenium-tests ---
[2026-10-05T08:19:57.890Z] [INFO] Tests are skipped.
[2026-10-05T08:19:57.890Z] [INFO] 
[2026-10-05T08:19:57.890Z] [INFO] --- failsafe:3.5.6:verify (default-cli) @ attendance-selenium-tests ---
[2026-10-05T08:19:57.890Z] [INFO] Tests are skipped.
[2026-10-05T08:19:57.890Z] [INFO] ------------------------------------------------------------------------
[2026-10-05T08:19:57.890Z] [INFO] Reactor Summary for Student Attendance Management Portal 1.0.0-SNAPSHOT:
[2026-10-05T08:19:57.890Z] [INFO] 
[2026-10-05T08:19:57.890Z] [INFO] Student Attendance Management Portal ............... SUCCESS [  0.264 s]
[2026-10-05T08:19:57.890Z] [INFO] Attendance Portal :: Application ................... SUCCESS [ 10.018 s]
[2026-10-05T08:19:57.890Z] [INFO] Attendance Portal :: Selenium suite ................ SUCCESS [  0.087 s]
[2026-10-05T08:19:57.890Z] [INFO] ------------------------------------------------------------------------
[2026-10-05T08:19:57.890Z] [INFO] BUILD SUCCESS
[2026-10-05T08:19:57.890Z] [INFO] ------------------------------------------------------------------------
[2026-10-05T08:19:57.890Z] [INFO] Total time:  10.891 s
[2026-10-05T08:19:57.890Z] [INFO] Finished at: 2026-10-05T08:19:57Z
[2026-10-05T08:19:57.890Z] [INFO] ------------------------------------------------------------------------
[2026-10-05T08:19:57.896Z] Post stage
[2026-10-05T08:19:57.903Z] [Pipeline] junit
[2026-10-05T08:19:57.906Z] Recording test results
[2026-10-05T08:19:57.923Z] [Checks API] No suitable checks publisher found.
[2026-10-05T08:19:57.934Z] [Pipeline] }
[2026-10-05T08:19:57.953Z] [Pipeline] // stage
[2026-10-05T08:19:57.962Z] [Pipeline] stage
[2026-10-05T08:19:57.963Z] [Pipeline] { (Quality gate: Selenium)
[2026-10-05T08:19:58.000Z] [Pipeline] script
[2026-10-05T08:19:58.005Z] [Pipeline] {
[2026-10-05T08:19:58.025Z] [Pipeline] sh
[2026-10-05T08:19:58.282Z] + set -e
[2026-10-05T08:19:58.282Z] + docker rm -f attendance-gate attendance-selenium
[2026-10-05T08:19:58.282Z] + docker create --name attendance-gate --network host -e SERVER_PORT=8095 -e ATTENDANCE_ENVIRONMENT=quality-gate eclipse-temurin:21-jre-jammy java -jar /attendance.war
[2026-10-05T08:19:58.532Z] + docker cp app/target/attendance.war attendance-gate:/attendance.war
[2026-10-05T08:19:58.532Z] + docker start attendance-gate
[2026-10-05T08:19:58.783Z] + docker run -d --name attendance-selenium --network host --shm-size=2g -e SE_NODE_MAX_SESSIONS=2 selenium/standalone-chromium:latest
[2026-10-05T08:19:59.035Z] + echo Waiting for the application under test...
[2026-10-05T08:19:59.035Z] Waiting for the application under test...
[2026-10-05T08:19:59.035Z] + seq 1 60
[2026-10-05T08:19:59.035Z] + curl -sf http://localhost:8095/attendance/actuator/health
[2026-10-05T08:19:59.035Z] + sleep 3
[2026-10-05T08:20:02.266Z] + curl -sf http://localhost:8095/attendance/actuator/health
[2026-10-05T08:20:02.266Z] + sleep 3
[2026-10-05T08:20:05.495Z] + curl -sf http://localhost:8095/attendance/actuator/health
[2026-10-05T08:20:05.495Z] + sleep 3
[2026-10-05T08:20:08.729Z] + curl -sf http://localhost:8095/attendance/actuator/health
[2026-10-05T08:20:08.729Z] + break
[2026-10-05T08:20:08.729Z] + curl -sf http://localhost:8095/attendance/actuator/health
[2026-10-05T08:20:08.729Z] + echo Waiting for the Selenium node...
[2026-10-05T08:20:08.729Z] Waiting for the Selenium node...
[2026-10-05T08:20:08.729Z] + seq 1 60
[2026-10-05T08:20:08.729Z] + curl -sf http://localhost:4444/status
[2026-10-05T08:20:08.729Z] + grep -q "ready": *true
[2026-10-05T08:20:08.729Z] + break
[2026-10-05T08:20:08.729Z] + curl -sf http://localhost:4444/status
[2026-10-05T08:20:08.729Z] + grep -q "ready": *true
[2026-10-05T08:20:08.729Z] + curl -sf http://localhost:8095/attendance/actuator/health
[2026-10-05T08:20:08.729Z] {"status":"UP"}+ echo
[2026-10-05T08:20:08.729Z] 
[2026-10-05T08:20:08.729Z] + echo Application under test and browser node are both ready.
[2026-10-05T08:20:08.729Z] Application under test and browser node are both ready.
[2026-10-05T08:20:08.736Z] [Pipeline] }
[2026-10-05T08:20:08.753Z] [Pipeline] // script
[2026-10-05T08:20:08.758Z] Post stage
[2026-10-05T08:20:08.765Z] [Pipeline] script
[2026-10-05T08:20:08.770Z] [Pipeline] {
[2026-10-05T08:20:08.786Z] [Pipeline] sh
[2026-10-05T08:20:09.047Z] + /opt/maven/bin/mvn -B -pl selenium-tests verify -DskipSeleniumTests=false -Dapp.base.url=http://localhost:8095/attendance -Dselenium.remote.url=http://localhost:4444 -Dselenium.headless=true
[2026-10-05T08:20:10.913Z] [INFO] Scanning for projects...
[2026-10-05T08:20:11.163Z] [INFO] 
[2026-10-05T08:20:11.163Z] [INFO] ----------< com.college.attendance:attendance-selenium-tests >----------
[2026-10-05T08:20:11.163Z] [INFO] Building Attendance Portal :: Selenium suite 1.0.0-SNAPSHOT
[2026-10-05T08:20:11.163Z] [INFO]   from pom.xml
[2026-10-05T08:20:11.163Z] [INFO] --------------------------------[ jar ]---------------------------------
[2026-10-05T08:20:11.414Z] [INFO] 
[2026-10-05T08:20:11.414Z] [INFO] --- resources:3.3.1:resources (default-resources) @ attendance-selenium-tests ---
[2026-10-05T08:20:11.667Z] [INFO] skip non existing resourceDirectory /var/jenkins_home/jobs/attendance-portal-pipeline/workspace/selenium-tests/src/main/resources
[2026-10-05T08:20:11.667Z] [INFO] skip non existing resourceDirectory /var/jenkins_home/jobs/attendance-portal-pipeline/workspace/selenium-tests/src/main/resources
[2026-10-05T08:20:11.667Z] [INFO] 
[2026-10-05T08:20:11.667Z] [INFO] --- compiler:3.14.1:compile (default-compile) @ attendance-selenium-tests ---
[2026-10-05T08:20:11.919Z] [INFO] No sources to compile
[2026-10-05T08:20:11.919Z] [INFO] 
[2026-10-05T08:20:11.919Z] [INFO] --- resources:3.3.1:testResources (default-testResources) @ attendance-selenium-tests ---
[2026-10-05T08:20:12.170Z] [INFO] skip non existing resourceDirectory /var/jenkins_home/jobs/attendance-portal-pipeline/workspace/selenium-tests/src/test/resources
[2026-10-05T08:20:12.170Z] [INFO] 
[2026-10-05T08:20:12.170Z] [INFO] --- compiler:3.14.1:testCompile (default-testCompile) @ attendance-selenium-tests ---
[2026-10-05T08:20:12.170Z] [INFO] Nothing to compile - all classes are up to date.
[2026-10-05T08:20:12.170Z] [INFO] 
[2026-10-05T08:20:12.170Z] [INFO] --- surefire:3.5.6:test (default-test) @ attendance-selenium-tests ---
[2026-10-05T08:20:12.170Z] [INFO] Tests are skipped.
[2026-10-05T08:20:12.170Z] [INFO] 
[2026-10-05T08:20:12.170Z] [INFO] --- jar:3.4.2:jar (default-jar) @ attendance-selenium-tests ---
[2026-10-05T08:20:12.420Z] [WARNING] JAR will be empty - no content was marked for inclusion!
[2026-10-05T08:20:12.420Z] [INFO] 
[2026-10-05T08:20:12.420Z] [INFO] --- failsafe:3.5.6:integration-test (default) @ attendance-selenium-tests ---
[2026-10-05T08:20:12.671Z] [INFO] Using auto detected provider org.apache.maven.surefire.junitplatform.JUnitPlatformProvider
[2026-10-05T08:20:12.671Z] [WARNING] System property [app.base.url], [selenium.remote.url], [selenium.headless] overwritten by user properties from Maven session
[2026-10-05T08:20:12.671Z] [INFO] 
[2026-10-05T08:20:12.671Z] [INFO] -------------------------------------------------------
[2026-10-05T08:20:12.671Z] [INFO]  T E S T S
[2026-10-05T08:20:12.671Z] [INFO] -------------------------------------------------------
[2026-10-05T08:20:14.017Z] [INFO] Running com.college.attendance.e2e.J5AuthorisationIT
[2026-10-05T08:20:14.017Z] Oct 05, 2026 8:20:13 AM org.openqa.selenium.remote.tracing.opentelemetry.OpenTelemetryTracer createTracer
[2026-10-05T08:20:14.017Z] INFO: Using OpenTelemetry for tracing
[2026-10-05T08:20:35.836Z] [INFO] Tests run: 6, Failures: 0, Errors: 0, Skipped: 0, Time elapsed: 18.50 s -- in com.college.attendance.e2e.J5AuthorisationIT
[2026-10-05T08:20:35.836Z] [INFO] Running com.college.attendance.e2e.J2SearchAndFilterIT
[2026-10-05T08:20:48.042Z] [INFO] Tests run: 5, Failures: 0, Errors: 0, Skipped: 0, Time elapsed: 15.78 s -- in com.college.attendance.e2e.J2SearchAndFilterIT
[2026-10-05T08:20:48.042Z] [INFO] Running com.college.attendance.e2e.J3ReviewWorkflowIT
[2026-10-05T08:21:06.048Z] [INFO] Tests run: 3, Failures: 0, Errors: 0, Skipped: 0, Time elapsed: 16.80 s -- in com.college.attendance.e2e.J3ReviewWorkflowIT
[2026-10-05T08:21:06.048Z] [INFO] Running com.college.attendance.e2e.J1RecordAttendanceIT
[2026-10-05T08:21:07.914Z] [J1] recorded one session in 2 s (SC1 budget: 120 s)
[2026-10-05T08:21:13.118Z] [INFO] Tests run: 3, Failures: 0, Errors: 0, Skipped: 0, Time elapsed: 8.224 s -- in com.college.attendance.e2e.J1RecordAttendanceIT
[2026-10-05T08:21:13.118Z] [INFO] Running com.college.attendance.e2e.J4StudentSelfServiceIT
[2026-10-05T08:21:22.995Z] [J4] approved record was visible to the student immediately (baseline for this step was 9-14 days)
[2026-10-05T08:21:22.995Z] [INFO] Tests run: 3, Failures: 0, Errors: 0, Skipped: 0, Time elapsed: 8.621 s -- in com.college.attendance.e2e.J4StudentSelfServiceIT
[2026-10-05T08:21:22.995Z] [INFO] 
[2026-10-05T08:21:22.995Z] [INFO] Results:
[2026-10-05T08:21:22.995Z] [INFO] 
[2026-10-05T08:21:22.995Z] [INFO] Tests run: 20, Failures: 0, Errors: 0, Skipped: 0
[2026-10-05T08:21:22.995Z] [INFO] 
[2026-10-05T08:21:22.995Z] [INFO] 
[2026-10-05T08:21:22.995Z] [INFO] --- failsafe:3.5.6:integration-test (selenium-journeys) @ attendance-selenium-tests ---
[2026-10-05T08:21:22.995Z] [INFO] Skipping execution of surefire because it has already been run for this configuration
[2026-10-05T08:21:22.995Z] [INFO] 
[2026-10-05T08:21:22.995Z] [INFO] --- failsafe:3.5.6:verify (default) @ attendance-selenium-tests ---
[2026-10-05T08:21:22.995Z] [INFO] 
[2026-10-05T08:21:22.995Z] [INFO] --- failsafe:3.5.6:verify (selenium-journeys) @ attendance-selenium-tests ---
[2026-10-05T08:21:22.995Z] [INFO] ------------------------------------------------------------------------
[2026-10-05T08:21:22.995Z] [INFO] BUILD SUCCESS
[2026-10-05T08:21:22.995Z] [INFO] ------------------------------------------------------------------------
[2026-10-05T08:21:22.995Z] [INFO] Total time:  01:11 min
[2026-10-05T08:21:22.995Z] [INFO] Finished at: 2026-10-05T08:21:21Z
[2026-10-05T08:21:22.995Z] [INFO] ------------------------------------------------------------------------
[2026-10-05T08:21:23.012Z] [Pipeline] junit
[2026-10-05T08:21:23.015Z] Recording test results
[2026-10-05T08:21:23.033Z] [Checks API] No suitable checks publisher found.
[2026-10-05T08:21:23.044Z] [Pipeline] archiveArtifacts
[2026-10-05T08:21:23.048Z] Archiving artifacts
[2026-10-05T08:21:23.049Z] ‘selenium-tests/target/screenshots/**’ doesn’t match anything, but ‘**’ does. Perhaps that’s what you mean?
[2026-10-05T08:21:23.049Z] No artifacts found that match the file pattern "selenium-tests/target/screenshots/**". Configuration error?
[2026-10-05T08:21:23.066Z] [Pipeline] sh
[2026-10-05T08:21:23.323Z] + docker rm -f attendance-gate attendance-selenium
[2026-10-05T08:21:23.579Z] [Pipeline] echo
[2026-10-05T08:21:23.581Z] Selenium quality gate passed.
[2026-10-05T08:21:23.583Z] [Pipeline] }
[2026-10-05T08:21:23.598Z] [Pipeline] // script
[2026-10-05T08:21:23.609Z] [Pipeline] }
[2026-10-05T08:21:23.622Z] [Pipeline] // stage
[2026-10-05T08:21:23.630Z] [Pipeline] stage
[2026-10-05T08:21:23.632Z] [Pipeline] { (Build and publish image)
[2026-10-05T08:21:23.648Z] [Pipeline] script
[2026-10-05T08:21:23.652Z] [Pipeline] {
[2026-10-05T08:21:23.680Z] [Pipeline] sh
[2026-10-05T08:21:23.937Z] + set -e
[2026-10-05T08:21:23.937Z] + date -u +%Y-%m-%dT%H:%M:%SZ
[2026-10-05T08:21:23.937Z] + docker build --build-arg APP_VERSION=1.0.13-c5dcba3 --build-arg GIT_COMMIT=c5dcba3 --build-arg BUILD_TIME=2026-10-05T08:21:23Z -t localhost:5000/attendance-portal:1.0.13-c5dcba3 -t localhost:5000/attendance-portal:latest -f Dockerfile .
[2026-10-05T08:21:23.937Z] DEPRECATED: The legacy builder is deprecated and will be removed in a future release.
[2026-10-05T08:21:23.937Z]             Install the buildx component to build images with BuildKit:
[2026-10-05T08:21:23.937Z]             https://docs.docker.com/go/buildx/
[2026-10-05T08:21:23.937Z] 
[2026-10-05T08:21:23.937Z] Sending build context to Docker daemon  64.13MB[2026-10-05T08:21:23.937Z] 
[2026-10-05T08:21:23.937Z] Step 1/14 : FROM eclipse-temurin:21-jre-jammy
[2026-10-05T08:21:23.937Z]  ---> f04fb34e0531
[2026-10-05T08:21:23.937Z] Step 2/14 : ARG APP_VERSION=dev
[2026-10-05T08:21:24.188Z]  ---> Running in c1eabdd4c2df
[2026-10-05T08:21:25.101Z]  ---> Removed intermediate container c1eabdd4c2df
[2026-10-05T08:21:25.101Z]  ---> 37ef514c88e6
[2026-10-05T08:21:25.101Z] Step 3/14 : ARG GIT_COMMIT=unknown
[2026-10-05T08:21:25.101Z]  ---> Running in 9b88469a0c21
[2026-10-05T08:21:25.652Z]  ---> Removed intermediate container 9b88469a0c21
[2026-10-05T08:21:25.652Z]  ---> f1047c2ea3d2
[2026-10-05T08:21:25.652Z] Step 4/14 : ARG BUILD_TIME=unknown
[2026-10-05T08:21:25.652Z]  ---> Running in c0719a3efba9
[2026-10-05T08:21:26.563Z]  ---> Removed intermediate container c0719a3efba9
[2026-10-05T08:21:26.563Z]  ---> c79a6e1b4d98
[2026-10-05T08:21:26.563Z] Step 5/14 : LABEL org.opencontainers.image.title="Student Attendance Management Portal"       org.opencontainers.image.description="Role-aware attendance system of record"       org.opencontainers.image.version="${APP_VERSION}"       org.opencontainers.image.revision="${GIT_COMMIT}"       org.opencontainers.image.created="${BUILD_TIME}"       org.opencontainers.image.source="https://github.com/Swaroop192005/CI-CD-Pipeline-for-a-Student-Attendance-Management"       org.opencontainers.image.licenses="academic-project"
[2026-10-05T08:21:26.563Z]  ---> Running in 3e6fd937b3a9
[2026-10-05T08:21:27.114Z]  ---> Removed intermediate container 3e6fd937b3a9
[2026-10-05T08:21:27.114Z]  ---> 1c0a6ba92ea0
[2026-10-05T08:21:27.114Z] Step 6/14 : RUN groupadd --system --gid 1001 attendance  && useradd --system --uid 1001 --gid attendance             --create-home --home-dir /home/attendance attendance  && mkdir -p /app/data  && chown -R attendance:attendance /app
[2026-10-05T08:21:27.114Z]  ---> Running in 7aa9fad93715
[2026-10-05T08:21:28.026Z]  ---> Removed intermediate container 7aa9fad93715
[2026-10-05T08:21:28.026Z]  ---> ebda4a3ebd07
[2026-10-05T08:21:28.026Z] Step 7/14 : WORKDIR /app
[2026-10-05T08:21:28.026Z]  ---> Running in aef0b635bbc9
[2026-10-05T08:21:28.937Z]  ---> Removed intermediate container aef0b635bbc9
[2026-10-05T08:21:28.937Z]  ---> f608ef4c7a5f
[2026-10-05T08:21:28.937Z] Step 8/14 : COPY --chown=attendance:attendance app/target/attendance.war /app/attendance.war
[2026-10-05T08:21:32.166Z]  ---> 278d4737c880
[2026-10-05T08:21:32.166Z] Step 9/14 : USER attendance
[2026-10-05T08:21:32.166Z]  ---> Running in ce5a2cd51885
[2026-10-05T08:21:32.717Z]  ---> Removed intermediate container ce5a2cd51885
[2026-10-05T08:21:32.717Z]  ---> 5d8ad414fb1e
[2026-10-05T08:21:32.717Z] Step 10/14 : ENV SERVER_PORT=8080     SERVER_SERVLET_CONTEXT_PATH=/attendance     SPRING_DATASOURCE_URL="jdbc:h2:file:/app/data/attendance;DB_CLOSE_ON_EXIT=FALSE"     ATTENDANCE_ENVIRONMENT=container     ATTENDANCE_ELIGIBILITY_THRESHOLD=75     ATTENDANCE_SEED_DATA=true     JAVA_OPTS="-XX:MaxRAMPercentage=75.0 -XX:+UseSerialGC"
[2026-10-05T08:21:32.717Z]  ---> Running in d80e1b7464a3
[2026-10-05T08:21:33.268Z]  ---> Removed intermediate container d80e1b7464a3
[2026-10-05T08:21:33.268Z]  ---> d1f2766b3e12
[2026-10-05T08:21:33.268Z] Step 11/14 : EXPOSE 8080
[2026-10-05T08:21:33.268Z]  ---> Running in 4d6faca5fef8
[2026-10-05T08:21:33.819Z]  ---> Removed intermediate container 4d6faca5fef8
[2026-10-05T08:21:33.819Z]  ---> 374f7f3807bb
[2026-10-05T08:21:33.819Z] Step 12/14 : VOLUME ["/app/data"]
[2026-10-05T08:21:33.819Z]  ---> Running in f7fdae7a0e55
[2026-10-05T08:21:34.370Z]  ---> Removed intermediate container f7fdae7a0e55
[2026-10-05T08:21:34.370Z]  ---> 5f1a463ddda6
[2026-10-05T08:21:34.370Z] Step 13/14 : HEALTHCHECK --interval=15s --timeout=5s --start-period=60s --retries=3     CMD wget --quiet --tries=1 --spider         "http://localhost:${SERVER_PORT}${SERVER_SERVLET_CONTEXT_PATH}/actuator/health" || exit 1
[2026-10-05T08:21:34.370Z]  ---> Running in 8e2e3d59f951
[2026-10-05T08:21:34.921Z]  ---> Removed intermediate container 8e2e3d59f951
[2026-10-05T08:21:34.921Z]  ---> 311e49b675dc
[2026-10-05T08:21:34.921Z] Step 14/14 : ENTRYPOINT ["sh", "-c", "exec java $JAVA_OPTS -jar /app/attendance.war"]
[2026-10-05T08:21:34.921Z]  ---> Running in cd9dcea7d727
[2026-10-05T08:21:35.832Z]  ---> Removed intermediate container cd9dcea7d727
[2026-10-05T08:21:35.832Z]  ---> d15441d6c264
[2026-10-05T08:21:35.832Z] Successfully built d15441d6c264
[2026-10-05T08:21:35.832Z] Successfully tagged localhost:5000/attendance-portal:1.0.13-c5dcba3
[2026-10-05T08:21:35.832Z] Successfully tagged localhost:5000/attendance-portal:latest
[2026-10-05T08:21:35.832Z] + docker push localhost:5000/attendance-portal:1.0.13-c5dcba3
[2026-10-05T08:21:35.832Z] The push refers to repository [localhost:5000/attendance-portal]
[2026-10-05T08:21:35.832Z] 8299b2794a7b: Layer already exists
[2026-10-05T08:21:35.832Z] e992b94e17ea: Layer already exists
[2026-10-05T08:21:35.832Z] 98c4455a9898: Layer already exists
[2026-10-05T08:21:35.832Z] a27e6c87f881: Pushed
[2026-10-05T08:21:35.832Z] 04554394ac47: Layer already exists
[2026-10-05T08:21:35.832Z] 246658e744f6: Layer already exists
[2026-10-05T08:21:36.084Z] 3a32cc627d64: Pushed
[2026-10-05T08:21:36.084Z] 1.0.13-c5dcba3: digest: sha256:d15441d6c2644ca4dd7a76a46da065728aaa5c09efb28ba9b53fe1e17229b58d size: 1839
[2026-10-05T08:21:36.084Z] + docker push localhost:5000/attendance-portal:latest
[2026-10-05T08:21:36.084Z] The push refers to repository [localhost:5000/attendance-portal]
[2026-10-05T08:21:36.334Z] 98c4455a9898: Layer already exists
[2026-10-05T08:21:36.334Z] 8299b2794a7b: Layer already exists
[2026-10-05T08:21:36.334Z] e992b94e17ea: Layer already exists
[2026-10-05T08:21:36.334Z] a27e6c87f881: Layer already exists
[2026-10-05T08:21:36.334Z] 3a32cc627d64: Layer already exists
[2026-10-05T08:21:36.334Z] 04554394ac47: Layer already exists
[2026-10-05T08:21:36.334Z] 246658e744f6: Layer already exists
[2026-10-05T08:21:36.334Z] latest: digest: sha256:d15441d6c2644ca4dd7a76a46da065728aaa5c09efb28ba9b53fe1e17229b58d size: 1839
[2026-10-05T08:21:36.334Z] + echo Published:
[2026-10-05T08:21:36.334Z] Published:
[2026-10-05T08:21:36.334Z] + echo   localhost:5000/attendance-portal:1.0.13-c5dcba3
[2026-10-05T08:21:36.334Z]   localhost:5000/attendance-portal:1.0.13-c5dcba3
[2026-10-05T08:21:36.334Z] + echo   localhost:5000/attendance-portal:latest
[2026-10-05T08:21:36.334Z]   localhost:5000/attendance-portal:latest
[2026-10-05T08:21:36.350Z] [Pipeline] sh
[2026-10-05T08:21:36.609Z] + echo Registry now holds:
[2026-10-05T08:21:36.609Z] Registry now holds:
[2026-10-05T08:21:36.609Z] + curl -s http://localhost:5000/v2/attendance-portal/tags/list
[2026-10-05T08:21:36.609Z] {"name":"attendance-portal","tags":["latest","1.0.0","1.0.13-c5dcba3"]}
[2026-10-05T08:21:36.609Z] + echo
[2026-10-05T08:21:36.609Z] 
[2026-10-05T08:21:36.621Z] [Pipeline] }
[2026-10-05T08:21:36.639Z] [Pipeline] // script
[2026-10-05T08:21:36.647Z] [Pipeline] }
[2026-10-05T08:21:36.660Z] [Pipeline] // stage
[2026-10-05T08:21:36.670Z] [Pipeline] stage
[2026-10-05T08:21:36.672Z] [Pipeline] { (Deploy container)
[2026-10-05T08:21:36.690Z] [Pipeline] script
[2026-10-05T08:21:36.693Z] [Pipeline] {
[2026-10-05T08:21:36.731Z] [Pipeline] sh
[2026-10-05T08:21:36.987Z] + set -e
[2026-10-05T08:21:36.987Z] + echo Deploying localhost:5000/attendance-portal:1.0.13-c5dcba3 as attendance-app-staging on port 8100
[2026-10-05T08:21:36.987Z] Deploying localhost:5000/attendance-portal:1.0.13-c5dcba3 as attendance-app-staging on port 8100
[2026-10-05T08:21:36.987Z] + docker pull localhost:5000/attendance-portal:1.0.13-c5dcba3
[2026-10-05T08:21:36.987Z] 1.0.13-c5dcba3: Pulling from attendance-portal
[2026-10-05T08:21:36.987Z] Digest: sha256:d15441d6c2644ca4dd7a76a46da065728aaa5c09efb28ba9b53fe1e17229b58d
[2026-10-05T08:21:36.987Z] Status: Image is up to date for localhost:5000/attendance-portal:1.0.13-c5dcba3
[2026-10-05T08:21:36.987Z] localhost:5000/attendance-portal:1.0.13-c5dcba3
[2026-10-05T08:21:36.987Z] + docker rm -f attendance-app-staging
[2026-10-05T08:21:36.987Z] + docker volume create attendance-data-staging
[2026-10-05T08:21:36.987Z] + docker run -d --name attendance-app-staging -p 8100:8080 -v attendance-data-staging:/app/data -e ATTENDANCE_ENVIRONMENT=staging --restart unless-stopped --label app.version=1.0.13-c5dcba3 --label app.commit=c5dcba3 localhost:5000/attendance-portal:1.0.13-c5dcba3
[2026-10-05T08:21:37.238Z] + seq 1 60
[2026-10-05T08:21:37.238Z] + curl -sf http://localhost:8100/attendance/actuator/health
[2026-10-05T08:21:37.238Z] + sleep 3
[2026-10-05T08:21:40.467Z] + curl -sf http://localhost:8100/attendance/actuator/health
[2026-10-05T08:21:40.467Z] + sleep 3
[2026-10-05T08:21:43.698Z] + curl -sf http://localhost:8100/attendance/actuator/health
[2026-10-05T08:21:43.698Z] + sleep 3
[2026-10-05T08:21:46.182Z] + curl -sf http://localhost:8100/attendance/actuator/health
[2026-10-05T08:21:46.433Z] + echo Container healthy after 4 attempt(s)
[2026-10-05T08:21:46.433Z] Container healthy after 4 attempt(s)
[2026-10-05T08:21:46.433Z] + break
[2026-10-05T08:21:46.433Z] + curl -sf http://localhost:8100/attendance/actuator/health
[2026-10-05T08:21:46.433Z] + echo Container deployment:
[2026-10-05T08:21:46.433Z] Container deployment:
[2026-10-05T08:21:46.433Z] + docker ps --filter name=attendance-app-staging --format   {{.Names}}  {{.Image}}  {{.Status}}  {{.Ports}}
[2026-10-05T08:21:46.433Z] attendance-app-staging  localhost:5000/attendance-portal:1.0.13-c5dcba3  Up 9 seconds (health: starting)  0.0.0.0:8100->8080/tcp
[2026-10-05T08:21:46.433Z] + curl -s http://localhost:8100/attendance/actuator/info
[2026-10-05T08:21:46.433Z] {"app":{"name":"Student Attendance Management Portal","environment":"staging"}}+ echo
[2026-10-05T08:21:46.433Z] 
[2026-10-05T08:21:46.433Z] + echo Containerised application URL: http://localhost:8100/attendance
[2026-10-05T08:21:46.433Z] Containerised application URL: http://localhost:8100/attendance
[2026-10-05T08:21:46.441Z] [Pipeline] }
[2026-10-05T08:21:46.459Z] [Pipeline] // script
[2026-10-05T08:21:46.465Z] [Pipeline] }
[2026-10-05T08:21:46.482Z] [Pipeline] // stage
[2026-10-05T08:21:46.494Z] [Pipeline] stage
[2026-10-05T08:21:46.496Z] [Pipeline] { (Deploy to Tomcat)
[2026-10-05T08:21:46.516Z] [Pipeline] script
[2026-10-05T08:21:46.521Z] [Pipeline] {
[2026-10-05T08:21:46.541Z] [Pipeline] sh
[2026-10-05T08:21:46.804Z] + set -e
[2026-10-05T08:21:46.804Z] + echo Deploying 1.0.13-c5dcba3 to Tomcat as 'staging' on port 8090
[2026-10-05T08:21:46.804Z] Deploying 1.0.13-c5dcba3 to Tomcat as 'staging' on port 8090
[2026-10-05T08:21:46.804Z] + docker rm -f attendance-tomcat-staging
[2026-10-05T08:21:47.055Z] + docker run -d --name attendance-tomcat-staging -p 8090:8080 -e ATTENDANCE_ENVIRONMENT=staging -e ATTENDANCE_ELIGIBILITY_THRESHOLD=75 -e SPRING_DATASOURCE_URL=jdbc:h2:file:/usr/local/tomcat/data/attendance;DB_CLOSE_ON_EXIT=FALSE tomcat:10.1-jdk21-temurin
[2026-10-05T08:21:47.305Z] 24ace3b8c0050731d882ad58817024521b68d23e5a1a73d7316c6efc97ce5c75
[2026-10-05T08:21:47.305Z] + sleep 5
[2026-10-05T08:21:52.505Z] + docker cp app/target/attendance.war attendance-tomcat-staging:/usr/local/tomcat/webapps/attendance.war
[2026-10-05T08:21:52.514Z] [Pipeline] }
[2026-10-05T08:21:52.532Z] [Pipeline] // script
[2026-10-05T08:21:52.541Z] [Pipeline] }
[2026-10-05T08:21:52.577Z] [Pipeline] // stage
[2026-10-05T08:21:52.593Z] [Pipeline] stage
[2026-10-05T08:21:52.595Z] [Pipeline] { (Verify deployment)
[2026-10-05T08:21:52.626Z] [Pipeline] script
[2026-10-05T08:21:52.632Z] [Pipeline] {
[2026-10-05T08:21:52.657Z] [Pipeline] sh
[2026-10-05T08:21:52.916Z] + set -e
[2026-10-05T08:21:52.917Z] + seq 1 60
[2026-10-05T08:21:52.917Z] + curl -sf http://localhost:8090/attendance/actuator/health
[2026-10-05T08:21:52.917Z] + sleep 3
[2026-10-05T08:21:56.146Z] + curl -sf http://localhost:8090/attendance/actuator/health
[2026-10-05T08:21:56.146Z] + sleep 3
[2026-10-05T08:21:59.376Z] + curl -sf http://localhost:8090/attendance/actuator/health
[2026-10-05T08:21:59.376Z] + sleep 3
[2026-10-05T08:22:01.860Z] + curl -sf http://localhost:8090/attendance/actuator/health
[2026-10-05T08:22:02.111Z] + sleep 3
[2026-10-05T08:22:05.346Z] + curl -sf http://localhost:8090/attendance/actuator/health
[2026-10-05T08:22:05.346Z] + sleep 3
[2026-10-05T08:22:08.575Z] + curl -sf http://localhost:8090/attendance/actuator/health
[2026-10-05T08:22:08.575Z] + echo Health check passed after 6 attempt(s)
[2026-10-05T08:22:08.575Z] Health check passed after 6 attempt(s)
[2026-10-05T08:22:08.575Z] + curl -s http://localhost:8090/attendance/actuator/health
[2026-10-05T08:22:08.575Z] {"status":"UP"}+ echo
[2026-10-05T08:22:08.575Z] 
[2026-10-05T08:22:08.575Z] + exit 0
[2026-10-05T08:22:08.587Z] [Pipeline] sh
[2026-10-05T08:22:08.845Z] + + curl -s http://localhost:8090/attendance/actuator/info
[2026-10-05T08:22:08.845Z] sed -n s/.*"environment":"\([^"]*\)".*/\1/p
[2026-10-05T08:22:08.854Z] [Pipeline] echo
[2026-10-05T08:22:08.856Z] Deployed application reports environment: 'staging'
[2026-10-05T08:22:08.862Z] [Pipeline] echo
[2026-10-05T08:22:08.863Z] Parameter verified: requested 'staging', deployed 'staging'
[2026-10-05T08:22:08.867Z] [Pipeline] echo
[2026-10-05T08:22:08.868Z] Deployed application URL: http://localhost:8090/attendance
[2026-10-05T08:22:08.870Z] [Pipeline] }
[2026-10-05T08:22:08.884Z] [Pipeline] // script
[2026-10-05T08:22:08.894Z] [Pipeline] }
[2026-10-05T08:22:08.915Z] [Pipeline] // stage
[2026-10-05T08:22:08.927Z] [Pipeline] stage
[2026-10-05T08:22:08.928Z] [Pipeline] { (Declarative: Post Actions)
[2026-10-05T08:22:08.946Z] [Pipeline] cleanWs
[2026-10-05T08:22:08.949Z] [WS-CLEANUP] Deleting project workspace...
[2026-10-05T08:22:09.132Z] [WS-CLEANUP] done
[2026-10-05T08:22:09.145Z] [Pipeline] echo
[2026-10-05T08:22:09.146Z] Pipeline succeeded for 1.0.13-c5dcba3:
[2026-10-05T08:22:09.146Z]   image     localhost:5000/attendance-portal:1.0.13-c5dcba3
[2026-10-05T08:22:09.146Z]   Tomcat    http://localhost:8090/attendance
[2026-10-05T08:22:09.146Z]   container http://localhost:8100/attendance
[2026-10-05T08:22:09.157Z] [Pipeline] }
[2026-10-05T08:22:09.171Z] [Pipeline] // stage
[2026-10-05T08:22:09.177Z] [Pipeline] }
[2026-10-05T08:22:09.192Z] [Pipeline] // timeout
[2026-10-05T08:22:09.198Z] [Pipeline] }
[2026-10-05T08:22:09.212Z] [Pipeline] // timestamps
[2026-10-05T08:22:09.218Z] [Pipeline] }
[2026-10-05T08:22:09.228Z] [Pipeline] // withEnv
[2026-10-05T08:22:09.233Z] [Pipeline] }
[2026-10-05T08:22:09.244Z] [Pipeline] // withEnv
[2026-10-05T08:22:09.252Z] [Pipeline] }
[2026-10-05T08:22:09.265Z] [Pipeline] // node
[2026-10-05T08:22:09.271Z] [Pipeline] End of Pipeline
[2026-10-05T08:22:09.304Z] Finished: SUCCESS
