[2026-10-10T05:02:23.905Z] Started by user [8mha:////4I1BxGtyuQOOCCyjrm4YMk75HG9Bpi/wL7xeOaMISUUtAAAAlx+LCAAAAAAAAP9b85aBtbiIQTGjNKU4P08vOT+vOD8nVc83PyU1x6OyILUoJzMv2y+/JJUBAhiZGBgqihhk0NSjKDWzXb3RdlLBUSYGJk8GtpzUvPSSDB8G5tKinBIGIZ+sxLJE/ZzEvHT94JKizLx0a6BxUmjGOUNodHsLgAzWEgZu/dLi1CL9xJTczDwAj6GcLcAAAAA=[0madmin
[2026-10-10T05:02:25.581Z] Obtained Jenkinsfile from git https://github.com/Swaroop192005/CI-CD-Pipeline-for-a-Student-Attendance-Management.git
[2026-10-10T05:02:26.042Z] [8mha:////4JZoIyg3Ofwy2O4l8hTdenZVNysiceE2QEMAQjva+c6gAAAAoh+LCAAAAAAAAP9tjTEOwjAQBM8BClpKHuFItIiK1krDC0x8GCfWnbEdkooX8TX+gCESFVvtrLSa5wtWKcKBo5UdUu8otU4GP9jS5Mixv3geZcdn2TIl9igbHBs2eJyx4YwwR1SwULBGaj0nRzbDRnX6rmuvydanHMu2V1A5c4MHCFXMWcf8hSnC9jqYxPTz/BXAFEIGsfuclm8zQVqFvQAAAA==[0m[Pipeline] Start of Pipeline
[2026-10-10T05:02:26.272Z] [8mha:////4B8sNVrqW+opyv6tZX86XRagDnkDxFM+aeEJgJnQd0fzAAAApR+LCAAAAAAAAP9tjTEOwjAUQ3+KOrAycohUghExsUZZOEFIQkgb/d8mKe3EibgadyBQiQlLlmxL1nu+oE4RjhQdby12HpP2vA+jK4lPFLtroIm3dOGaMFGwXNpJkrGnpUrKFhaxClYC1hZ1oOTRZdiIVt1VExS65pxj2Q4CKm8GeAAThZxVzN8yR9jeRpMIf5y/AJj7DGxXvP/86jduZBmjwAAAAA==[0m[Pipeline] node
[2026-10-10T05:02:26.347Z] Running on [8mha:////4JdicI+Kv2gzti8ANytS5WFylrdeKv3ClNBJYG8qu5K7AAAAoR+LCAAAAAAAAP9b85aBtbiIQTGjNKU4P08vOT+vOD8nVc83PyU1x6OyILUoJzMv2y+/JJUBAhiZGBgqihhk0NSjKDWzXb3RdlLBUSYGJk8GtpzUvPSSDB8G5tKinBIGIZ+sxLJE/ZzEvHT94JKizLx0a6BxUmjGOUNodHsLgAz2EgZR/eT83ILSktQifY2k0sycEt3MPE19AHHxbH3KAAAA[0mJenkins in /var/jenkins_home/workspace/attendance-portal-pipeline
[2026-10-10T05:02:26.425Z] [8mha:////4M48WCgmWm7L2IBNhUYd8h/cXcoPdRdwmVt9nkO7FzS4AAAApR+LCAAAAAAAAP9tjTEOwjAUQ3+KOrAycoh0gA0xsUZZOEFIQkgb/d8mKe3EibgadyBQiQlLlmxL1nu+oE4RjhQdby12HpP2vA+jK4lPFLtroIm3dOGaMFGwXNpJkrGnpUrKFhaxClYC1hZ1oOTRZdiIVt1VExS65pxj2Q4CKm8GeAAThZxVzN8yR9jeRpMIf5y/AJj7DGxXvP/86jfoP95RwAAAAA==[0m[Pipeline] {
[2026-10-10T05:02:26.475Z] [8mha:////4LegMoCOAQeS2UJsDI4Xp9T81K93IBMln+LHf4SR7+QIAAAApR+LCAAAAAAAAP9tjTEOwjAUQ3+KOrAycoh0gQkxsUZZOEFIQkgb/d8mKe3EibgadyBQiQlLlmxL1nu+oE4RjhQdby12HpP2vA+jK4lPFLtroIm3dOGaMFGwXNpJkrGnpUrKFhaxClYC1hZ1oOTRZdiIVt1VExS65pxj2Q4CKm8GeAAThZxVzN8yR9jeRpMIf5y/AJj7DGxXvP/86jc09154wAAAAA==[0m[Pipeline] stage
[2026-10-10T05:02:26.483Z] [8mha:////4M/FJS+8lHt7AutMU/1HriLS+1wCcbcKQXHGRbr7qHDrAAAApR+LCAAAAAAAAP9tjTEOwjAUQ3+KOrAycoh0ggUxsUZZOEFIQkgb/d8mKe3EibgadyBQiQlLlmxL1nu+oE4RjhQdby12HpP2vA+jK4lPFLtroIm3dOGaMFGwXNpJkrGnpUrKFhaxClYC1hZ1oOTRZdiIVt1VExS65pxj2Q4CKm8GeAAThZxVzN8yR9jeRpMIf5y/AJj7DGxXvP/86jek7ggRwAAAAA==[0m[Pipeline] { (Declarative: Checkout SCM)
[2026-10-10T05:02:26.528Z] [8mha:////4L2o2QyerbOsMOvxWdlu+/FIzfMALKU9x7AK+qv5dUB+AAAAoh+LCAAAAAAAAP9tjTEOAiEURD9rLGwtPQTbaWGsbAmNJ0AWEZb8zwLrbuWJvJp3kLiJlZNMMm+a93rDOic4UbLcG+wdZu14DKOti0+U+lugiXu6ck2YKRguzSSpM+cFJRUDS1gDKwEbgzpQdmgLbIVXD9UGhba9lFS/o4DGdQM8gYlqLiqVL8wJdvexy4Q/z18BzLEA29ce4gfg7KmOvAAAAA==[0m[Pipeline] checkout
[2026-10-10T05:02:26.535Z] The recommended git tool is: git
[2026-10-10T05:02:26.535Z] No credentials specified
[2026-10-10T05:02:26.536Z]  > git rev-parse --resolve-git-dir /var/jenkins_home/workspace/attendance-portal-pipeline/.git # timeout=10
[2026-10-10T05:02:26.546Z] Fetching changes from the remote Git repository
[2026-10-10T05:02:26.549Z]  > git config remote.origin.url https://github.com/Swaroop192005/CI-CD-Pipeline-for-a-Student-Attendance-Management.git # timeout=10
[2026-10-10T05:02:26.557Z] Fetching upstream changes from https://github.com/Swaroop192005/CI-CD-Pipeline-for-a-Student-Attendance-Management.git
[2026-10-10T05:02:26.557Z]  > git --version # timeout=10
[2026-10-10T05:02:26.567Z]  > git --version # 'git version 2.47.3'
[2026-10-10T05:02:26.567Z]  > git fetch --tags --force --progress -- https://github.com/Swaroop192005/CI-CD-Pipeline-for-a-Student-Attendance-Management.git +refs/heads/*:refs/remotes/origin/* # timeout=10
[2026-10-10T05:02:27.626Z]  > git rev-parse refs/remotes/origin/develop^{commit} # timeout=10
[2026-10-10T05:02:27.634Z] Checking out Revision 55761d515fb72501f877be6db1f4fc9002d3f3bb (refs/remotes/origin/develop)
[2026-10-10T05:02:27.634Z]  > git config core.sparsecheckout # timeout=10
[2026-10-10T05:02:27.639Z]  > git checkout -f 55761d515fb72501f877be6db1f4fc9002d3f3bb # timeout=10
[2026-10-10T05:02:27.656Z] Commit message: "Pipeline fix for the next run"
[2026-10-10T05:02:27.657Z]  > git rev-list --no-walk 83c51bc1ab6181df6a3c5079cc2af67600ed710c # timeout=10
[2026-10-10T05:02:27.687Z] [8mha:////4FFJoVvOe1bAyGQd94qEG7Ft+8CM34pVSj4zeRbcvop/AAAAoh+LCAAAAAAAAP9tjTEOAiEURD9rLGwtPQTbGRNjZUtoPAGyiLDkfxZYdytP5NW8g8RNrJxkknnTvNcb1jnBiZLl3mDvMGvHYxhtXXyi1N8CTdzTlWvCTMFwaSZJnTkvKKkYWMIaWAnYGNSBskNbYCu8eqg2KLTtpaT6HQU0rhvgCUxUc1GpfGFOsLuPXSb8ef4KYI6xADvU7j9Dg2gqvAAAAA==[0m[Pipeline] }
[2026-10-10T05:02:27.703Z] [8mha:////4NwFtBV54XiDVdk0iTqptV+c7zfm2Hpqs18R1EoLK1zzAAAAoh+LCAAAAAAAAP9tjTEOAiEURD9rLGwtPQRbWRhjZUtoPAGyiLDkfxZYdytP5NW8g8RNrJxkknnTvNcb1jnBiZLl3mDvMGvHYxhtXXyi1N8CTdzTlWvCTMFwaSZJnTkvKKkYWMIaWAnYGNSBskNbYCu8eqg2KLTtpaT6HQU0rhvgCUxUc1GpfGFOsLuPXSb8ef4KYI6xADvU7j9J+wGOvAAAAA==[0m[Pipeline] // stage
[2026-10-10T05:02:27.719Z] [8mha:////4GACFRxgDoBakAzW/9dCUqly+XuGnE4E/KW2gW7YlIbPAAAAph+LCAAAAAAAAP9tjTEOwjAQBM9BKWgpeYQDEh2iorXc8AITG+PEugv2haTiRXyNPxCIRMVWOyut5vmCMic4UPKycdgGzHWQXez91ORAqb1EGmRDZ1kTZopOajdosu44oyZ2MEcUsFCwdFhHygE9w0o15m6qaNBXJ07TtldQBHuDBwg1mdkk/sKYYH3tbSb8ef4KYOwYxI6h2G4+x/INtuQqUcEAAAA=[0m[Pipeline] withEnv
[2026-10-10T05:02:27.722Z] [8mha:////4CHCGdANyrmY+y1TvR1qnH0i4Ye0UdUu8aJHCFf3d4AlAAAApR+LCAAAAAAAAP9tjTEOwjAUQ3+DOrAycoiUzoiJNerCCUITQtLo/zZJSSdOxNW4Ay2VmPBg2Zas93pDGQOcKBjuNHYWY2t570czJ54pdDdPmTu68pYwkte80bkhpc9rbShpWFUw2AjYamw9RYsmwU44+ZCVl2iqSwrzdhTArBrgCYWYyUmG9C1TgP19VJHwx/kLgKlPwOrDYvXyLD8BobDcwgAAAA==[0m[Pipeline] {
[2026-10-10T05:02:27.771Z] [8mha:////4ER3jX7GSQHpb0ns7olNBV004SEsOx73w5nOkUofgc4fAAAAph+LCAAAAAAAAP9tjTEOwjAUQ3+LOrAycohUZUVMrFEWThCaEJJG/7dJSjpxIq7GHWipxIQHy7ZkvdcbqhjgRMEwp7GzGFvLej+aObFMobt5yszRlbWEkbxmQmdBSp/XKihpWFWUsOGw1dh6ihZNgh138iFrL9HUlxTm7cihtGqAJxR8JicZ0rdMAfb3UUXCH+cvAKY+Qdk0ix2WZ/UBbwyqm8IAAAA=[0m[Pipeline] withEnv
[2026-10-10T05:02:27.774Z] [8mha:////4B0TUolKspHrf5PfE3io6T8dIhWK6qrMfGYHv7jAsLYvAAAAph+LCAAAAAAAAP9tjTEOwjAUQ3+LOrAycohUwIiYukZZOEFoQkgb/V9+UtqJE3E17kBLJSY8WLYl673eUESGE7ETjcXWY6y96ELvpiQG4vYaaBANXURNGClYoeygyNhqqYqShUVZDisJa4t1oOjRJdjIRj90GTS68px42o4Scm/u8IRMTuSkOX3LyLC99SYS/jh/ATB2CfLdfrbD/Cw+y7kUycIAAAA=[0m[Pipeline] {
[2026-10-10T05:02:27.795Z] [8mha:////4LwwjGOZ0gpYI9/f3jy5qJWmhQBCCR2SQLFBJgQ69jfnAAAApx+LCAAAAAAAAP9tjTEOwjAUQ3+LOrAycohUCDbE1DXKwglCE0La6P/yk9JOnIircQdaKjHhwbItWe/1hiIynIidaCy2HmPtRRd6NyUxELfXQINo6CJqwkjBCmUHRcZWS1WULCzKclhJWFusA0WPLsFGNvqhy6DRlefE03aUkHtzhydkciInzelbRobtrTeR8Mf5C4CxS5Dv9rMd5mfxAbNWnxXCAAAA[0m[Pipeline] timestamps
[2026-10-10T05:02:27.796Z] The timestamps step is unnecessary when timestamps are enabled for all Pipeline builds.
[2026-10-10T05:02:27.799Z] [8mha:////4POuOPU90sTSEEtiW6GCIAHL9LWccffflkt4Paz9W0mWAAAApx+LCAAAAAAAAP9tjTEOwjAUQ3+LOrAycohUSDAhpq5RFk4QmhDSRv+Xn5R24kRcjTvQUokJD5ZtyXqvNxSR4UTsRGOx9RhrL7rQuymJgbi9BhpEQxdRE0YKVig7KDK2WqqiZGFRlsNKwtpiHSh6dAk2stEPXQaNrjwnnrajhNybOzwhkxM5aU7fMjJsb72JhD/OXwCMXYJ8t5/tMD+LD5WQ+PfCAAAA[0m[Pipeline] {
[2026-10-10T05:02:27.817Z] [8mha:////4L7tQoe4Lu9jk/3rZfsCj7dgXnkPrVg5JdrPWmrqbmsMAAAApx+LCAAAAAAAAP9tjTEOwjAUQ3+LOrAycohUDLAgpq5RFk4QmhDSRv+Xn5R24kRcjTvQUokJD5ZtyXqvNxSR4UTsRGOx9RhrL7rQuymJgbi9BhpEQxdRE0YKVig7KDK2WqqiZGFRlsNKwtpiHSh6dAk2stEPXQaNrjwnnrajhNybOzwhkxM5aU7fMjJsb72JhD/OXwCMXYJ8t5/tMD+LD/s94rDCAAAA[0m[Pipeline] timeout
[2026-10-10T05:02:27.818Z] Timeout set to expire in 40 min
[2026-10-10T05:02:27.820Z] [8mha:////4IrmXRi+WCWw/fszOAkeVeoC9hvXzLSdnu7n0csaee3VAAAApx+LCAAAAAAAAP9tjTEOwjAUQ3+LOrAycohULDAgpq5RFk4QmhDSRv+Xn5R24kRcjTvQUokJD5ZtyXqvNxSR4UTsRGOx9RhrL7rQuymJgbi9BhpEQxdRE0YKVig7KDK2WqqiZGFRlsNKwtpiHSh6dAk2stEPXQaNrjwnnrajhNybOzwhkxM5aU7fMjJsb72JhD/OXwCMXYJ8t5/tMD+LD1+IXOLCAAAA[0m[Pipeline] {
[2026-10-10T05:02:27.839Z] [8mha:////4EzRPVX45VkZQZCu5JDQ3COTV0n99Xh7b3TiKT660xHFAAAApx+LCAAAAAAAAP9tjTEOwjAUQ3+LOrAycohUTCAhpq5RFk4QmhDSRv+Xn5R24kRcjTvQUokJD5ZtyXqvNxSR4UTsRGOx9RhrL7rQuymJgbi9BhpEQxdRE0YKVig7KDK2WqqiZGFRlsNKwtpiHSh6dAk2stEPXQaNrjwnnrajhNybOzwhkxM5aU7fMjJsb72JhD/OXwCMXYJ8t5/tMD+LD0rlhNLCAAAA[0m[Pipeline] stage
[2026-10-10T05:02:27.841Z] [8mha:////4LdIgTZ0oKrjmoD3h53qDKLCpQnuC0PKMbaujnMM5IWfAAAApx+LCAAAAAAAAP9tjTEOwjAUQ3+LOrAycohUbCDE1DXKwglCE0La6P/yk9JOnIircQdaKjHhwbItWe/1hiIynIidaCy2HmPtRRd6NyUxELfXQINo6CJqwkjBCmUHRcZWS1WULCzKclhJWFusA0WPLsFGNvqhy6DRlefE03aUkHtzhydkciInzelbRobtrTeR8Mf5C4CxS5Dv9rMd5mfxASnCIIrCAAAA[0m[Pipeline] { (Checkout)
[2026-10-10T05:02:27.927Z] [8mha:////4DZmGfBL4nAuStALNp4MFnJYkyFrBlzi5GrGNA3Y97LWAAAApB+LCAAAAAAAAP9tjTEOwjAQBC9BFLSUPOICdAilorXc8AKTGOPEugu2g1PxIr7GH7CIRMUWq51t5vWGZfBQszfYaeothcbi4EaTFyb2/dVxwo4v2DAFdhqlTpJbfZpRctQwpyhhIWClqXEcLJkIa9Gph6qcIlOdo8/fUUBp2zs8oRDZHJWPX5g8bG5jG5h+nr8CmIYI5e6Qa78dPhmQ9Da+AAAA[0m[Pipeline] checkout
[2026-10-10T05:02:27.936Z] The recommended git tool is: git
[2026-10-10T05:02:27.936Z] No credentials specified
[2026-10-10T05:02:27.937Z]  > git rev-parse --resolve-git-dir /var/jenkins_home/workspace/attendance-portal-pipeline/.git # timeout=10
[2026-10-10T05:02:27.946Z] Fetching changes from the remote Git repository
[2026-10-10T05:02:27.953Z]  > git config remote.origin.url https://github.com/Swaroop192005/CI-CD-Pipeline-for-a-Student-Attendance-Management.git # timeout=10
[2026-10-10T05:02:27.970Z] Fetching upstream changes from https://github.com/Swaroop192005/CI-CD-Pipeline-for-a-Student-Attendance-Management.git
[2026-10-10T05:02:27.971Z]  > git --version # timeout=10
[2026-10-10T05:02:27.976Z]  > git --version # 'git version 2.47.3'
[2026-10-10T05:02:27.977Z]  > git fetch --tags --force --progress -- https://github.com/Swaroop192005/CI-CD-Pipeline-for-a-Student-Attendance-Management.git +refs/heads/*:refs/remotes/origin/* # timeout=10
[2026-10-10T05:02:29.030Z]  > git rev-parse refs/remotes/origin/develop^{commit} # timeout=10
[2026-10-10T05:02:29.038Z] Checking out Revision 55761d515fb72501f877be6db1f4fc9002d3f3bb (refs/remotes/origin/develop)
[2026-10-10T05:02:29.038Z]  > git config core.sparsecheckout # timeout=10
[2026-10-10T05:02:29.054Z]  > git checkout -f 55761d515fb72501f877be6db1f4fc9002d3f3bb # timeout=10
[2026-10-10T05:02:29.077Z] Commit message: "Pipeline fix for the next run"
[2026-10-10T05:02:29.110Z] [8mha:////4FG2umEsfayBw+09lr/rAdweEIrwankU6+w3zrUIv/TgAAAApx+LCAAAAAAAAP9tjTEOwjAUQ3+LOrAycohUZUOIqWvUhROEJoSk0f8lSUknTsTVuAOBSkx4sGxL1nu+oAoejuQ1swoHg6E3bHSTzokl8sPFUWKWzqwnDOQU61TqSKp2qR1FBYuKElYc1gp7R8GgjrDhVtxF7QTq+hR93g4cSiNv8ICCZ3IUPn7L7GF7nWQg/HH+AmAeI5TNPtuu+TyrNxmFFZbCAAAA[0m[Pipeline] script
[2026-10-10T05:02:29.147Z] [8mha:////4IkInZ7lxXNtjBHwWEXkaUFuyfQdc6vzCRnHWXXEHXRYAAAAph+LCAAAAAAAAP9tjTEOwjAUQ3+DOrAycohUdEVMrFEXThCaEJJG/7dJSjpxIq7GHWipxIQHy7ZkvdcbyhjgRMFwp7GzGFvLez+aOfFMobt5ytzRlbeEkbzmjc4NKX1ea0NJw6qCwUbAVmPrKVo0CXbCyYesvERTXVKYt6MAZtUATyjETE4ypG+ZAuzvo4qEP85fAEx9AlYfFquXZ/kBAsTc3cIAAAA=[0m[Pipeline] {
[2026-10-10T05:02:29.209Z] [8mha:////4GAZjDXLMSOvkBlTv7+1YfBweXDuUi+w46AQyqIIOiGqAAAAox+LCAAAAAAAAP9tjTESwiAURH/iWNhaeggyE0vHypah8QSYIEKY/wkQSeWJvJp3EM2MlVvs7NvmPV+wjgGOFDSzCgeDsTPMu0mXxTKF4eooM0sX1hFGcooJlQX16rSgoKRgSVXDisNGYecoGtQJttzKu2ycRN2cUyjfgUNt+hEeUPFiTjKkL8wBdrepj4Q/z18BzD5B3baf2vs3w5BRkb4AAAA=[0m[Pipeline] sh
[2026-10-10T05:02:29.471Z] + git rev-parse --short HEAD
[2026-10-10T05:02:29.489Z] [8mha:////4MbwHB+mIt5xyXWriojtXDGEeC64UqJK70f0LSA/MSDaAAAApB+LCAAAAAAAAP9tjbEOwiAURV9rHFwd/QiaNG7GyZWw+AXYIkLJexSodPKL/DX/QbSJk3e4uecu5/mCdQxwpKCZVTgYjJ1h3k26LJYpDFdHmVm6sI4wklNMqCyoV6cFBSUFS6oaVhw2CjtH0aBOsOVW3mXjJOrmnEL5Dhxq04/wgIoXc5IhfWEOsLtNfST8ef4KYPYJ6rb91N6/AQQGEN6+AAAA[0m[Pipeline] sh
[2026-10-10T05:02:29.751Z] + git rev-parse --abbrev-ref HEAD
[2026-10-10T05:02:29.842Z] [8mha:////4IS3BdEt0C5kwjCDZfQ8dwwpQxTlqJKXQ9YL+TnqFJVbAAAApB+LCAAAAAAAAP9tjbEOwiAURV9rHFwd/QiaNHEyTq6ExS/AFhFK3qNApZNf5K/5D6JNnLzDzT13Oc8XrGOAIwXNrMLBYOwM827SZbFMYbg6yszShXWEkZxiQmVBvTotKCgpWFLVsOKwUdg5igZ1gi238i4bJ1E35xTKd+BQm36EB1S8mJMM6QtzgN1t6iPhz/NXALNPULftp/b+DUU3C8e+AAAA[0m[Pipeline] echo
[2026-10-10T05:02:29.846Z] Building 1.0.5-55761d5 from HEAD (55761d5)
[2026-10-10T05:02:29.852Z] [8mha:////4AgTpXLZ19mQV0nMKTEeMkYG5Ifs3sr7+yMEPWPY3ddqAAAApB+LCAAAAAAAAP9tjTESwiAURH/iWNhaeggyk8LGsbJlaDwBJogQ5n8CRFJ5Iq/mHUQzY+UWO/u2ec8XrGOAIwXNrMLBYOwM827SZbFMYbg6yszShXWEkZxiQmVBvTotKCgpWFLVsOKwUdg5igZ1gi238i4bJ1E35xTKd+BQm36EB1S8mJMM6QtzgN1t6iPhz/NXALNPULftp/b+DYZkJuy+AAAA[0m[Pipeline] echo
[2026-10-10T05:02:29.854Z] Deployment target container: attendance-tomcat-staging
[2026-10-10T05:02:29.856Z] [8mha:////4LLb4XfJSj2Sr9HppwS3RUtPdPlzZItKPB42YtTbbLQtAAAApB+LCAAAAAAAAP9tjTESwiAURH/iWNhaeggyk8bCsbJlaDwBJogQ5n8CRFJ5Iq/mHUQzY+UWO/u2ec8XrGOAIwXNrMLBYOwM827SZbFMYbg6yszShXWEkZxiQmVBvTotKCgpWFLVsOKwUdg5igZ1gi238i4bJ1E35xTKd+BQm36EB1S8mJMM6QtzgN1t6iPhz/NXALP3Cep2/6n2DXO/JP++AAAA[0m[Pipeline] }
[2026-10-10T05:02:29.879Z] [8mha:////4G4p8y4DR8ij+W117eHOZgtXSCt2vaFjqZLggvq/4MHUAAAApB+LCAAAAAAAAP9tjTEOwjAQBC9BFLSUPOIiqJAQVVrLDS8wsTFOrDtjOyQVL+Jr/IFAJCq2WO1sM88XLFOEI0eLraHOUWocBt/baeHAsbt4HrDlMzZMib1BaQbJ2tQzSs4G5hQlLASsDDWekyObYS1adVeVV2SrU47TdxBQOn2DBxRiMmcV8xfGCJtrrxPTz/NXAGMIGcrd/lPbNxxce5e+AAAA[0m[Pipeline] // script
[2026-10-10T05:02:29.889Z] [8mha:////4CEmOXkfqhg/incrlTxtThupsUsGjLnYVeBYin3BdxpQAAAApB+LCAAAAAAAAP9tjTEOwjAQBC9BFLSUPOIi6CJEldZKwwtMbIwT687YDknFi/gaf8AiEhVbrHa2mdcb1jHAiYPBXtNgKXYWvRtNXjhxGK6OJ+z5gh1TZKex1VPLSjcLtpw0LClKWAnYaOocR0smwVb08iErJ8lU5xTydxRQWnWHJxQim5MM6QtzgN1tVJHp5/krgNn7BOWhzrWvP0hU0Xm+AAAA[0m[Pipeline] }
[2026-10-10T05:02:29.910Z] [8mha:////4CoxBZBXC/n2ItHDbTjL6DbML51mTHIG1ksQbIFVj7f+AAAApR+LCAAAAAAAAP9tjTEOwjAQBC9BFLSUPOICokFCqWgtN7zAJMY4se6C7eBUvIiv8QcsIlGxxWpnm3m9YRk81OwNdpp6S6GxOLjR5IWJfX91nLDjCzZMgZ1GqZPkVp9mlBw1zClKWAhYaWocB0smwlp06qEqp8hU5+jzdxRQ2vYOTyhENkfl4xcmD5vb2Aamn+evAKZhiFDut7l2hw+iPq6PvgAAAA==[0m[Pipeline] // stage
[2026-10-10T05:02:29.925Z] [8mha:////4FtOynGjPfTn7CvwQ/5nOxHCw4z1b5dA96msbb8jY4XXAAAAqB+LCAAAAAAAAP9tjTEOwjAUQ3+LOrAycohUFQMDYuoadeEEoQkhafR/SVLSiRNxNe5AoBITHizbkvWeL6iChyN5zazCwWDoDRvdpHNiifxwcZSYpTPrCQM5xTqVOpKqXWpHUcGiooQVh7XC3lEwqCNsuBV3UTuBuj5Fn7cDh9LIGzyg4JkchY/fMnvYXicZCH+cvwCYxwhls8+2az7P6g2rpRRiwgAAAA==[0m[Pipeline] stage
[2026-10-10T05:02:29.927Z] [8mha:////4AnGhDl1WgBi1PKRkDcZGoTWziSItqJqSyPsStNUwWGJAAAAph+LCAAAAAAAAP9tjTEOwjAUQ3+LOrAycohUwIiYukZZOEFoQkgb/V9+UtqJE3E17kBLJSY8WLYl673eUESGE7ETjcXWY6y96ELvpiQG4vYaaBANXURNGClYoeygyNhqqYqShUVZDisJa4t1oOjRJdjIRj90GTS68px42o4Scm/u8IRMTuSkOX3LyLC99SYS/jh/ATB2CfLDbrb9/Cw+2YMO4MIAAAA=[0m[Pipeline] { (Build)
[2026-10-10T05:02:29.951Z] [8mha:////4LMkk5K/i5tuoZgF+urohK7rM5cxDays4azQ2ZAUkpbhAAAAox+LCAAAAAAAAP9tjTEOwjAQBC9BFLSUPOIikRJR0VppeIFJjLFj3Tm2g1PxIr7GHwhEomKL1c4283zBOgY4ctBoFfWGYmvQu1HPCzOH/uo4o+ULtkyRncJG5YY7dVqw4aRgSVHCSsBGUes4GtIJtsLKu6ycJF2dU5i/g4DSdAM8oBCzOcmQvjAF2N3GLjL9PH8FMPkEZb3/VO3favo5XL4AAAA=[0m[Pipeline] sh
[2026-10-10T05:02:30.209Z] + /opt/maven/bin/mvn -B -DskipTests clean compile
[2026-10-10T05:02:32.075Z] [INFO] Scanning for projects...
[2026-10-10T05:02:32.326Z] [INFO] ------------------------------------------------------------------------
[2026-10-10T05:02:32.326Z] [INFO] Reactor Build Order:
[2026-10-10T05:02:32.326Z] [INFO] 
[2026-10-10T05:02:32.326Z] [INFO] Student Attendance Management Portal                               [pom]
[2026-10-10T05:02:32.326Z] [INFO] Attendance Portal :: Application                                   [war]
[2026-10-10T05:02:32.326Z] [INFO] Attendance Portal :: Selenium suite                                [jar]
[2026-10-10T05:02:32.326Z] [INFO] 
[2026-10-10T05:02:32.326Z] [INFO] ----------< com.college.attendance:attendance-portal-parent >-----------
[2026-10-10T05:02:32.326Z] [INFO] Building Student Attendance Management Portal 1.0.0-SNAPSHOT       [1/3]
[2026-10-10T05:02:32.326Z] [INFO]   from pom.xml
[2026-10-10T05:02:32.326Z] [INFO] --------------------------------[ pom ]---------------------------------
[2026-10-10T05:02:32.326Z] [INFO] 
[2026-10-10T05:02:32.326Z] [INFO] --- clean:3.4.1:clean (default-clean) @ attendance-portal-parent ---
[2026-10-10T05:02:32.590Z] [INFO] 
[2026-10-10T05:02:32.590Z] [INFO] ---------------< com.college.attendance:attendance-app >----------------
[2026-10-10T05:02:32.590Z] [INFO] Building Attendance Portal :: Application 1.0.0-SNAPSHOT           [2/3]
[2026-10-10T05:02:32.590Z] [INFO]   from app/pom.xml
[2026-10-10T05:02:32.601Z] [INFO] --------------------------------[ war ]---------------------------------
[2026-10-10T05:02:33.156Z] [INFO] 
[2026-10-10T05:02:33.157Z] [INFO] --- clean:3.4.1:clean (default-clean) @ attendance-app ---
[2026-10-10T05:02:33.157Z] [INFO] 
[2026-10-10T05:02:33.157Z] [INFO] --- jacoco:0.8.13:prepare-agent (prepare-agent) @ attendance-app ---
[2026-10-10T05:02:33.157Z] [INFO] argLine set to -javaagent:/root/.m2/repository/org/jacoco/org.jacoco.agent/0.8.13/org.jacoco.agent-0.8.13-runtime.jar=destfile=/var/jenkins_home/workspace/attendance-portal-pipeline/app/target/jacoco.exec
[2026-10-10T05:02:33.157Z] [INFO] 
[2026-10-10T05:02:33.157Z] [INFO] --- resources:3.3.1:resources (default-resources) @ attendance-app ---
[2026-10-10T05:02:33.408Z] [INFO] Copying 1 resource from src/main/resources to target/classes
[2026-10-10T05:02:33.408Z] [INFO] Copying 10 resources from src/main/resources to target/classes
[2026-10-10T05:02:33.408Z] [INFO] 
[2026-10-10T05:02:33.408Z] [INFO] --- compiler:3.14.1:compile (default-compile) @ attendance-app ---
[2026-10-10T05:02:33.408Z] [INFO] Recompiling the module because of changed source code.
[2026-10-10T05:02:33.408Z] [INFO] Compiling 39 source files with javac [debug parameters release 21] to target/classes
[2026-10-10T05:02:35.276Z] [INFO] 
[2026-10-10T05:02:35.276Z] [INFO] ----------< com.college.attendance:attendance-selenium-tests >----------
[2026-10-10T05:02:35.276Z] [INFO] Building Attendance Portal :: Selenium suite 1.0.0-SNAPSHOT        [3/3]
[2026-10-10T05:02:35.276Z] [INFO]   from selenium-tests/pom.xml
[2026-10-10T05:02:35.276Z] [INFO] --------------------------------[ jar ]---------------------------------
[2026-10-10T05:02:35.276Z] [INFO] 
[2026-10-10T05:02:35.276Z] [INFO] --- clean:3.4.1:clean (default-clean) @ attendance-selenium-tests ---
[2026-10-10T05:02:35.276Z] [INFO] 
[2026-10-10T05:02:35.276Z] [INFO] --- resources:3.3.1:resources (default-resources) @ attendance-selenium-tests ---
[2026-10-10T05:02:35.276Z] [INFO] skip non existing resourceDirectory /var/jenkins_home/workspace/attendance-portal-pipeline/selenium-tests/src/main/resources
[2026-10-10T05:02:35.276Z] [INFO] skip non existing resourceDirectory /var/jenkins_home/workspace/attendance-portal-pipeline/selenium-tests/src/main/resources
[2026-10-10T05:02:35.276Z] [INFO] 
[2026-10-10T05:02:35.276Z] [INFO] --- compiler:3.14.1:compile (default-compile) @ attendance-selenium-tests ---
[2026-10-10T05:02:35.276Z] [INFO] No sources to compile
[2026-10-10T05:02:35.276Z] [INFO] ------------------------------------------------------------------------
[2026-10-10T05:02:35.276Z] [INFO] Reactor Summary for Student Attendance Management Portal 1.0.0-SNAPSHOT:
[2026-10-10T05:02:35.276Z] [INFO] 
[2026-10-10T05:02:35.276Z] [INFO] Student Attendance Management Portal ............... SUCCESS [  0.116 s]
[2026-10-10T05:02:35.276Z] [INFO] Attendance Portal :: Application ................... SUCCESS [  2.426 s]
[2026-10-10T05:02:35.276Z] [INFO] Attendance Portal :: Selenium suite ................ SUCCESS [  0.051 s]
[2026-10-10T05:02:35.276Z] [INFO] ------------------------------------------------------------------------
[2026-10-10T05:02:35.276Z] [INFO] BUILD SUCCESS
[2026-10-10T05:02:35.276Z] [INFO] ------------------------------------------------------------------------
[2026-10-10T05:02:35.276Z] [INFO] Total time:  2.999 s
[2026-10-10T05:02:35.276Z] [INFO] Finished at: 2026-10-10T05:02:34Z
[2026-10-10T05:02:35.276Z] [INFO] ------------------------------------------------------------------------
[2026-10-10T05:02:35.301Z] [8mha:////4NlBX0S8sC7uPpODRwQGAL+50ryx5ZPm5cNuckOYgWmvAAAApB+LCAAAAAAAAP9tjTEOwjAQBC9BFLSUPOIiAR2iSmu54QUmNsaJdWdsh6TiRXyNPxCIRMUWq51t5vmCZYpw5GixNdQ5So3D4Hs7LRw4dhfPA7Z8xoYpsTcozSBZm3pGydnAnKKEhYCVocZzcmQzrEWr7qryimx1ynH6DgJKp2/wgEJM5qxi/sIYYXPtdWL6ef4KYAwhQ7nbf2r7Bij33Ma+AAAA[0m[Pipeline] }
[2026-10-10T05:02:35.327Z] [8mha:////4NdhBN9fy/Q1OOqAQoUAkR6nHXm2ncooJGOJxQ3K3o9dAAAApB+LCAAAAAAAAP9tjTEOwjAQBC9BFLSUPOIihKgQVVrLDS8wsTFOrDtjOyQVL+Jr/IFAJCq2WO1sM88XLFOEI0eLraHOUWocBt/baeHAsbt4HrDlMzZMib1BaQbJ2tQzSs4G5hQlLASsDDWekyObYS1adVeVV2SrU47TdxBQOn2DBxRiMmcV8xfGCJtrrxPTz/NXAGMIGcrd/lPbNzd1iZS+AAAA[0m[Pipeline] // stage
[2026-10-10T05:02:35.343Z] [8mha:////4ODt5hOH6TelOX0iBb/CsqRt66OcabeEPD2Byo86YWmVAAAAqB+LCAAAAAAAAP9tjTEOwjAUQ3+LOrAycohUCAkG1Ik16sIJQhNC0uj/kqSkEyfiatyBQCUmPFi2Jes9X1AFDw15zazC3mDoDBvcqHNiiXx/cZSYpTPrCAM5xVqVWpLqONeWooJZRQkLDkuFnaNgUEdYcSvuonYCdX2KPm8HDqWRN3hAwTM5Ch+/ZfKwvo4yEP44fwEwDRHKzT7bdvd5Vm8TlRF/wgAAAA==[0m[Pipeline] stage
[2026-10-10T05:02:35.348Z] [8mha:////4BwSvnpyxIMT/cg64pvz4GB8xx22vz0A+NKEE7iLfLzaAAAAqB+LCAAAAAAAAP9tjTEOwjAUQ3+LOrAycoh0QIIBMXWNsnCC0ISQNvq//KS0EyfiatyBlkpMeLBsS9Z7vaGIDCdiJxqLrcdYe9GF3k1JDMTtNdAgGrqImjBSsELZQZGx1VIVJQuLshxWEtYW60DRo0uwkY1+6DJodOU58bQdJeTe3OEJmZzISXP6lpFhe+tNJPxx/gJg7BLku/1sh/lZfADpB/iZwgAAAA==[0m[Pipeline] { (Unit test)
[2026-10-10T05:02:35.374Z] [8mha:////4GrYqigllCuFKla5OTJe//Ce3EfjQIhvBT6Y7FAEC471AAAApR+LCAAAAAAAAP9tjTEOwjAQBC9BFLSUPOJSUICEqNJabniBiY1xYt0Z2yGpeBFf4w8EIlGxxWpnm3m+YJkiHDlabA11jlLjMPjeTgsHjt3F84Atn7FhSuwNSjNI1qaeUXI2MKcoYSFgZajxnBzZDGvRqruqvCJbnXKcvoOA0ukbPKAQkzmrmL8wRthce52Yfp6/AhhDhnK7+9Q+vAEGDPXtvgAAAA==[0m[Pipeline] sh
[2026-10-10T05:02:35.635Z] + /opt/maven/bin/mvn -B test
[2026-10-10T05:02:36.546Z] [INFO] Scanning for projects...
[2026-10-10T05:02:36.546Z] [INFO] ------------------------------------------------------------------------
[2026-10-10T05:02:36.546Z] [INFO] Reactor Build Order:
[2026-10-10T05:02:36.546Z] [INFO] 
[2026-10-10T05:02:36.546Z] [INFO] Student Attendance Management Portal                               [pom]
[2026-10-10T05:02:36.546Z] [INFO] Attendance Portal :: Application                                   [war]
[2026-10-10T05:02:36.546Z] [INFO] Attendance Portal :: Selenium suite                                [jar]
[2026-10-10T05:02:36.546Z] [INFO] 
[2026-10-10T05:02:36.546Z] [INFO] ----------< com.college.attendance:attendance-portal-parent >-----------
[2026-10-10T05:02:36.546Z] [INFO] Building Student Attendance Management Portal 1.0.0-SNAPSHOT       [1/3]
[2026-10-10T05:02:36.546Z] [INFO]   from pom.xml
[2026-10-10T05:02:36.546Z] [INFO] --------------------------------[ pom ]---------------------------------
[2026-10-10T05:02:36.546Z] [INFO] 
[2026-10-10T05:02:36.546Z] [INFO] ---------------< com.college.attendance:attendance-app >----------------
[2026-10-10T05:02:36.546Z] [INFO] Building Attendance Portal :: Application 1.0.0-SNAPSHOT           [2/3]
[2026-10-10T05:02:36.546Z] [INFO]   from app/pom.xml
[2026-10-10T05:02:36.546Z] [INFO] --------------------------------[ war ]---------------------------------
[2026-10-10T05:02:36.797Z] [INFO] 
[2026-10-10T05:02:36.797Z] [INFO] --- jacoco:0.8.13:prepare-agent (prepare-agent) @ attendance-app ---
[2026-10-10T05:02:37.048Z] [INFO] argLine set to -javaagent:/root/.m2/repository/org/jacoco/org.jacoco.agent/0.8.13/org.jacoco.agent-0.8.13-runtime.jar=destfile=/var/jenkins_home/workspace/attendance-portal-pipeline/app/target/jacoco.exec
[2026-10-10T05:02:37.048Z] [INFO] 
[2026-10-10T05:02:37.048Z] [INFO] --- resources:3.3.1:resources (default-resources) @ attendance-app ---
[2026-10-10T05:02:37.048Z] [INFO] Copying 1 resource from src/main/resources to target/classes
[2026-10-10T05:02:37.048Z] [INFO] Copying 10 resources from src/main/resources to target/classes
[2026-10-10T05:02:37.048Z] [INFO] 
[2026-10-10T05:02:37.048Z] [INFO] --- compiler:3.14.1:compile (default-compile) @ attendance-app ---
[2026-10-10T05:02:37.048Z] [INFO] Nothing to compile - all classes are up to date.
[2026-10-10T05:02:37.048Z] [INFO] 
[2026-10-10T05:02:37.048Z] [INFO] --- resources:3.3.1:testResources (default-testResources) @ attendance-app ---
[2026-10-10T05:02:37.048Z] [INFO] Copying 1 resource from src/test/resources to target/test-classes
[2026-10-10T05:02:37.048Z] [INFO] 
[2026-10-10T05:02:37.048Z] [INFO] --- compiler:3.14.1:testCompile (default-testCompile) @ attendance-app ---
[2026-10-10T05:02:37.048Z] [INFO] Recompiling the module because of changed source code.
[2026-10-10T05:02:37.048Z] [INFO] Compiling 10 source files with javac [debug parameters release 21] to target/test-classes
[2026-10-10T05:02:39.534Z] [INFO] 
[2026-10-10T05:02:39.534Z] [INFO] --- surefire:3.5.6:test (default-test) @ attendance-app ---
[2026-10-10T05:02:39.534Z] [INFO] Using auto detected provider org.apache.maven.surefire.junitplatform.JUnitPlatformProvider
[2026-10-10T05:02:39.534Z] [INFO] 
[2026-10-10T05:02:39.534Z] [INFO] -------------------------------------------------------
[2026-10-10T05:02:39.534Z] [INFO]  T E S T S
[2026-10-10T05:02:39.534Z] [INFO] -------------------------------------------------------
[2026-10-10T05:02:40.446Z] [INFO] Running com.college.attendance.service.WorkflowServiceTest
[2026-10-10T05:02:40.447Z] 05:02:40.418 [main] INFO org.springframework.test.context.support.AnnotationConfigContextLoaderUtils -- Could not detect default configuration classes for test class [com.college.attendance.service.WorkflowServiceTest]: WorkflowServiceTest does not declare any static, non-private, non-final, nested classes annotated with @Configuration.
[2026-10-10T05:02:40.697Z] 05:02:40.583 [main] INFO org.springframework.boot.test.context.SpringBootTestContextBootstrapper -- Found @SpringBootConfiguration com.college.attendance.AttendancePortalApplication for test class com.college.attendance.service.WorkflowServiceTest
[2026-10-10T05:02:41.609Z] 
[2026-10-10T05:02:41.609Z]   .   ____          _            __ _ _
[2026-10-10T05:02:41.609Z]  /\\ / ___'_ __ _ _(_)_ __  __ _ \ \ \ \
[2026-10-10T05:02:41.609Z] ( ( )\___ | '_ | '_| | '_ \/ _` | \ \ \ \
[2026-10-10T05:02:41.609Z]  \\/  ___)| |_)| | | | | || (_| |  ) ) ) )
[2026-10-10T05:02:41.609Z]   '  |____| .__|_| |_|_| |_\__, | / / / /
[2026-10-10T05:02:41.609Z]  =========|_|==============|___/=/_/_/_/
[2026-10-10T05:02:41.609Z] 
[2026-10-10T05:02:41.609Z]  :: Spring Boot ::               (v3.5.16)
[2026-10-10T05:02:41.609Z] 
[2026-10-10T05:02:41.609Z] 2026-10-10T05:02:41.343Z  INFO 5325 --- [attendance-portal] [           main] c.c.a.service.WorkflowServiceTest        : Starting WorkflowServiceTest using Java 21.0.12.1 with PID 5325 (started by root in /var/jenkins_home/workspace/attendance-portal-pipeline/app)
[2026-10-10T05:02:41.609Z] 2026-10-10T05:02:41.345Z  INFO 5325 --- [attendance-portal] [           main] c.c.a.service.WorkflowServiceTest        : The following 1 profile is active: "test"
[2026-10-10T05:02:43.497Z] 2026-10-10T05:02:43.126Z  INFO 5325 --- [attendance-portal] [           main] .s.d.r.c.RepositoryConfigurationDelegate : Bootstrapping Spring Data JPA repositories in DEFAULT mode.
[2026-10-10T05:02:43.762Z] 2026-10-10T05:02:43.482Z  INFO 5325 --- [attendance-portal] [           main] .s.d.r.c.RepositoryConfigurationDelegate : Finished Spring Data repository scanning in 315 ms. Found 3 JPA repository interfaces.
[2026-10-10T05:02:45.628Z] 2026-10-10T05:02:45.091Z  INFO 5325 --- [attendance-portal] [           main] o.hibernate.jpa.internal.util.LogHelper  : HHH000204: Processing PersistenceUnitInfo [name: default]
[2026-10-10T05:02:45.628Z] 2026-10-10T05:02:45.179Z  INFO 5325 --- [attendance-portal] [           main] org.hibernate.Version                    : HHH000412: Hibernate ORM core version 6.6.53.Final
[2026-10-10T05:02:45.628Z] 2026-10-10T05:02:45.228Z  INFO 5325 --- [attendance-portal] [           main] o.h.c.internal.RegionFactoryInitiator    : HHH000026: Second-level cache disabled
[2026-10-10T05:02:45.879Z] 2026-10-10T05:02:45.691Z  INFO 5325 --- [attendance-portal] [           main] o.s.o.j.p.SpringPersistenceUnitInfo      : No LoadTimeWeaver setup: ignoring JPA class transformer
[2026-10-10T05:02:45.879Z] 2026-10-10T05:02:45.772Z  INFO 5325 --- [attendance-portal] [           main] com.zaxxer.hikari.HikariDataSource       : HikariPool-1 - Starting...
[2026-10-10T05:02:46.431Z] 2026-10-10T05:02:46.309Z  INFO 5325 --- [attendance-portal] [           main] com.zaxxer.hikari.pool.HikariPool        : HikariPool-1 - Added connection conn0: url=jdbc:h2:mem:attendance-test user=SA
[2026-10-10T05:02:46.431Z] 2026-10-10T05:02:46.312Z  INFO 5325 --- [attendance-portal] [           main] com.zaxxer.hikari.HikariDataSource       : HikariPool-1 - Start completed.
[2026-10-10T05:02:46.683Z] 2026-10-10T05:02:46.449Z  INFO 5325 --- [attendance-portal] [           main] org.hibernate.orm.connections.pooling    : HHH10001005: Database info:
[2026-10-10T05:02:46.683Z] 	Database JDBC URL [Connecting through datasource 'HikariDataSource (HikariPool-1)']
[2026-10-10T05:02:46.683Z] 	Database driver: undefined/unknown
[2026-10-10T05:02:46.683Z] 	Database version: 2.3.232
[2026-10-10T05:02:46.683Z] 	Autocommit mode: undefined/unknown
[2026-10-10T05:02:46.683Z] 	Isolation level: undefined/unknown
[2026-10-10T05:02:46.683Z] 	Minimum pool size: undefined/unknown
[2026-10-10T05:02:46.683Z] 	Maximum pool size: undefined/unknown
[2026-10-10T05:02:48.550Z] 2026-10-10T05:02:47.953Z  INFO 5325 --- [attendance-portal] [           main] o.h.e.t.j.p.i.JtaPlatformInitiator       : HHH000489: No JTA platform available (set 'hibernate.transaction.jta.platform' to enable JTA platform integration)
[2026-10-10T05:02:48.550Z] 2026-10-10T05:02:48.036Z  INFO 5325 --- [attendance-portal] [           main] j.LocalContainerEntityManagerFactoryBean : Initialized JPA EntityManagerFactory for persistence unit 'default'
[2026-10-10T05:02:48.805Z] 2026-10-10T05:02:48.556Z  INFO 5325 --- [attendance-portal] [           main] o.s.d.j.r.query.QueryEnhancerFactory     : Hibernate is in classpath; If applicable, HQL parser will be used.
[2026-10-10T05:02:50.158Z] 2026-10-10T05:02:49.713Z  INFO 5325 --- [attendance-portal] [           main] c.college.attendance.config.DataSeeder   : Seeding disabled (attendance.seed-data=false)
[2026-10-10T05:02:50.158Z] 2026-10-10T05:02:50.004Z  INFO 5325 --- [attendance-portal] [           main] r$InitializeUserDetailsManagerConfigurer : Global AuthenticationManager configured with UserDetailsService bean with name databaseUserDetailsService
[2026-10-10T05:02:50.711Z] 2026-10-10T05:02:50.605Z  INFO 5325 --- [attendance-portal] [           main] o.s.b.a.e.web.EndpointLinksResolver      : Exposing 2 endpoints beneath base path '/actuator'
[2026-10-10T05:02:51.632Z] 2026-10-10T05:02:51.536Z  INFO 5325 --- [attendance-portal] [           main] c.c.a.service.WorkflowServiceTest        : Started WorkflowServiceTest in 10.708 seconds (process running for 12.239)
[2026-10-10T05:02:51.883Z] Mockito is currently self-attaching to enable the inline-mock-maker. This will no longer work in future releases of the JDK. Please add Mockito as an agent to your build as described in Mockito's documentation: https://javadoc.io/doc/org.mockito/mockito-core/latest/org.mockito/org/mockito/Mockito.html#0.3
[2026-10-10T05:02:52.436Z] WARNING: A Java agent has been loaded dynamically (/root/.m2/repository/net/bytebuddy/byte-buddy-agent/1.17.8/byte-buddy-agent-1.17.8.jar)
[2026-10-10T05:02:52.436Z] WARNING: If a serviceability tool is in use, please run with -XX:+EnableDynamicAgentLoading to hide this warning
[2026-10-10T05:02:52.436Z] WARNING: If a serviceability tool is not in use, please run with -Djdk.instrument.traceUsage for more information
[2026-10-10T05:02:52.436Z] WARNING: Dynamic loading of agents will be disallowed by default in a future release
[2026-10-10T05:02:52.687Z] 2026-10-10T05:02:52.586Z  INFO 5325 --- [attendance-portal] [           main] c.c.a.service.AttendanceService          : Created attendance record 1 for 1CS21CS001 in CS501 on 2026-10-09 period 1 by faculty1
[2026-10-10T05:02:52.687Z] 2026-10-10T05:02:52.593Z  INFO 5325 --- [attendance-portal] [           main] c.c.a.service.AttendanceService          : Created attendance record 2 for 1CS21CS001 in CS501 on 2026-10-09 period 2 by faculty1
[2026-10-10T05:02:52.687Z] 2026-10-10T05:02:52.612Z  INFO 5325 --- [attendance-portal] [           main] c.c.attendance.service.WorkflowService   : Record 2 moved DRAFT -> SUBMITTED by faculty1
[2026-10-10T05:02:52.938Z] [INFO] Running After a rejection
[2026-10-10T05:02:52.938Z] 2026-10-10T05:02:52.772Z  INFO 5325 --- [attendance-portal] [           main] t.c.s.AnnotationConfigContextLoaderUtils : Could not detect default configuration classes for test class [com.college.attendance.service.WorkflowServiceTest$AfterRejection]: AfterRejection does not declare any static, non-private, non-final, nested classes annotated with @Configuration.
[2026-10-10T05:02:52.938Z] 2026-10-10T05:02:52.775Z  INFO 5325 --- [attendance-portal] [           main] .b.t.c.SpringBootTestContextBootstrapper : Found @SpringBootConfiguration com.college.attendance.AttendancePortalApplication for test class com.college.attendance.service.WorkflowServiceTest$AfterRejection
[2026-10-10T05:02:52.938Z] 2026-10-10T05:02:52.799Z  INFO 5325 --- [attendance-portal] [           main] c.c.a.service.AttendanceService          : Created attendance record 3 for 1CS21CS001 in CS501 on 2026-10-09 period 1 by faculty1
[2026-10-10T05:02:52.938Z] 2026-10-10T05:02:52.804Z  INFO 5325 --- [attendance-portal] [           main] c.c.attendance.service.WorkflowService   : Record 3 moved DRAFT -> SUBMITTED by faculty1
[2026-10-10T05:02:52.938Z] 2026-10-10T05:02:52.808Z  INFO 5325 --- [attendance-portal] [           main] c.c.attendance.service.WorkflowService   : Record 3 moved SUBMITTED -> REJECTED by hod1 (Wrong period)
[2026-10-10T05:02:52.938Z] 2026-10-10T05:02:52.812Z  INFO 5325 --- [attendance-portal] [           main] c.c.attendance.service.WorkflowService   : Record 3 moved REJECTED -> SUBMITTED by faculty1
[2026-10-10T05:02:52.938Z] 2026-10-10T05:02:52.833Z  INFO 5325 --- [attendance-portal] [           main] c.c.a.service.AttendanceService          : Created attendance record 4 for 1CS21CS001 in CS501 on 2026-10-09 period 1 by faculty1
[2026-10-10T05:02:52.938Z] 2026-10-10T05:02:52.841Z  INFO 5325 --- [attendance-portal] [           main] c.c.attendance.service.WorkflowService   : Record 4 moved DRAFT -> SUBMITTED by faculty1
[2026-10-10T05:02:52.938Z] 2026-10-10T05:02:52.844Z  INFO 5325 --- [attendance-portal] [           main] c.c.attendance.service.WorkflowService   : Record 4 moved SUBMITTED -> REJECTED by hod1 (Wrong period)
[2026-10-10T05:02:52.938Z] 2026-10-10T05:02:52.853Z  INFO 5325 --- [attendance-portal] [           main] c.c.a.service.AttendanceService          : Updated attendance record 4 by faculty1 (author remains faculty1)
[2026-10-10T05:02:52.938Z] [INFO] Tests run: 3, Failures: 0, Errors: 0, Skipped: 0, Time elapsed: 0.099 s -- in After a rejection
[2026-10-10T05:02:52.938Z] [INFO] Running Reviewing a submitted record
[2026-10-10T05:02:52.938Z] 2026-10-10T05:02:52.865Z  INFO 5325 --- [attendance-portal] [           main] t.c.s.AnnotationConfigContextLoaderUtils : Could not detect default configuration classes for test class [com.college.attendance.service.WorkflowServiceTest$Reviewing]: Reviewing does not declare any static, non-private, non-final, nested classes annotated with @Configuration.
[2026-10-10T05:02:52.938Z] 2026-10-10T05:02:52.868Z  INFO 5325 --- [attendance-portal] [           main] .b.t.c.SpringBootTestContextBootstrapper : Found @SpringBootConfiguration com.college.attendance.AttendancePortalApplication for test class com.college.attendance.service.WorkflowServiceTest$Reviewing
[2026-10-10T05:02:52.938Z] 2026-10-10T05:02:52.894Z  INFO 5325 --- [attendance-portal] [           main] c.c.a.service.AttendanceService          : Created attendance record 5 for 1CS21CS001 in CS501 on 2026-10-09 period 1 by faculty1
[2026-10-10T05:02:52.938Z] 2026-10-10T05:02:52.900Z  INFO 5325 --- [attendance-portal] [           main] c.c.attendance.service.WorkflowService   : Record 5 moved DRAFT -> SUBMITTED by faculty1
[2026-10-10T05:02:52.938Z] 2026-10-10T05:02:52.905Z  INFO 5325 --- [attendance-portal] [           main] c.c.attendance.service.WorkflowService   : Record 5 moved SUBMITTED -> APPROVED by hod1
[2026-10-10T05:02:53.189Z] 2026-10-10T05:02:52.944Z  INFO 5325 --- [attendance-portal] [           main] c.c.a.service.AttendanceService          : Created attendance record 6 for 1CS21CS001 in CS501 on 2026-10-09 period 1 by faculty1
[2026-10-10T05:02:53.189Z] 2026-10-10T05:02:52.949Z  INFO 5325 --- [attendance-portal] [           main] c.c.attendance.service.WorkflowService   : Record 6 moved DRAFT -> SUBMITTED by faculty1
[2026-10-10T05:02:53.189Z] 2026-10-10T05:02:52.972Z  INFO 5325 --- [attendance-portal] [           main] c.c.a.service.AttendanceService          : Created attendance record 7 for 1CS21CS001 in CS501 on 2026-10-09 period 1 by faculty1
[2026-10-10T05:02:53.189Z] 2026-10-10T05:02:52.977Z  INFO 5325 --- [attendance-portal] [           main] c.c.attendance.service.WorkflowService   : Record 7 moved DRAFT -> SUBMITTED by faculty1
[2026-10-10T05:02:53.189Z] 2026-10-10T05:02:52.979Z  INFO 5325 --- [attendance-portal] [           main] c.c.attendance.service.WorkflowService   : Record 7 moved SUBMITTED -> APPROVED by hod1 (Cross-checked with the register)
[2026-10-10T05:02:53.189Z] 2026-10-10T05:02:53.006Z  INFO 5325 --- [attendance-portal] [           main] c.c.a.service.AttendanceService          : Created attendance record 8 for 1CS21CS001 in CS501 on 2026-10-09 period 1 by faculty1
[2026-10-10T05:02:53.189Z] 2026-10-10T05:02:53.010Z  INFO 5325 --- [attendance-portal] [           main] c.c.attendance.service.WorkflowService   : Record 8 moved DRAFT -> SUBMITTED by faculty1
[2026-10-10T05:02:53.189Z] 2026-10-10T05:02:53.013Z  INFO 5325 --- [attendance-portal] [           main] c.c.attendance.service.WorkflowService   : Record 8 moved SUBMITTED -> REJECTED by hod1 (Period number looks wrong)
[2026-10-10T05:02:53.189Z] 2026-10-10T05:02:53.038Z  INFO 5325 --- [attendance-portal] [           main] c.c.a.service.AttendanceService          : Created attendance record 9 for 1CS21CS001 in CS501 on 2026-10-09 period 1 by faculty1
[2026-10-10T05:02:53.189Z] 2026-10-10T05:02:53.062Z  INFO 5325 --- [attendance-portal] [           main] c.c.a.service.AttendanceService          : Created attendance record 10 for 1CS21CS001 in CS501 on 2026-10-09 period 1 by faculty1
[2026-10-10T05:02:53.189Z] 2026-10-10T05:02:53.066Z  INFO 5325 --- [attendance-portal] [           main] c.c.attendance.service.WorkflowService   : Record 10 moved DRAFT -> SUBMITTED by faculty1
[2026-10-10T05:02:53.189Z] 2026-10-10T05:02:53.090Z  INFO 5325 --- [attendance-portal] [           main] c.c.a.service.AttendanceService          : Created attendance record 11 for 1CS21CS001 in CS501 on 2026-10-09 period 1 by faculty1
[2026-10-10T05:02:53.189Z] 2026-10-10T05:02:53.094Z  INFO 5325 --- [attendance-portal] [           main] c.c.attendance.service.WorkflowService   : Record 11 moved DRAFT -> SUBMITTED by faculty1
[2026-10-10T05:02:53.189Z] 2026-10-10T05:02:53.097Z  INFO 5325 --- [attendance-portal] [           main] c.c.attendance.service.WorkflowService   : Record 11 moved SUBMITTED -> APPROVED by hod1
[2026-10-10T05:02:53.189Z] [INFO] Tests run: 7, Failures: 0, Errors: 0, Skipped: 0, Time elapsed: 0.237 s -- in Reviewing a submitted record
[2026-10-10T05:02:53.189Z] [INFO] Running Submitting a draft
[2026-10-10T05:02:53.189Z] 2026-10-10T05:02:53.105Z  INFO 5325 --- [attendance-portal] [           main] t.c.s.AnnotationConfigContextLoaderUtils : Could not detect default configuration classes for test class [com.college.attendance.service.WorkflowServiceTest$Submitting]: Submitting does not declare any static, non-private, non-final, nested classes annotated with @Configuration.
[2026-10-10T05:02:53.189Z] 2026-10-10T05:02:53.107Z  INFO 5325 --- [attendance-portal] [           main] .b.t.c.SpringBootTestContextBootstrapper : Found @SpringBootConfiguration com.college.attendance.AttendancePortalApplication for test class com.college.attendance.service.WorkflowServiceTest$Submitting
[2026-10-10T05:02:53.189Z] 2026-10-10T05:02:53.128Z  INFO 5325 --- [attendance-portal] [           main] c.c.a.service.AttendanceService          : Created attendance record 12 for 1CS21CS001 in CS501 on 2026-10-09 period 1 by faculty1
[2026-10-10T05:02:53.189Z] 2026-10-10T05:02:53.133Z  INFO 5325 --- [attendance-portal] [           main] c.c.attendance.service.WorkflowService   : Record 12 moved DRAFT -> SUBMITTED by faculty1
[2026-10-10T05:02:53.189Z] 2026-10-10T05:02:53.156Z  INFO 5325 --- [attendance-portal] [           main] c.c.a.service.AttendanceService          : Created attendance record 13 for 1CS21CS001 in CS501 on 2026-10-09 period 1 by faculty1
[2026-10-10T05:02:53.189Z] 2026-10-10T05:02:53.161Z  INFO 5325 --- [attendance-portal] [           main] c.c.attendance.service.WorkflowService   : Record 13 moved DRAFT -> SUBMITTED by faculty1
[2026-10-10T05:02:53.440Z] 2026-10-10T05:02:53.183Z  INFO 5325 --- [attendance-portal] [           main] c.c.a.service.AttendanceService          : Created attendance record 14 for 1CS21CS001 in CS501 on 2026-10-09 period 1 by faculty1
[2026-10-10T05:02:53.440Z] 2026-10-10T05:02:53.207Z  INFO 5325 --- [attendance-portal] [           main] c.c.a.service.AttendanceService          : Created attendance record 15 for 1CS21CS001 in CS501 on 2026-10-09 period 1 by faculty1
[2026-10-10T05:02:53.440Z] 2026-10-10T05:02:53.235Z  INFO 5325 --- [attendance-portal] [           main] c.c.a.service.AttendanceService          : Created attendance record 16 for 1CS21CS001 in CS501 on 2026-10-09 period 1 by faculty1
[2026-10-10T05:02:53.440Z] 2026-10-10T05:02:53.241Z  INFO 5325 --- [attendance-portal] [           main] c.c.attendance.service.WorkflowService   : Record 16 moved DRAFT -> SUBMITTED by faculty1
[2026-10-10T05:02:53.440Z] 2026-10-10T05:02:53.268Z  INFO 5325 --- [attendance-portal] [           main] c.c.a.service.AttendanceService          : Created attendance record 17 for 1CS21CS001 in CS501 on 2026-10-09 period 1 by faculty1
[2026-10-10T05:02:53.440Z] 2026-10-10T05:02:53.275Z  INFO 5325 --- [attendance-portal] [           main] c.c.attendance.service.WorkflowService   : Record 17 moved DRAFT -> SUBMITTED by admin1
[2026-10-10T05:02:53.440Z] [INFO] Tests run: 6, Failures: 0, Errors: 0, Skipped: 0, Time elapsed: 0.176 s -- in Submitting a draft
[2026-10-10T05:02:53.440Z] [INFO] Tests run: 0, Failures: 0, Errors: 0, Skipped: 0, Time elapsed: 13.16 s -- in com.college.attendance.service.WorkflowServiceTest
[2026-10-10T05:02:53.440Z] [INFO] Running com.college.attendance.service.AttendanceSearchTest
[2026-10-10T05:02:53.440Z] 2026-10-10T05:02:53.287Z  INFO 5325 --- [attendance-portal] [           main] t.c.s.AnnotationConfigContextLoaderUtils : Could not detect default configuration classes for test class [com.college.attendance.service.AttendanceSearchTest]: AttendanceSearchTest does not declare any static, non-private, non-final, nested classes annotated with @Configuration.
[2026-10-10T05:02:53.440Z] 2026-10-10T05:02:53.288Z  INFO 5325 --- [attendance-portal] [           main] .b.t.c.SpringBootTestContextBootstrapper : Found @SpringBootConfiguration com.college.attendance.AttendancePortalApplication for test class com.college.attendance.service.AttendanceSearchTest
[2026-10-10T05:02:53.691Z] [INFO] Tests run: 14, Failures: 0, Errors: 0, Skipped: 0, Time elapsed: 0.342 s -- in com.college.attendance.service.AttendanceSearchTest
[2026-10-10T05:02:53.691Z] [INFO] Running com.college.attendance.service.DashboardServiceTest
[2026-10-10T05:02:53.691Z] 2026-10-10T05:02:53.629Z  INFO 5325 --- [attendance-portal] [           main] t.c.s.AnnotationConfigContextLoaderUtils : Could not detect default configuration classes for test class [com.college.attendance.service.DashboardServiceTest]: DashboardServiceTest does not declare any static, non-private, non-final, nested classes annotated with @Configuration.
[2026-10-10T05:02:53.691Z] 2026-10-10T05:02:53.630Z  INFO 5325 --- [attendance-portal] [           main] .b.t.c.SpringBootTestContextBootstrapper : Found @SpringBootConfiguration com.college.attendance.AttendancePortalApplication for test class com.college.attendance.service.DashboardServiceTest
[2026-10-10T05:02:54.244Z] [INFO] Tests run: 11, Failures: 0, Errors: 0, Skipped: 0, Time elapsed: 0.338 s -- in com.college.attendance.service.DashboardServiceTest
[2026-10-10T05:02:54.244Z] [INFO] Running com.college.attendance.service.AttendanceServiceTest
[2026-10-10T05:02:54.244Z] 2026-10-10T05:02:53.969Z  INFO 5325 --- [attendance-portal] [           main] t.c.s.AnnotationConfigContextLoaderUtils : Could not detect default configuration classes for test class [com.college.attendance.service.AttendanceServiceTest]: AttendanceServiceTest does not declare any static, non-private, non-final, nested classes annotated with @Configuration.
[2026-10-10T05:02:54.244Z] 2026-10-10T05:02:53.972Z  INFO 5325 --- [attendance-portal] [           main] .b.t.c.SpringBootTestContextBootstrapper : Found @SpringBootConfiguration com.college.attendance.AttendancePortalApplication for test class com.college.attendance.service.AttendanceServiceTest
[2026-10-10T05:02:54.244Z] [INFO] Running Correcting a record
[2026-10-10T05:02:54.244Z] 2026-10-10T05:02:54.023Z  INFO 5325 --- [attendance-portal] [           main] t.c.s.AnnotationConfigContextLoaderUtils : Could not detect default configuration classes for test class [com.college.attendance.service.AttendanceServiceTest$Correcting]: Correcting does not declare any static, non-private, non-final, nested classes annotated with @Configuration.
[2026-10-10T05:02:54.244Z] 2026-10-10T05:02:54.025Z  INFO 5325 --- [attendance-portal] [           main] .b.t.c.SpringBootTestContextBootstrapper : Found @SpringBootConfiguration com.college.attendance.AttendancePortalApplication for test class com.college.attendance.service.AttendanceServiceTest$Correcting
[2026-10-10T05:02:54.244Z] 2026-10-10T05:02:54.053Z  INFO 5325 --- [attendance-portal] [           main] c.c.a.service.AttendanceService          : Created attendance record 131 for 1CS21CS001 in CS501 on 2026-10-09 period 1 by faculty1
[2026-10-10T05:02:54.244Z] 2026-10-10T05:02:54.060Z  INFO 5325 --- [attendance-portal] [           main] c.c.a.service.AttendanceService          : Updated attendance record 131 by admin1 (author remains faculty1)
[2026-10-10T05:02:54.244Z] 2026-10-10T05:02:54.082Z  INFO 5325 --- [attendance-portal] [           main] c.c.a.service.AttendanceService          : Created attendance record 132 for 1CS21CS001 in CS501 on 2026-10-09 period 1 by faculty1
[2026-10-10T05:02:54.244Z] 2026-10-10T05:02:54.087Z  INFO 5325 --- [attendance-portal] [           main] c.c.a.service.AttendanceService          : Updated attendance record 132 by faculty1 (author remains faculty1)
[2026-10-10T05:02:54.244Z] 2026-10-10T05:02:54.109Z  INFO 5325 --- [attendance-portal] [           main] c.c.a.service.AttendanceService          : Created attendance record 133 for 1CS21CS001 in CS501 on 2026-10-09 period 1 by faculty1
[2026-10-10T05:02:54.244Z] 2026-10-10T05:02:54.132Z  INFO 5325 --- [attendance-portal] [           main] c.c.a.service.AttendanceService          : Created attendance record 134 for 1CS21CS001 in CS501 on 2026-10-09 period 1 by faculty1
[2026-10-10T05:02:54.244Z] 2026-10-10T05:02:54.158Z  INFO 5325 --- [attendance-portal] [           main] c.c.a.service.AttendanceService          : Created attendance record 135 for 1CS21CS001 in CS501 on 2026-10-09 period 1 by faculty1
[2026-10-10T05:02:54.244Z] 2026-10-10T05:02:54.164Z  INFO 5325 --- [attendance-portal] [           main] c.c.a.service.AttendanceService          : Updated attendance record 135 by faculty1 (author remains faculty1)
[2026-10-10T05:02:54.244Z] 2026-10-10T05:02:54.181Z  INFO 5325 --- [attendance-portal] [           main] c.c.a.service.AttendanceService          : Created attendance record 136 for 1CS21CS001 in CS501 on 2026-10-09 period 1 by faculty1
[2026-10-10T05:02:54.244Z] [INFO] Tests run: 7, Failures: 0, Errors: 0, Skipped: 0, Time elapsed: 0.167 s -- in Correcting a record
[2026-10-10T05:02:54.244Z] [INFO] Running Creating a record
[2026-10-10T05:02:54.244Z] 2026-10-10T05:02:54.191Z  INFO 5325 --- [attendance-portal] [           main] t.c.s.AnnotationConfigContextLoaderUtils : Could not detect default configuration classes for test class [com.college.attendance.service.AttendanceServiceTest$Creating]: Creating does not declare any static, non-private, non-final, nested classes annotated with @Configuration.
[2026-10-10T05:02:54.244Z] 2026-10-10T05:02:54.192Z  INFO 5325 --- [attendance-portal] [           main] .b.t.c.SpringBootTestContextBootstrapper : Found @SpringBootConfiguration com.college.attendance.AttendancePortalApplication for test class com.college.attendance.service.AttendanceServiceTest$Creating
[2026-10-10T05:02:54.244Z] 2026-10-10T05:02:54.210Z  INFO 5325 --- [attendance-portal] [           main] c.c.a.service.AttendanceService          : Created attendance record 137 for 1CS21CS001 in CS501 on 2026-10-09 period 1 by faculty1
[2026-10-10T05:02:54.244Z] 2026-10-10T05:02:54.215Z  INFO 5325 --- [attendance-portal] [           main] c.c.a.service.AttendanceService          : Created attendance record 138 for 1CS21CS001 in CS501 on 2026-10-09 period 2 by faculty1
[2026-10-10T05:02:54.497Z] 2026-10-10T05:02:54.247Z  INFO 5325 --- [attendance-portal] [           main] c.c.a.service.AttendanceService          : Created attendance record 139 for 1CS21CS001 in CS501 on 2026-10-09 period 1 by faculty1
[2026-10-10T05:02:54.497Z] 2026-10-10T05:02:54.277Z  INFO 5325 --- [attendance-portal] [           main] c.c.a.service.AttendanceService          : Created attendance record 140 for 1CS21CS001 in CS501 on 2026-10-09 period 1 by faculty1
[2026-10-10T05:02:54.497Z] 2026-10-10T05:02:54.290Z  INFO 5325 --- [attendance-portal] [           main] c.c.a.service.AttendanceService          : Created attendance record 141 for 1CS21CS001 in CS501 on 2026-10-09 period 1 by faculty1
[2026-10-10T05:02:54.497Z] [INFO] Tests run: 6, Failures: 0, Errors: 0, Skipped: 0, Time elapsed: 0.110 s -- in Creating a record
[2026-10-10T05:02:54.497Z] [INFO] Tests run: 0, Failures: 0, Errors: 0, Skipped: 0, Time elapsed: 0.332 s -- in com.college.attendance.service.AttendanceServiceTest
[2026-10-10T05:02:54.497Z] [INFO] Running com.college.attendance.config.CurrentUserTest
[2026-10-10T05:02:54.497Z] 2026-10-10T05:02:54.302Z  INFO 5325 --- [attendance-portal] [           main] t.c.s.AnnotationConfigContextLoaderUtils : Could not detect default configuration classes for test class [com.college.attendance.config.CurrentUserTest]: CurrentUserTest does not declare any static, non-private, non-final, nested classes annotated with @Configuration.
[2026-10-10T05:02:54.497Z] 2026-10-10T05:02:54.310Z  INFO 5325 --- [attendance-portal] [           main] .b.t.c.SpringBootTestContextBootstrapper : Found @SpringBootConfiguration com.college.attendance.AttendancePortalApplication for test class com.college.attendance.config.CurrentUserTest
[2026-10-10T05:02:54.497Z] [INFO] Tests run: 5, Failures: 0, Errors: 0, Skipped: 0, Time elapsed: 0.051 s -- in com.college.attendance.config.CurrentUserTest
[2026-10-10T05:02:54.497Z] [INFO] Running com.college.attendance.AttendancePortalApplicationTests
[2026-10-10T05:02:54.497Z] 2026-10-10T05:02:54.354Z  INFO 5325 --- [attendance-portal] [           main] t.c.s.AnnotationConfigContextLoaderUtils : Could not detect default configuration classes for test class [com.college.attendance.AttendancePortalApplicationTests]: AttendancePortalApplicationTests does not declare any static, non-private, non-final, nested classes annotated with @Configuration.
[2026-10-10T05:02:54.497Z] 2026-10-10T05:02:54.358Z  INFO 5325 --- [attendance-portal] [           main] .b.t.c.SpringBootTestContextBootstrapper : Found @SpringBootConfiguration com.college.attendance.AttendancePortalApplication for test class com.college.attendance.AttendancePortalApplicationTests
[2026-10-10T05:02:54.497Z] [INFO] Tests run: 1, Failures: 0, Errors: 0, Skipped: 0, Time elapsed: 0.023 s -- in com.college.attendance.AttendancePortalApplicationTests
[2026-10-10T05:02:54.497Z] [INFO] Running com.college.attendance.web.AttendanceSecurityTest
[2026-10-10T05:02:54.748Z] 2026-10-10T05:02:54.380Z  INFO 5325 --- [attendance-portal] [           main] t.c.s.AnnotationConfigContextLoaderUtils : Could not detect default configuration classes for test class [com.college.attendance.web.AttendanceSecurityTest]: AttendanceSecurityTest does not declare any static, non-private, non-final, nested classes annotated with @Configuration.
[2026-10-10T05:02:54.748Z] 2026-10-10T05:02:54.393Z  INFO 5325 --- [attendance-portal] [           main] .b.t.c.SpringBootTestContextBootstrapper : Found @SpringBootConfiguration com.college.attendance.AttendancePortalApplication for test class com.college.attendance.web.AttendanceSecurityTest
[2026-10-10T05:02:54.748Z] 
[2026-10-10T05:02:54.748Z]   .   ____          _            __ _ _
[2026-10-10T05:02:54.748Z]  /\\ / ___'_ __ _ _(_)_ __  __ _ \ \ \ \
[2026-10-10T05:02:54.748Z] ( ( )\___ | '_ | '_| | '_ \/ _` | \ \ \ \
[2026-10-10T05:02:54.748Z]  \\/  ___)| |_)| | | | | || (_| |  ) ) ) )
[2026-10-10T05:02:54.748Z]   '  |____| .__|_| |_|_| |_\__, | / / / /
[2026-10-10T05:02:54.748Z]  =========|_|==============|___/=/_/_/_/
[2026-10-10T05:02:54.748Z] 
[2026-10-10T05:02:54.748Z]  :: Spring Boot ::               (v3.5.16)
[2026-10-10T05:02:54.748Z] 
[2026-10-10T05:02:54.748Z] 2026-10-10T05:02:54.429Z  INFO 5325 --- [attendance-portal] [           main] c.c.a.web.AttendanceSecurityTest         : Starting AttendanceSecurityTest using Java 21.0.12.1 with PID 5325 (started by root in /var/jenkins_home/workspace/attendance-portal-pipeline/app)
[2026-10-10T05:02:54.748Z] 2026-10-10T05:02:54.429Z  INFO 5325 --- [attendance-portal] [           main] c.c.a.web.AttendanceSecurityTest         : The following 1 profile is active: "test"
[2026-10-10T05:02:54.748Z] 2026-10-10T05:02:54.666Z  INFO 5325 --- [attendance-portal] [           main] .s.d.r.c.RepositoryConfigurationDelegate : Bootstrapping Spring Data JPA repositories in DEFAULT mode.
[2026-10-10T05:02:54.748Z] 2026-10-10T05:02:54.676Z  INFO 5325 --- [attendance-portal] [           main] .s.d.r.c.RepositoryConfigurationDelegate : Finished Spring Data repository scanning in 8 ms. Found 3 JPA repository interfaces.
[2026-10-10T05:02:55.002Z] 2026-10-10T05:02:54.811Z  INFO 5325 --- [attendance-portal] [           main] o.hibernate.jpa.internal.util.LogHelper  : HHH000204: Processing PersistenceUnitInfo [name: default]
[2026-10-10T05:02:55.002Z] 2026-10-10T05:02:54.817Z  INFO 5325 --- [attendance-portal] [           main] o.h.c.internal.RegionFactoryInitiator    : HHH000026: Second-level cache disabled
[2026-10-10T05:02:55.002Z] 2026-10-10T05:02:54.825Z  INFO 5325 --- [attendance-portal] [           main] o.s.o.j.p.SpringPersistenceUnitInfo      : No LoadTimeWeaver setup: ignoring JPA class transformer
[2026-10-10T05:02:55.002Z] 2026-10-10T05:02:54.825Z  INFO 5325 --- [attendance-portal] [           main] com.zaxxer.hikari.HikariDataSource       : HikariPool-2 - Starting...
[2026-10-10T05:02:55.002Z] 2026-10-10T05:02:54.827Z  INFO 5325 --- [attendance-portal] [           main] com.zaxxer.hikari.pool.HikariPool        : HikariPool-2 - Added connection conn10: url=jdbc:h2:mem:attendance-test user=SA
[2026-10-10T05:02:55.002Z] 2026-10-10T05:02:54.827Z  INFO 5325 --- [attendance-portal] [           main] com.zaxxer.hikari.HikariDataSource       : HikariPool-2 - Start completed.
[2026-10-10T05:02:55.002Z] 2026-10-10T05:02:54.829Z  INFO 5325 --- [attendance-portal] [           main] org.hibernate.orm.connections.pooling    : HHH10001005: Database info:
[2026-10-10T05:02:55.002Z] 	Database JDBC URL [Connecting through datasource 'HikariDataSource (HikariPool-2)']
[2026-10-10T05:02:55.002Z] 	Database driver: undefined/unknown
[2026-10-10T05:02:55.002Z] 	Database version: 2.3.232
[2026-10-10T05:02:55.002Z] 	Autocommit mode: undefined/unknown
[2026-10-10T05:02:55.002Z] 	Isolation level: undefined/unknown
[2026-10-10T05:02:55.002Z] 	Minimum pool size: undefined/unknown
[2026-10-10T05:02:55.002Z] 	Maximum pool size: undefined/unknown
[2026-10-10T05:02:55.255Z] 2026-10-10T05:02:54.911Z  INFO 5325 --- [attendance-portal] [           main] o.h.e.t.j.p.i.JtaPlatformInitiator       : HHH000489: No JTA platform available (set 'hibernate.transaction.jta.platform' to enable JTA platform integration)
[2026-10-10T05:02:55.255Z] 2026-10-10T05:02:54.930Z  INFO 5325 --- [attendance-portal] [           main] j.LocalContainerEntityManagerFactoryBean : Initialized JPA EntityManagerFactory for persistence unit 'default'
[2026-10-10T05:02:55.255Z] 2026-10-10T05:02:54.998Z  INFO 5325 --- [attendance-portal] [           main] c.college.attendance.config.DataSeeder   : Seeding disabled (attendance.seed-data=false)
[2026-10-10T05:02:55.255Z] 2026-10-10T05:02:55.034Z  INFO 5325 --- [attendance-portal] [           main] r$InitializeUserDetailsManagerConfigurer : Global AuthenticationManager configured with UserDetailsService bean with name databaseUserDetailsService
[2026-10-10T05:02:55.255Z] 2026-10-10T05:02:55.118Z  INFO 5325 --- [attendance-portal] [           main] o.s.b.a.e.web.EndpointLinksResolver      : Exposing 2 endpoints beneath base path '/actuator'
[2026-10-10T05:02:55.506Z] 2026-10-10T05:02:55.271Z  INFO 5325 --- [attendance-portal] [           main] o.s.b.t.m.w.SpringBootMockServletContext : Initializing Spring TestDispatcherServlet ''
[2026-10-10T05:02:55.506Z] 2026-10-10T05:02:55.271Z  INFO 5325 --- [attendance-portal] [           main] o.s.t.web.servlet.TestDispatcherServlet  : Initializing Servlet ''
[2026-10-10T05:02:55.506Z] 2026-10-10T05:02:55.272Z  INFO 5325 --- [attendance-portal] [           main] o.s.t.web.servlet.TestDispatcherServlet  : Completed initialization in 1 ms
[2026-10-10T05:02:55.506Z] 2026-10-10T05:02:55.288Z  INFO 5325 --- [attendance-portal] [           main] c.c.a.web.AttendanceSecurityTest         : Started AttendanceSecurityTest in 0.891 seconds (process running for 15.991)
[2026-10-10T05:02:59.638Z] [INFO] Tests run: 8, Failures: 0, Errors: 0, Skipped: 0, Time elapsed: 5.004 s -- in com.college.attendance.web.AttendanceSecurityTest
[2026-10-10T05:02:59.638Z] [INFO] Running com.college.attendance.repository.AttendanceRecordRepositoryTest
[2026-10-10T05:02:59.638Z] 2026-10-10T05:02:59.388Z  INFO 5325 --- [attendance-portal] [           main] t.c.s.AnnotationConfigContextLoaderUtils : Could not detect default configuration classes for test class [com.college.attendance.repository.AttendanceRecordRepositoryTest]: AttendanceRecordRepositoryTest does not declare any static, non-private, non-final, nested classes annotated with @Configuration.
[2026-10-10T05:02:59.638Z] 2026-10-10T05:02:59.405Z  INFO 5325 --- [attendance-portal] [           main] .b.t.c.SpringBootTestContextBootstrapper : Found @SpringBootConfiguration com.college.attendance.AttendancePortalApplication for test class com.college.attendance.repository.AttendanceRecordRepositoryTest
[2026-10-10T05:02:59.638Z] 
[2026-10-10T05:02:59.638Z]   .   ____          _            __ _ _
[2026-10-10T05:02:59.638Z]  /\\ / ___'_ __ _ _(_)_ __  __ _ \ \ \ \
[2026-10-10T05:02:59.638Z] ( ( )\___ | '_ | '_| | '_ \/ _` | \ \ \ \
[2026-10-10T05:02:59.638Z]  \\/  ___)| |_)| | | | | || (_| |  ) ) ) )
[2026-10-10T05:02:59.638Z]   '  |____| .__|_| |_|_| |_\__, | / / / /
[2026-10-10T05:02:59.638Z]  =========|_|==============|___/=/_/_/_/
[2026-10-10T05:02:59.638Z] 
[2026-10-10T05:02:59.638Z]  :: Spring Boot ::               (v3.5.16)
[2026-10-10T05:02:59.638Z] 
[2026-10-10T05:02:59.638Z] 2026-10-10T05:02:59.436Z  INFO 5325 --- [attendance-portal] [           main] c.c.a.r.AttendanceRecordRepositoryTest   : Starting AttendanceRecordRepositoryTest using Java 21.0.12.1 with PID 5325 (started by root in /var/jenkins_home/workspace/attendance-portal-pipeline/app)
[2026-10-10T05:02:59.638Z] 2026-10-10T05:02:59.436Z  INFO 5325 --- [attendance-portal] [           main] c.c.a.r.AttendanceRecordRepositoryTest   : The following 1 profile is active: "test"
[2026-10-10T05:02:59.638Z] 2026-10-10T05:02:59.484Z  INFO 5325 --- [attendance-portal] [           main] .s.d.r.c.RepositoryConfigurationDelegate : Bootstrapping Spring Data JPA repositories in DEFAULT mode.
[2026-10-10T05:02:59.638Z] 2026-10-10T05:02:59.490Z  INFO 5325 --- [attendance-portal] [           main] .s.d.r.c.RepositoryConfigurationDelegate : Finished Spring Data repository scanning in 5 ms. Found 3 JPA repository interfaces.
[2026-10-10T05:02:59.638Z] 2026-10-10T05:02:59.499Z  INFO 5325 --- [attendance-portal] [           main] beddedDataSourceBeanFactoryPostProcessor : Replacing 'dataSource' DataSource bean with embedded version
[2026-10-10T05:02:59.638Z] 2026-10-10T05:02:59.517Z  INFO 5325 --- [attendance-portal] [           main] o.s.j.d.e.EmbeddedDatabaseFactory        : Starting embedded database: url='jdbc:h2:mem:d0834587-7f9e-4fe4-8093-77a0fe32b351;DB_CLOSE_DELAY=-1;DB_CLOSE_ON_EXIT=false', username='sa'
[2026-10-10T05:02:59.638Z] 2026-10-10T05:02:59.528Z  INFO 5325 --- [attendance-portal] [           main] o.hibernate.jpa.internal.util.LogHelper  : HHH000204: Processing PersistenceUnitInfo [name: default]
[2026-10-10T05:02:59.638Z] 2026-10-10T05:02:59.530Z  INFO 5325 --- [attendance-portal] [           main] o.h.c.internal.RegionFactoryInitiator    : HHH000026: Second-level cache disabled
[2026-10-10T05:02:59.638Z] 2026-10-10T05:02:59.536Z  INFO 5325 --- [attendance-portal] [           main] o.s.o.j.p.SpringPersistenceUnitInfo      : No LoadTimeWeaver setup: ignoring JPA class transformer
[2026-10-10T05:02:59.638Z] 2026-10-10T05:02:59.538Z  INFO 5325 --- [attendance-portal] [           main] org.hibernate.orm.connections.pooling    : HHH10001005: Database info:
[2026-10-10T05:02:59.638Z] 	Database JDBC URL [Connecting through datasource 'org.springframework.jdbc.datasource.embedded.EmbeddedDatabaseFactory$EmbeddedDataSourceProxy@108b806c']
[2026-10-10T05:02:59.638Z] 	Database driver: undefined/unknown
[2026-10-10T05:02:59.638Z] 	Database version: 2.3.232
[2026-10-10T05:02:59.638Z] 	Autocommit mode: undefined/unknown
[2026-10-10T05:02:59.638Z] 	Isolation level: undefined/unknown
[2026-10-10T05:02:59.638Z] 	Minimum pool size: undefined/unknown
[2026-10-10T05:02:59.638Z] 	Maximum pool size: undefined/unknown
[2026-10-10T05:02:59.638Z] 2026-10-10T05:02:59.577Z  INFO 5325 --- [attendance-portal] [           main] o.h.e.t.j.p.i.JtaPlatformInitiator       : HHH000489: No JTA platform available (set 'hibernate.transaction.jta.platform' to enable JTA platform integration)
[2026-10-10T05:02:59.638Z] Hibernate: drop table if exists app_user cascade 
[2026-10-10T05:02:59.638Z] Hibernate: drop table if exists attendance_record cascade 
[2026-10-10T05:02:59.638Z] Hibernate: drop table if exists student cascade 
[2026-10-10T05:02:59.638Z] Hibernate: create table app_user (enabled boolean not null, id bigint generated by default as identity, linked_roll_number varchar(32), username varchar(64) not null unique, password_hash varchar(100) not null, display_name varchar(120) not null, role enum ('ADMIN','FACULTY','HOD','STUDENT') not null, primary key (id))
[2026-10-10T05:02:59.638Z] Hibernate: create table attendance_record (period_number integer not null, session_date date not null, created_at timestamp(6) with time zone not null, id bigint generated by default as identity, reviewed_at timestamp(6) with time zone, student_id bigint not null, updated_at timestamp(6) with time zone, subject_code varchar(16) not null, marked_by varchar(64) not null, reviewed_by varchar(64), remarks varchar(500), review_comment varchar(500), attendance_status enum ('ABSENT','EXCUSED','LATE','PRESENT') not null, workflow_status enum ('APPROVED','DRAFT','REJECTED','SUBMITTED') not null, primary key (id), constraint uk_attendance_student_subject_date_period unique (student_id, subject_code, session_date, period_number))
[2026-10-10T05:02:59.638Z] Hibernate: create table student (active boolean not null, semester integer not null check ((semester>=1) and (semester<=8)), id bigint generated by default as identity, roll_number varchar(32) not null unique, department varchar(80) not null, full_name varchar(120) not null, email varchar(160), primary key (id))
[2026-10-10T05:02:59.638Z] Hibernate: create index idx_attendance_session_date on attendance_record (session_date)
[2026-10-10T05:02:59.638Z] Hibernate: create index idx_attendance_workflow_status on attendance_record (workflow_status)
[2026-10-10T05:02:59.638Z] Hibernate: create index idx_attendance_subject_code on attendance_record (subject_code)
[2026-10-10T05:02:59.638Z] Hibernate: alter table if exists attendance_record add constraint FK9p10lf3n7tcuouo29ery5obq6 foreign key (student_id) references student
[2026-10-10T05:02:59.638Z] 2026-10-10T05:02:59.585Z  INFO 5325 --- [attendance-portal] [           main] j.LocalContainerEntityManagerFactoryBean : Initialized JPA EntityManagerFactory for persistence unit 'default'
[2026-10-10T05:02:59.638Z] 2026-10-10T05:02:59.624Z  INFO 5325 --- [attendance-portal] [           main] c.c.a.r.AttendanceRecordRepositoryTest   : Started AttendanceRecordRepositoryTest in 0.216 seconds (process running for 20.327)
[2026-10-10T05:02:59.889Z] Hibernate: insert into student (active,department,email,full_name,roll_number,semester,id) values (?,?,?,?,?,?,default)
[2026-10-10T05:02:59.889Z] Hibernate: insert into attendance_record (attendance_status,created_at,marked_by,period_number,remarks,review_comment,reviewed_at,reviewed_by,session_date,student_id,subject_code,updated_at,workflow_status,id) values (?,?,?,?,?,?,?,?,?,?,?,?,?,default)
[2026-10-10T05:02:59.889Z] Hibernate: select ar1_0.id from attendance_record ar1_0 join student s1_0 on s1_0.id=ar1_0.student_id where s1_0.roll_number=? and ar1_0.subject_code=? and ar1_0.session_date=? and ar1_0.period_number=? fetch first ? rows only
[2026-10-10T05:02:59.889Z] Hibernate: select ar1_0.id from attendance_record ar1_0 join student s1_0 on s1_0.id=ar1_0.student_id where s1_0.roll_number=? and ar1_0.subject_code=? and ar1_0.session_date=? and ar1_0.period_number=? fetch first ? rows only
[2026-10-10T05:02:59.889Z] Hibernate: insert into student (active,department,email,full_name,roll_number,semester,id) values (?,?,?,?,?,?,default)
[2026-10-10T05:02:59.889Z] Hibernate: insert into attendance_record (attendance_status,created_at,marked_by,period_number,remarks,review_comment,reviewed_at,reviewed_by,session_date,student_id,subject_code,updated_at,workflow_status,id) values (?,?,?,?,?,?,?,?,?,?,?,?,?,default)
[2026-10-10T05:02:59.889Z] Hibernate: insert into attendance_record (attendance_status,created_at,marked_by,period_number,remarks,review_comment,reviewed_at,reviewed_by,session_date,student_id,subject_code,updated_at,workflow_status,id) values (?,?,?,?,?,?,?,?,?,?,?,?,?,default)
[2026-10-10T05:02:59.889Z] 2026-10-10T05:02:59.666Z  WARN 5325 --- [attendance-portal] [           main] o.h.engine.jdbc.spi.SqlExceptionHelper   : SQL Error: 23505, SQLState: 23505
[2026-10-10T05:02:59.889Z] 2026-10-10T05:02:59.666Z ERROR 5325 --- [attendance-portal] [           main] o.h.engine.jdbc.spi.SqlExceptionHelper   : Unique index or primary key violation: "PUBLIC.UK_ATTENDANCE_STUDENT_SUBJECT_DATE_PERIOD_INDEX_C ON PUBLIC.ATTENDANCE_RECORD(STUDENT_ID NULLS FIRST, SUBJECT_CODE NULLS FIRST, SESSION_DATE NULLS FIRST, PERIOD_NUMBER NULLS FIRST) VALUES ( /* key:2 */ CAST(2 AS BIGINT), 'CS501', DATE '2026-10-09', 1)"; SQL statement:
[2026-10-10T05:02:59.889Z] insert into attendance_record (attendance_status,created_at,marked_by,period_number,remarks,review_comment,reviewed_at,reviewed_by,session_date,student_id,subject_code,updated_at,workflow_status,id) values (?,?,?,?,?,?,?,?,?,?,?,?,?,default) [23505-232]
[2026-10-10T05:02:59.889Z] Hibernate: insert into student (active,department,email,full_name,roll_number,semester,id) values (?,?,?,?,?,?,default)
[2026-10-10T05:02:59.889Z] Hibernate: insert into attendance_record (attendance_status,created_at,marked_by,period_number,remarks,review_comment,reviewed_at,reviewed_by,session_date,student_id,subject_code,updated_at,workflow_status,id) values (?,?,?,?,?,?,?,?,?,?,?,?,?,default)
[2026-10-10T05:02:59.889Z] Hibernate: insert into attendance_record (attendance_status,created_at,marked_by,period_number,remarks,review_comment,reviewed_at,reviewed_by,session_date,student_id,subject_code,updated_at,workflow_status,id) values (?,?,?,?,?,?,?,?,?,?,?,?,?,default)
[2026-10-10T05:02:59.889Z] Hibernate: insert into attendance_record (attendance_status,created_at,marked_by,period_number,remarks,review_comment,reviewed_at,reviewed_by,session_date,student_id,subject_code,updated_at,workflow_status,id) values (?,?,?,?,?,?,?,?,?,?,?,?,?,default)
[2026-10-10T05:02:59.889Z] Hibernate: select distinct ar1_0.subject_code from attendance_record ar1_0 order by ar1_0.subject_code
[2026-10-10T05:02:59.889Z] Hibernate: insert into student (active,department,email,full_name,roll_number,semester,id) values (?,?,?,?,?,?,default)
[2026-10-10T05:02:59.889Z] Hibernate: insert into attendance_record (attendance_status,created_at,marked_by,period_number,remarks,review_comment,reviewed_at,reviewed_by,session_date,student_id,subject_code,updated_at,workflow_status,id) values (?,?,?,?,?,?,?,?,?,?,?,?,?,default)
[2026-10-10T05:02:59.889Z] Hibernate: insert into attendance_record (attendance_status,created_at,marked_by,period_number,remarks,review_comment,reviewed_at,reviewed_by,session_date,student_id,subject_code,updated_at,workflow_status,id) values (?,?,?,?,?,?,?,?,?,?,?,?,?,default)
[2026-10-10T05:02:59.889Z] Hibernate: insert into attendance_record (attendance_status,created_at,marked_by,period_number,remarks,review_comment,reviewed_at,reviewed_by,session_date,student_id,subject_code,updated_at,workflow_status,id) values (?,?,?,?,?,?,?,?,?,?,?,?,?,default)
[2026-10-10T05:02:59.889Z] Hibernate: select ar1_0.id,ar1_0.attendance_status,ar1_0.created_at,ar1_0.marked_by,ar1_0.period_number,ar1_0.remarks,ar1_0.review_comment,ar1_0.reviewed_at,ar1_0.reviewed_by,ar1_0.session_date,ar1_0.student_id,ar1_0.subject_code,ar1_0.updated_at,ar1_0.workflow_status from attendance_record ar1_0 order by ar1_0.session_date desc,ar1_0.period_number fetch first ? rows only
[2026-10-10T05:02:59.889Z] Hibernate: insert into student (active,department,email,full_name,roll_number,semester,id) values (?,?,?,?,?,?,default)
[2026-10-10T05:02:59.889Z] Hibernate: insert into attendance_record (attendance_status,created_at,marked_by,period_number,remarks,review_comment,reviewed_at,reviewed_by,session_date,student_id,subject_code,updated_at,workflow_status,id) values (?,?,?,?,?,?,?,?,?,?,?,?,?,default)
[2026-10-10T05:02:59.889Z] Hibernate: insert into attendance_record (attendance_status,created_at,marked_by,period_number,remarks,review_comment,reviewed_at,reviewed_by,session_date,student_id,subject_code,updated_at,workflow_status,id) values (?,?,?,?,?,?,?,?,?,?,?,?,?,default)
[2026-10-10T05:02:59.889Z] Hibernate: insert into attendance_record (attendance_status,created_at,marked_by,period_number,remarks,review_comment,reviewed_at,reviewed_by,session_date,student_id,subject_code,updated_at,workflow_status,id) values (?,?,?,?,?,?,?,?,?,?,?,?,?,default)
[2026-10-10T05:02:59.889Z] Hibernate: select ar1_0.id,ar1_0.attendance_status,ar1_0.created_at,ar1_0.marked_by,ar1_0.period_number,ar1_0.remarks,ar1_0.review_comment,ar1_0.reviewed_at,ar1_0.reviewed_by,ar1_0.session_date,ar1_0.student_id,ar1_0.subject_code,ar1_0.updated_at,ar1_0.workflow_status from attendance_record ar1_0 order by ar1_0.session_date desc,ar1_0.period_number fetch first ? rows only
[2026-10-10T05:02:59.889Z] [INFO] Tests run: 5, Failures: 0, Errors: 0, Skipped: 0, Time elapsed: 0.337 s -- in com.college.attendance.repository.AttendanceRecordRepositoryTest
[2026-10-10T05:03:00.140Z] [INFO] 
[2026-10-10T05:03:00.140Z] [INFO] Results:
[2026-10-10T05:03:00.140Z] [INFO] 
[2026-10-10T05:03:00.140Z] [INFO] Tests run: 73, Failures: 0, Errors: 0, Skipped: 0
[2026-10-10T05:03:00.140Z] [INFO] 
[2026-10-10T05:03:00.140Z] [INFO] 
[2026-10-10T05:03:00.140Z] [INFO] ----------< com.college.attendance:attendance-selenium-tests >----------
[2026-10-10T05:03:00.140Z] [INFO] Building Attendance Portal :: Selenium suite 1.0.0-SNAPSHOT        [3/3]
[2026-10-10T05:03:00.140Z] [INFO]   from selenium-tests/pom.xml
[2026-10-10T05:03:00.140Z] [INFO] --------------------------------[ jar ]---------------------------------
[2026-10-10T05:03:00.140Z] [INFO] 
[2026-10-10T05:03:00.141Z] [INFO] --- resources:3.3.1:resources (default-resources) @ attendance-selenium-tests ---
[2026-10-10T05:03:00.141Z] [INFO] skip non existing resourceDirectory /var/jenkins_home/workspace/attendance-portal-pipeline/selenium-tests/src/main/resources
[2026-10-10T05:03:00.141Z] [INFO] skip non existing resourceDirectory /var/jenkins_home/workspace/attendance-portal-pipeline/selenium-tests/src/main/resources
[2026-10-10T05:03:00.141Z] [INFO] 
[2026-10-10T05:03:00.141Z] [INFO] --- compiler:3.14.1:compile (default-compile) @ attendance-selenium-tests ---
[2026-10-10T05:03:00.141Z] [INFO] No sources to compile
[2026-10-10T05:03:00.141Z] [INFO] 
[2026-10-10T05:03:00.141Z] [INFO] --- resources:3.3.1:testResources (default-testResources) @ attendance-selenium-tests ---
[2026-10-10T05:03:00.141Z] [INFO] skip non existing resourceDirectory /var/jenkins_home/workspace/attendance-portal-pipeline/selenium-tests/src/test/resources
[2026-10-10T05:03:00.141Z] [INFO] 
[2026-10-10T05:03:00.141Z] [INFO] --- compiler:3.14.1:testCompile (default-testCompile) @ attendance-selenium-tests ---
[2026-10-10T05:03:00.141Z] [INFO] Recompiling the module because of changed source code.
[2026-10-10T05:03:00.141Z] [INFO] Compiling 15 source files with javac [debug parameters release 21] to target/test-classes
[2026-10-10T05:03:00.694Z] [INFO] 
[2026-10-10T05:03:00.694Z] [INFO] --- surefire:3.5.6:test (default-test) @ attendance-selenium-tests ---
[2026-10-10T05:03:00.694Z] [INFO] Tests are skipped.
[2026-10-10T05:03:00.694Z] [INFO] ------------------------------------------------------------------------
[2026-10-10T05:03:00.694Z] [INFO] Reactor Summary for Student Attendance Management Portal 1.0.0-SNAPSHOT:
[2026-10-10T05:03:00.694Z] [INFO] 
[2026-10-10T05:03:00.694Z] [INFO] Student Attendance Management Portal ............... SUCCESS [  0.001 s]
[2026-10-10T05:03:00.694Z] [INFO] Attendance Portal :: Application ................... SUCCESS [ 23.465 s]
[2026-10-10T05:03:00.694Z] [INFO] Attendance Portal :: Selenium suite ................ SUCCESS [  0.474 s]
[2026-10-10T05:03:00.694Z] [INFO] ------------------------------------------------------------------------
[2026-10-10T05:03:00.694Z] [INFO] BUILD SUCCESS
[2026-10-10T05:03:00.694Z] [INFO] ------------------------------------------------------------------------
[2026-10-10T05:03:00.694Z] [INFO] Total time:  24.132 s
[2026-10-10T05:03:00.694Z] [INFO] Finished at: 2026-10-10T05:03:00Z
[2026-10-10T05:03:00.694Z] [INFO] ------------------------------------------------------------------------
[2026-10-10T05:03:00.714Z] Post stage
[2026-10-10T05:03:00.728Z] [8mha:////4Mv8qPYZ220yWxIs7QMErFZKE7QYe/+bF+1cAdCwhVcCAAAApR+LCAAAAAAAAP9tjTEOwjAQBC9BFLSUPOJSUCCEqNJabniBiY1xYt0Z2yGpeBFf4w8EIlGxxWpnm3m+YJkiHDlabA11jlLjMPjeTgsHjt3F84Atn7FhSuwNSjNI1qaeUXI2MKcoYSFgZajxnBzZDGvRqruqvCJbnXKcvoOA0ukbPKAQkzmrmL8wRthce52Yfp6/AhhDhnK7+9Q+vAFHPe70vgAAAA==[0m[Pipeline] junit
[2026-10-10T05:03:00.731Z] Recording test results
[2026-10-10T05:03:00.762Z] [Checks API] No suitable checks publisher found.
[2026-10-10T05:03:00.772Z] [8mha:////4DO/PajtrXc1CjIEpE/Yyv3CWx4mJuRsFCKcRK3lAGd5AAAAph+LCAAAAAAAAP9tjTEOwjAQBC9BFLSUPOKCBBIFSkVrueEFJjHGiXUXbAen4kV8jT9gEYmKLVY728zrDcvgoWZvsNPUWwqNxcGNJi9M7Pur44QdX7BhCuw0Sp0kt/o0o+SoYU5RwkLASlPjOFgyEdaiUw9VOUWmOkefv6OA0rZ3eEIhsjkqH78wedjcxjYw/Tx/BTANQ4Ryv821O3wAP3+A6L4AAAA=[0m[Pipeline] }
[2026-10-10T05:03:00.795Z] [8mha:////4GdQjuDejLbgDrFbKrH1UOfzcZFJmj4HzNIVmIudgFYQAAAApR+LCAAAAAAAAP9tjTEOwjAQBC9BFLSUPOIiBKJBqWgtN7zAJMY4se6C7eBUvIiv8QcsIlGxxWpnm3m9YRk81OwNdpp6S6GxOLjR5IWJfX91nLDjCzZMgZ1GqZPkVp9mlBw1zClKWAhYaWocB0smwlp06qEqp8hU5+jzdxRQ2vYOTyhENkfl4xcmD5vb2Aamn+evAKZhiFDut7l2hw8MnNtUvgAAAA==[0m[Pipeline] // stage
[2026-10-10T05:03:00.812Z] [8mha:////4Kvw9VHuiOz267DagQFxgNdfAOFBj2tWC6IgTx5DxKs7AAAAqB+LCAAAAAAAAP9tjTEOwjAUQ3+LOrAycohUICQG1Ik16sIJQhNC0uj/kqSkEyfiatyBQCUmPFi2Jes9X1AFDw15zazC3mDoDBvcqHNiiXx/cZSYpTPrCAM5xVqVWpLqONeWooJZRQkLDkuFnaNgUEdYcSvuonYCdX2KPm8HDqWRN3hAwTM5Ch+/ZfKwvo4yEP44fwEwDRHKzT7bbvt5Vm+L6SchwgAAAA==[0m[Pipeline] stage
[2026-10-10T05:03:00.815Z] [8mha:////4Ax8EKd47sKzvVZzj0LuF474GJlA1myhK/jgnQBXx8OuAAAApx+LCAAAAAAAAP9tjTEOwjAUQ3+LOrAycohUAjbE1DXKwglCE0La6P/yk9JOnIircQdaKjHhwbItWe/1hiIynIidaCy2HmPtRRd6NyUxELfXQINo6CJqwkjBCmUHRcZWS1WULCzKclhJWFusA0WPLsFGNvqhy6DRlefE03aUkHtzhydkciInzelbRobtrTeR8Mf5C4CxS5AfdrPt52fxAXzhjwPCAAAA[0m[Pipeline] { (Package)
[2026-10-10T05:03:00.849Z] [8mha:////4PSNzbGn3pyYWWa6KZJ/fH6pd5OlvzbmTsjBCqVIq9p7AAAAox+LCAAAAAAAAP9tjTEOwjAQBC9BFLSUPOJSkA5R0VppeIFJjLFj3Tm2g1PxIr7GHwhEomKL1c4283zBOgY4ctBoFfWGYmvQu1HPCzOH/uo4o+ULtkyRncJG5YY7dVqw4aRgSVHCSsBGUes4GtIJtsLKu6ycJF2dU5i/g4DSdAM8oBCzOcmQvjAF2N3GLjL9PH8FMPkEZb3/VO3fhXiFur4AAAA=[0m[Pipeline] sh
[2026-10-10T05:03:01.113Z] + /opt/maven/bin/mvn -B -DskipTests package
[2026-10-10T05:03:02.028Z] [INFO] Scanning for projects...
[2026-10-10T05:03:02.280Z] [INFO] ------------------------------------------------------------------------
[2026-10-10T05:03:02.280Z] [INFO] Reactor Build Order:
[2026-10-10T05:03:02.280Z] [INFO] 
[2026-10-10T05:03:02.280Z] [INFO] Student Attendance Management Portal                               [pom]
[2026-10-10T05:03:02.280Z] [INFO] Attendance Portal :: Application                                   [war]
[2026-10-10T05:03:02.280Z] [INFO] Attendance Portal :: Selenium suite                                [jar]
[2026-10-10T05:03:02.280Z] [INFO] 
[2026-10-10T05:03:02.280Z] [INFO] ----------< com.college.attendance:attendance-portal-parent >-----------
[2026-10-10T05:03:02.280Z] [INFO] Building Student Attendance Management Portal 1.0.0-SNAPSHOT       [1/3]
[2026-10-10T05:03:02.280Z] [INFO]   from pom.xml
[2026-10-10T05:03:02.280Z] [INFO] --------------------------------[ pom ]---------------------------------
[2026-10-10T05:03:02.280Z] [INFO] 
[2026-10-10T05:03:02.280Z] [INFO] ---------------< com.college.attendance:attendance-app >----------------
[2026-10-10T05:03:02.280Z] [INFO] Building Attendance Portal :: Application 1.0.0-SNAPSHOT           [2/3]
[2026-10-10T05:03:02.280Z] [INFO]   from app/pom.xml
[2026-10-10T05:03:02.280Z] [INFO] --------------------------------[ war ]---------------------------------
[2026-10-10T05:03:02.531Z] [INFO] 
[2026-10-10T05:03:02.531Z] [INFO] --- jacoco:0.8.13:prepare-agent (prepare-agent) @ attendance-app ---
[2026-10-10T05:03:02.531Z] [INFO] argLine set to -javaagent:/root/.m2/repository/org/jacoco/org.jacoco.agent/0.8.13/org.jacoco.agent-0.8.13-runtime.jar=destfile=/var/jenkins_home/workspace/attendance-portal-pipeline/app/target/jacoco.exec
[2026-10-10T05:03:02.531Z] [INFO] 
[2026-10-10T05:03:02.531Z] [INFO] --- resources:3.3.1:resources (default-resources) @ attendance-app ---
[2026-10-10T05:03:02.531Z] [INFO] Copying 1 resource from src/main/resources to target/classes
[2026-10-10T05:03:02.531Z] [INFO] Copying 10 resources from src/main/resources to target/classes
[2026-10-10T05:03:02.531Z] [INFO] 
[2026-10-10T05:03:02.531Z] [INFO] --- compiler:3.14.1:compile (default-compile) @ attendance-app ---
[2026-10-10T05:03:02.782Z] [INFO] Nothing to compile - all classes are up to date.
[2026-10-10T05:03:02.782Z] [INFO] 
[2026-10-10T05:03:02.782Z] [INFO] --- resources:3.3.1:testResources (default-testResources) @ attendance-app ---
[2026-10-10T05:03:02.782Z] [INFO] Copying 1 resource from src/test/resources to target/test-classes
[2026-10-10T05:03:02.782Z] [INFO] 
[2026-10-10T05:03:02.782Z] [INFO] --- compiler:3.14.1:testCompile (default-testCompile) @ attendance-app ---
[2026-10-10T05:03:02.782Z] [INFO] Nothing to compile - all classes are up to date.
[2026-10-10T05:03:02.782Z] [INFO] 
[2026-10-10T05:03:02.782Z] [INFO] --- surefire:3.5.6:test (default-test) @ attendance-app ---
[2026-10-10T05:03:02.782Z] [INFO] Tests are skipped.
[2026-10-10T05:03:02.782Z] [INFO] 
[2026-10-10T05:03:02.782Z] [INFO] --- war:3.4.0:war (default-war) @ attendance-app ---
[2026-10-10T05:03:03.033Z] [INFO] Packaging webapp
[2026-10-10T05:03:03.033Z] [INFO] Assembling webapp [attendance-app] in [/var/jenkins_home/workspace/attendance-portal-pipeline/app/target/attendance]
[2026-10-10T05:03:03.033Z] [INFO] Processing war project
[2026-10-10T05:03:03.033Z] [INFO] Building war: /var/jenkins_home/workspace/attendance-portal-pipeline/app/target/attendance.war
[2026-10-10T05:03:03.948Z] [INFO] 
[2026-10-10T05:03:03.948Z] [INFO] --- spring-boot:3.5.16:repackage (repackage) @ attendance-app ---
[2026-10-10T05:03:04.862Z] [INFO] Replacing main artifact /var/jenkins_home/workspace/attendance-portal-pipeline/app/target/attendance.war with repackaged archive, adding nested dependencies in BOOT-INF/.
[2026-10-10T05:03:04.862Z] [INFO] The original artifact has been renamed to /var/jenkins_home/workspace/attendance-portal-pipeline/app/target/attendance.war.original
[2026-10-10T05:03:04.862Z] [INFO] 
[2026-10-10T05:03:04.862Z] [INFO] ----------< com.college.attendance:attendance-selenium-tests >----------
[2026-10-10T05:03:04.862Z] [INFO] Building Attendance Portal :: Selenium suite 1.0.0-SNAPSHOT        [3/3]
[2026-10-10T05:03:04.862Z] [INFO]   from selenium-tests/pom.xml
[2026-10-10T05:03:04.862Z] [INFO] --------------------------------[ jar ]---------------------------------
[2026-10-10T05:03:04.862Z] [INFO] 
[2026-10-10T05:03:04.862Z] [INFO] --- resources:3.3.1:resources (default-resources) @ attendance-selenium-tests ---
[2026-10-10T05:03:04.862Z] [INFO] skip non existing resourceDirectory /var/jenkins_home/workspace/attendance-portal-pipeline/selenium-tests/src/main/resources
[2026-10-10T05:03:04.862Z] [INFO] skip non existing resourceDirectory /var/jenkins_home/workspace/attendance-portal-pipeline/selenium-tests/src/main/resources
[2026-10-10T05:03:04.862Z] [INFO] 
[2026-10-10T05:03:04.862Z] [INFO] --- compiler:3.14.1:compile (default-compile) @ attendance-selenium-tests ---
[2026-10-10T05:03:04.862Z] [INFO] No sources to compile
[2026-10-10T05:03:04.862Z] [INFO] 
[2026-10-10T05:03:04.862Z] [INFO] --- resources:3.3.1:testResources (default-testResources) @ attendance-selenium-tests ---
[2026-10-10T05:03:04.862Z] [INFO] skip non existing resourceDirectory /var/jenkins_home/workspace/attendance-portal-pipeline/selenium-tests/src/test/resources
[2026-10-10T05:03:04.862Z] [INFO] 
[2026-10-10T05:03:04.862Z] [INFO] --- compiler:3.14.1:testCompile (default-testCompile) @ attendance-selenium-tests ---
[2026-10-10T05:03:04.862Z] [INFO] Nothing to compile - all classes are up to date.
[2026-10-10T05:03:04.862Z] [INFO] 
[2026-10-10T05:03:04.862Z] [INFO] --- surefire:3.5.6:test (default-test) @ attendance-selenium-tests ---
[2026-10-10T05:03:04.862Z] [INFO] Tests are skipped.
[2026-10-10T05:03:04.862Z] [INFO] 
[2026-10-10T05:03:04.862Z] [INFO] --- jar:3.4.2:jar (default-jar) @ attendance-selenium-tests ---
[2026-10-10T05:03:04.862Z] [WARNING] JAR will be empty - no content was marked for inclusion!
[2026-10-10T05:03:04.862Z] [INFO] Building jar: /var/jenkins_home/workspace/attendance-portal-pipeline/selenium-tests/target/attendance-selenium-tests-1.0.0-SNAPSHOT.jar
[2026-10-10T05:03:04.862Z] [INFO] ------------------------------------------------------------------------
[2026-10-10T05:03:04.862Z] [INFO] Reactor Summary for Student Attendance Management Portal 1.0.0-SNAPSHOT:
[2026-10-10T05:03:04.862Z] [INFO] 
[2026-10-10T05:03:04.862Z] [INFO] Student Attendance Management Portal ............... SUCCESS [  0.001 s]
[2026-10-10T05:03:04.862Z] [INFO] Attendance Portal :: Application ................... SUCCESS [  2.593 s]
[2026-10-10T05:03:04.862Z] [INFO] Attendance Portal :: Selenium suite ................ SUCCESS [  0.168 s]
[2026-10-10T05:03:04.862Z] [INFO] ------------------------------------------------------------------------
[2026-10-10T05:03:04.862Z] [INFO] BUILD SUCCESS
[2026-10-10T05:03:04.862Z] [INFO] ------------------------------------------------------------------------
[2026-10-10T05:03:04.862Z] [INFO] Total time:  2.977 s
[2026-10-10T05:03:04.862Z] [INFO] Finished at: 2026-10-10T05:03:04Z
[2026-10-10T05:03:04.862Z] [INFO] ------------------------------------------------------------------------
[2026-10-10T05:03:04.876Z] [8mha:////4CXvYIr1RRpZp2xM5XMkdzYetBwPqX8Ohkl+h647ZUG8AAAApB+LCAAAAAAAAP9tjTEOwjAQBC9BFLSUPOJSABWiSmu54QUmNsaJdWdsh6TiRXyNPxCIRMUWq51t5vmCZYpw5GixNdQ5So3D4Hs7LRw4dhfPA7Z8xoYpsTcozSBZm3pGydnAnKKEhYCVocZzcmQzrEWr7qryimx1ynH6DgJKp2/wgEJM5qxi/sIYYXPtdWL6ef4KYAwZyt32U/vwBsRJnqO+AAAA[0m[Pipeline] sh
[2026-10-10T05:03:05.135Z] + ls -la app/target/attendance.war
[2026-10-10T05:03:05.135Z] -rw-r--r-- 1 root root 63815289 Oct 10 05:03 app/target/attendance.war
[2026-10-10T05:03:05.147Z] Post stage
[2026-10-10T05:03:05.167Z] [8mha:////4MizgHX/pB9TgF0J5qV08IT1rvI/AHhpkFI+bPfeLpjHAAAApB+LCAAAAAAAAP9tjTEOwjAQBC9BFLSUPOJSgGgQVVrLDS8wsTFOrDtjOyQVL+Jr/IFAJCq2WO1sM88XLFOEI0eLraHOUWocBt/baeHAsbt4HrDlMzZMib1BaQbJ2tQzSs4G5hQlLASsDDWekyObYS1adVeVV2SrU47TdxBQOn2DBxRiMmcV8xfGCJtrrxPTz/NXAGPIUO62n9qHNwcas4i+AAAA[0m[Pipeline] archiveArtifacts
[2026-10-10T05:03:05.169Z] Archiving artifacts
[2026-10-10T05:03:05.371Z] Recording fingerprints
[2026-10-10T05:03:05.641Z] [8mha:////4DIte2Rfb8pMlQAWOlkZN9du2T2D3t7L4upq9a14ocVCAAAApR+LCAAAAAAAAP9tjTEOwjAQBC9BFLSUPOJSgESBqNJabniBiY1xYt0Z2yGpeBFf4w8EIlGxxWpnm3m+YJkiHDlabA11jlLjMPjeTgsHjt3F84Atn7FhSuwNSjNI1qaeUXI2MKcoYSFgZajxnBzZDGvRqruqvCJbnXKcvoOA0ukbPKAQkzmrmL8wRthce52Yfp6/AhhDyFDu9p/avgFZHam9vgAAAA==[0m[Pipeline] }
[2026-10-10T05:03:05.660Z] [8mha:////4Bpy6l/CWKZb+r2YUeD6KarTduubPr4kGqHhKffhX2grAAAApR+LCAAAAAAAAP9tjTEOwjAQBC9BFLSUPOIiIQokRJXWcsMLTGyME+vO2A5JxYv4Gn8gEImKLVY728zzBcsU4cjRYmuoc5Qah8H3dlo4cOwungds+YwNU2JvUJpBsjb1jJKzgTlFCQsBK0ON5+TIZliLVt1V5RXZ6pTj9B0ElE7f4AGFmMxZxfyFMcLm2uvE9PP8FcAYQoZyt//U9g0an/g7vgAAAA==[0m[Pipeline] // stage
[2026-10-10T05:03:05.671Z] [8mha:////4KBv2qGdoOJJQ5yROsuix5EnIk9VnJwFP9+zazPEVZ8wAAAAqB+LCAAAAAAAAP9tjUEKwjAURH8rXbh16SFSBEFEunIbuvEEsYkxafi/JqnpyhN5Ne9gtODKWQwzA8N7vqAKHhrymlmFvcHQGTa4UefEEvn+4igxS2fWEQZyirUqtSTVca4tRQWzihIWHJYKO0fBoI6w4lbcRe0E6voUfd4OHEojb/CAgmdyFD5+y+RhfR1lIPxx/gJgGiKUm1227f7zrN5IGeBLwgAAAA==[0m[Pipeline] stage
[2026-10-10T05:03:05.673Z] [8mha:////4MT0CuHBfvFTUPlK7lMtXfkqwiXuUzOH5zr2UJtX6/2JAAAAqB+LCAAAAAAAAP9tjTEOwjAUQ3+LOrAycoiUAQaEOrFGXThBaEJIGv1fkpR04kRcjTsQqMSEB8u2ZL3nC6rgoSGvmVXYGwydYYMbdU4ske8vjhKzdGYdYSCnWKtSS1Id59pSVDCrKGHBYamwcxQM6ggrbsVd1E6grk/R5+3AoTTyBg8oeCZH4eO3TB7W11EGwh/nLwCmIUK53WfbbT7P6g0iH00AwgAAAA==[0m[Pipeline] { (Integration test)
[2026-10-10T05:03:05.692Z] [8mha:////4CF/AcRtwDp7tlREuidCyZA47mVrLRvljulhTzWH9lIGAAAApB+LCAAAAAAAAP9tjTEOwjAQBC9BFLSUPOICBRWiSmu54QUmNsaJdWdsh6TiRXyNPxCIRMUWq51t5vmCZYpw5GixNdQ5So3D4Hs7LRw4dhfPA7Z8xoYpsTcozSBZm3pGydnAnKKEhYCVocZzcmQzrEWr7qryimx1ynH6DgJKp2/wgEJM5qxi/sIYYXPtdWL6ef4KYAwZyv32U7vwBvT8cju+AAAA[0m[Pipeline] sh
[2026-10-10T05:03:05.950Z] + /opt/maven/bin/mvn -B failsafe:integration-test failsafe:verify
[2026-10-10T05:03:06.867Z] [INFO] Scanning for projects...
[2026-10-10T05:03:07.119Z] [INFO] ------------------------------------------------------------------------
[2026-10-10T05:03:07.119Z] [INFO] Reactor Build Order:
[2026-10-10T05:03:07.119Z] [INFO] 
[2026-10-10T05:03:07.119Z] [INFO] Student Attendance Management Portal                               [pom]
[2026-10-10T05:03:07.119Z] [INFO] Attendance Portal :: Application                                   [war]
[2026-10-10T05:03:07.119Z] [INFO] Attendance Portal :: Selenium suite                                [jar]
[2026-10-10T05:03:07.370Z] [INFO] 
[2026-10-10T05:03:07.370Z] [INFO] ----------< com.college.attendance:attendance-portal-parent >-----------
[2026-10-10T05:03:07.370Z] [INFO] Building Student Attendance Management Portal 1.0.0-SNAPSHOT       [1/3]
[2026-10-10T05:03:07.370Z] [INFO]   from pom.xml
[2026-10-10T05:03:07.370Z] [INFO] --------------------------------[ pom ]---------------------------------
[2026-10-10T05:03:07.370Z] [INFO] 
[2026-10-10T05:03:07.370Z] [INFO] --- failsafe:3.5.6:integration-test (default-cli) @ attendance-portal-parent ---
[2026-10-10T05:03:07.621Z] [INFO] No tests to run.
[2026-10-10T05:03:07.621Z] [INFO] 
[2026-10-10T05:03:07.621Z] [INFO] --- failsafe:3.5.6:verify (default-cli) @ attendance-portal-parent ---
[2026-10-10T05:03:07.621Z] [INFO] No tests to run.
[2026-10-10T05:03:07.621Z] [INFO] 
[2026-10-10T05:03:07.621Z] [INFO] ---------------< com.college.attendance:attendance-app >----------------
[2026-10-10T05:03:07.621Z] [INFO] Building Attendance Portal :: Application 1.0.0-SNAPSHOT           [2/3]
[2026-10-10T05:03:07.621Z] [INFO]   from app/pom.xml
[2026-10-10T05:03:07.621Z] [INFO] --------------------------------[ war ]---------------------------------
[2026-10-10T05:03:07.871Z] [INFO] 
[2026-10-10T05:03:07.871Z] [INFO] --- failsafe:3.5.6:integration-test (default-cli) @ attendance-app ---
[2026-10-10T05:03:07.871Z] [INFO] Using auto detected provider org.apache.maven.surefire.junitplatform.JUnitPlatformProvider
[2026-10-10T05:03:07.871Z] [INFO] 
[2026-10-10T05:03:07.871Z] [INFO] -------------------------------------------------------
[2026-10-10T05:03:07.871Z] [INFO]  T E S T S
[2026-10-10T05:03:07.871Z] [INFO] -------------------------------------------------------
[2026-10-10T05:03:08.422Z] [INFO] Running com.college.attendance.web.AttendanceWebFlowIT
[2026-10-10T05:03:08.423Z] 05:03:08.309 [main] INFO org.springframework.test.context.support.AnnotationConfigContextLoaderUtils -- Could not detect default configuration classes for test class [com.college.attendance.web.AttendanceWebFlowIT]: AttendanceWebFlowIT does not declare any static, non-private, non-final, nested classes annotated with @Configuration.
[2026-10-10T05:03:08.675Z] 05:03:08.401 [main] INFO org.springframework.boot.test.context.SpringBootTestContextBootstrapper -- Found @SpringBootConfiguration com.college.attendance.AttendancePortalApplication for test class com.college.attendance.web.AttendanceWebFlowIT
[2026-10-10T05:03:08.928Z] 
[2026-10-10T05:03:08.928Z]   .   ____          _            __ _ _
[2026-10-10T05:03:08.928Z]  /\\ / ___'_ __ _ _(_)_ __  __ _ \ \ \ \
[2026-10-10T05:03:08.928Z] ( ( )\___ | '_ | '_| | '_ \/ _` | \ \ \ \
[2026-10-10T05:03:08.928Z]  \\/  ___)| |_)| | | | | || (_| |  ) ) ) )
[2026-10-10T05:03:08.928Z]   '  |____| .__|_| |_|_| |_\__, | / / / /
[2026-10-10T05:03:08.928Z]  =========|_|==============|___/=/_/_/_/
[2026-10-10T05:03:08.928Z] 
[2026-10-10T05:03:08.928Z]  :: Spring Boot ::               (v3.5.16)
[2026-10-10T05:03:08.928Z] 
[2026-10-10T05:03:08.929Z] 2026-10-10T05:03:08.723Z  INFO 5659 --- [attendance-portal] [           main] c.c.attendance.web.AttendanceWebFlowIT   : Starting AttendanceWebFlowIT using Java 21.0.12.1 with PID 5659 (started by root in /var/jenkins_home/workspace/attendance-portal-pipeline/app)
[2026-10-10T05:03:08.929Z] 2026-10-10T05:03:08.724Z  INFO 5659 --- [attendance-portal] [           main] c.c.attendance.web.AttendanceWebFlowIT   : The following 1 profile is active: "test"
[2026-10-10T05:03:09.843Z] 2026-10-10T05:03:09.607Z  INFO 5659 --- [attendance-portal] [           main] .s.d.r.c.RepositoryConfigurationDelegate : Bootstrapping Spring Data JPA repositories in DEFAULT mode.
[2026-10-10T05:03:09.843Z] 2026-10-10T05:03:09.673Z  INFO 5659 --- [attendance-portal] [           main] .s.d.r.c.RepositoryConfigurationDelegate : Finished Spring Data repository scanning in 55 ms. Found 3 JPA repository interfaces.
[2026-10-10T05:03:10.394Z] 2026-10-10T05:03:10.165Z  INFO 5659 --- [attendance-portal] [           main] o.hibernate.jpa.internal.util.LogHelper  : HHH000204: Processing PersistenceUnitInfo [name: default]
[2026-10-10T05:03:10.394Z] 2026-10-10T05:03:10.207Z  INFO 5659 --- [attendance-portal] [           main] org.hibernate.Version                    : HHH000412: Hibernate ORM core version 6.6.53.Final
[2026-10-10T05:03:10.394Z] 2026-10-10T05:03:10.234Z  INFO 5659 --- [attendance-portal] [           main] o.h.c.internal.RegionFactoryInitiator    : HHH000026: Second-level cache disabled
[2026-10-10T05:03:10.646Z] 2026-10-10T05:03:10.434Z  INFO 5659 --- [attendance-portal] [           main] o.s.o.j.p.SpringPersistenceUnitInfo      : No LoadTimeWeaver setup: ignoring JPA class transformer
[2026-10-10T05:03:10.646Z] 2026-10-10T05:03:10.455Z  INFO 5659 --- [attendance-portal] [           main] com.zaxxer.hikari.HikariDataSource       : HikariPool-1 - Starting...
[2026-10-10T05:03:10.646Z] 2026-10-10T05:03:10.585Z  INFO 5659 --- [attendance-portal] [           main] com.zaxxer.hikari.pool.HikariPool        : HikariPool-1 - Added connection conn0: url=jdbc:h2:mem:attendance-test user=SA
[2026-10-10T05:03:10.646Z] 2026-10-10T05:03:10.586Z  INFO 5659 --- [attendance-portal] [           main] com.zaxxer.hikari.HikariDataSource       : HikariPool-1 - Start completed.
[2026-10-10T05:03:10.897Z] 2026-10-10T05:03:10.624Z  INFO 5659 --- [attendance-portal] [           main] org.hibernate.orm.connections.pooling    : HHH10001005: Database info:
[2026-10-10T05:03:10.897Z] 	Database JDBC URL [Connecting through datasource 'HikariDataSource (HikariPool-1)']
[2026-10-10T05:03:10.897Z] 	Database driver: undefined/unknown
[2026-10-10T05:03:10.897Z] 	Database version: 2.3.232
[2026-10-10T05:03:10.897Z] 	Autocommit mode: undefined/unknown
[2026-10-10T05:03:10.897Z] 	Isolation level: undefined/unknown
[2026-10-10T05:03:10.897Z] 	Minimum pool size: undefined/unknown
[2026-10-10T05:03:10.897Z] 	Maximum pool size: undefined/unknown
[2026-10-10T05:03:11.449Z] 2026-10-10T05:03:11.385Z  INFO 5659 --- [attendance-portal] [           main] o.h.e.t.j.p.i.JtaPlatformInitiator       : HHH000489: No JTA platform available (set 'hibernate.transaction.jta.platform' to enable JTA platform integration)
[2026-10-10T05:03:11.702Z] 2026-10-10T05:03:11.426Z  INFO 5659 --- [attendance-portal] [           main] j.LocalContainerEntityManagerFactoryBean : Initialized JPA EntityManagerFactory for persistence unit 'default'
[2026-10-10T05:03:11.956Z] 2026-10-10T05:03:11.759Z  INFO 5659 --- [attendance-portal] [           main] o.s.d.j.r.query.QueryEnhancerFactory     : Hibernate is in classpath; If applicable, HQL parser will be used.
[2026-10-10T05:03:12.206Z] 2026-10-10T05:03:12.037Z  INFO 5659 --- [attendance-portal] [           main] c.college.attendance.config.DataSeeder   : Seeding disabled (attendance.seed-data=false)
[2026-10-10T05:03:12.459Z] 2026-10-10T05:03:12.178Z  INFO 5659 --- [attendance-portal] [           main] r$InitializeUserDetailsManagerConfigurer : Global AuthenticationManager configured with UserDetailsService bean with name databaseUserDetailsService
[2026-10-10T05:03:12.710Z] 2026-10-10T05:03:12.510Z  INFO 5659 --- [attendance-portal] [           main] o.s.b.a.e.web.EndpointLinksResolver      : Exposing 2 endpoints beneath base path '/actuator'
[2026-10-10T05:03:12.962Z] 2026-10-10T05:03:12.909Z  INFO 5659 --- [attendance-portal] [           main] o.s.b.t.m.w.SpringBootMockServletContext : Initializing Spring TestDispatcherServlet ''
[2026-10-10T05:03:12.962Z] 2026-10-10T05:03:12.910Z  INFO 5659 --- [attendance-portal] [           main] o.s.t.web.servlet.TestDispatcherServlet  : Initializing Servlet ''
[2026-10-10T05:03:12.962Z] 2026-10-10T05:03:12.911Z  INFO 5659 --- [attendance-portal] [           main] o.s.t.web.servlet.TestDispatcherServlet  : Completed initialization in 1 ms
[2026-10-10T05:03:13.213Z] 2026-10-10T05:03:12.973Z  INFO 5659 --- [attendance-portal] [           main] c.c.attendance.web.AttendanceWebFlowIT   : Started AttendanceWebFlowIT in 4.476 seconds (process running for 5.205)
[2026-10-10T05:03:13.213Z] Mockito is currently self-attaching to enable the inline-mock-maker. This will no longer work in future releases of the JDK. Please add Mockito as an agent to your build as described in Mockito's documentation: https://javadoc.io/doc/org.mockito/mockito-core/latest/org.mockito/org/mockito/Mockito.html#0.3
[2026-10-10T05:03:13.465Z] WARNING: A Java agent has been loaded dynamically (/root/.m2/repository/net/bytebuddy/byte-buddy-agent/1.17.8/byte-buddy-agent-1.17.8.jar)
[2026-10-10T05:03:13.465Z] WARNING: If a serviceability tool is in use, please run with -XX:+EnableDynamicAgentLoading to hide this warning
[2026-10-10T05:03:13.465Z] WARNING: If a serviceability tool is not in use, please run with -Djdk.instrument.traceUsage for more information
[2026-10-10T05:03:13.465Z] WARNING: Dynamic loading of agents will be disallowed by default in a future release
[2026-10-10T05:03:14.017Z] 2026-10-10T05:03:13.787Z  INFO 5659 --- [attendance-portal] [           main] c.c.a.service.AttendanceService          : Created attendance record 1 for 1CS21CS001 in CS501 on 2026-10-09 period 2 by faculty1
[2026-10-10T05:03:14.931Z] 2026-10-10T05:03:14.588Z  INFO 5659 --- [attendance-portal] [           main] c.c.a.service.AttendanceService          : Created attendance record 2 for 1CS21CS001 in CS501 on 2026-10-09 period 1 by faculty1
[2026-10-10T05:03:14.931Z] 2026-10-10T05:03:14.750Z  INFO 5659 --- [attendance-portal] [           main] c.c.a.service.AttendanceService          : Created attendance record 3 for 1CS21CS001 in CS501 on 2026-10-09 period 1 by faculty1
[2026-10-10T05:03:15.182Z] [INFO] Tests run: 7, Failures: 0, Errors: 0, Skipped: 0, Time elapsed: 6.880 s -- in com.college.attendance.web.AttendanceWebFlowIT
[2026-10-10T05:03:15.435Z] [INFO] 
[2026-10-10T05:03:15.435Z] [INFO] Results:
[2026-10-10T05:03:15.435Z] [INFO] 
[2026-10-10T05:03:15.435Z] [INFO] Tests run: 7, Failures: 0, Errors: 0, Skipped: 0
[2026-10-10T05:03:15.435Z] [INFO] 
[2026-10-10T05:03:15.435Z] [INFO] 
[2026-10-10T05:03:15.435Z] [INFO] --- failsafe:3.5.6:verify (default-cli) @ attendance-app ---
[2026-10-10T05:03:15.435Z] [INFO] 
[2026-10-10T05:03:15.435Z] [INFO] ----------< com.college.attendance:attendance-selenium-tests >----------
[2026-10-10T05:03:15.435Z] [INFO] Building Attendance Portal :: Selenium suite 1.0.0-SNAPSHOT        [3/3]
[2026-10-10T05:03:15.435Z] [INFO]   from selenium-tests/pom.xml
[2026-10-10T05:03:15.435Z] [INFO] --------------------------------[ jar ]---------------------------------
[2026-10-10T05:03:15.435Z] [INFO] 
[2026-10-10T05:03:15.435Z] [INFO] --- failsafe:3.5.6:integration-test (default-cli) @ attendance-selenium-tests ---
[2026-10-10T05:03:15.435Z] [INFO] Tests are skipped.
[2026-10-10T05:03:15.435Z] [INFO] 
[2026-10-10T05:03:15.435Z] [INFO] --- failsafe:3.5.6:verify (default-cli) @ attendance-selenium-tests ---
[2026-10-10T05:03:15.435Z] [INFO] Tests are skipped.
[2026-10-10T05:03:15.435Z] [INFO] ------------------------------------------------------------------------
[2026-10-10T05:03:15.435Z] [INFO] Reactor Summary for Student Attendance Management Portal 1.0.0-SNAPSHOT:
[2026-10-10T05:03:15.435Z] [INFO] 
[2026-10-10T05:03:15.435Z] [INFO] Student Attendance Management Portal ............... SUCCESS [  0.208 s]
[2026-10-10T05:03:15.435Z] [INFO] Attendance Portal :: Application ................... SUCCESS [  7.842 s]
[2026-10-10T05:03:15.435Z] [INFO] Attendance Portal :: Selenium suite ................ SUCCESS [  0.065 s]
[2026-10-10T05:03:15.435Z] [INFO] ------------------------------------------------------------------------
[2026-10-10T05:03:15.435Z] [INFO] BUILD SUCCESS
[2026-10-10T05:03:15.435Z] [INFO] ------------------------------------------------------------------------
[2026-10-10T05:03:15.435Z] [INFO] Total time:  8.603 s
[2026-10-10T05:03:15.435Z] [INFO] Finished at: 2026-10-10T05:03:15Z
[2026-10-10T05:03:15.435Z] [INFO] ------------------------------------------------------------------------
[2026-10-10T05:03:15.446Z] Post stage
[2026-10-10T05:03:15.464Z] [8mha:////4HIij4qyXjREvOfLwAZBEa4aXMBlcwyJcn5qbLy1i6NIAAAApB+LCAAAAAAAAP9tjTEOwjAQBC9BFLSUPOKCkKgQVVrLDS8wsTFOrDtjOyQVL+Jr/IFAJCq2WO1sM88XLFOEI0eLraHOUWocBt/baeHAsbt4HrDlMzZMib1BaQbJ2tQzSs4G5hQlLASsDDWekyObYS1adVeVV2SrU47TdxBQOn2DBxRiMmcV8xfGCJtrrxPTz/NXAGPIUO63n9qFNzevXxC+AAAA[0m[Pipeline] junit
[2026-10-10T05:03:15.467Z] Recording test results
[2026-10-10T05:03:15.538Z] [Checks API] No suitable checks publisher found.
[2026-10-10T05:03:15.547Z] [8mha:////4D76UVA8agoiA/SVWkki9Y+22ivEY6DYN7GURN19m36RAAAApB+LCAAAAAAAAP9tjTEOwjAQBC9BFLSUPOKChKgQVVrLDS8wsTFOrDtjOyQVL+Jr/IFAJCq2WO1sM88XLFOEI0eLraHOUWocBt/baeHAsbt4HrDlMzZMib1BaQbJ2tQzSs4G5hQlLASsDDWekyObYS1adVeVV2SrU47TdxBQOn2DBxRiMmcV8xfGCJtrrxPTz/NXAGMIGcr97lPbNwA0XQC+AAAA[0m[Pipeline] }
[2026-10-10T05:03:15.562Z] [8mha:////4H/KNFr/UI25YghPqCBkYl04UPNnNQaxu53TYqYST3S+AAAApR+LCAAAAAAAAP9tjTEOwjAQBC9BFLSUPOLShAIhqrRWGl5gYmOcWHfGdkgqXsTX+AMWkajYYrWzzbzesI4BThwM9poGS7Gz6N1o8sKJw3B1PGHPF+yYIjuNrZ5aVrpZsOWkYUlRwkrARlPnOFoyCbailw9ZOUmmOqeQv6OA0qo7PKEQ2ZxkSF+YA+xuo4pMP89fAczeJyj3da768AFdjZ99vgAAAA==[0m[Pipeline] // stage
[2026-10-10T05:03:15.576Z] [8mha:////4Aq8Hk/XKVEH+0uVwmeBYFK0A0S/t1isGbHDdaZwut+9AAAAqB+LCAAAAAAAAP9tjTEOwjAUQ3+LOrAycohUDBUDYuoaZeEEIQkhbfR/SVLaiRNxNe5AoBITHizbkvWeL6higCMFyzqDvcOoHBv8aHNiE4X+4mliHZ2ZIozkDRNmEqRNu1RBycCiooQVh7VB5Sk6tAk2vJN3WXuJtj6lkLcDh9LpGzyg4JmcZEjfMgfYXkcdCX+cvwCYhwTlbp+taT7P6g2H0lWawgAAAA==[0m[Pipeline] stage
[2026-10-10T05:03:15.578Z] [8mha:////4BxDNx9Mx07w8UxFw7Fagebmz5T8qjDCKXq5WUFn0700AAAAph+LCAAAAAAAAP9tjTEOwjAUQ3+LOrAycoh0KgtiYo2ycILQhJA0+r9NUtKJE3E17kBLJSY8WLYl673eUMUAJwqGOY2dxdha1vvRzIllCt3NU2aOrqwljOQ1EzoLUvq8VkFJw6qihA2HrcbWU7RoEuy4kw9Ze4mmvqQwb0cOpVUDPKHgMznJkL5lCrC/jyoS/jh/ATD1CcqmWeywPKsPlyKrR8IAAAA=[0m[Pipeline] { (Quality gate: Selenium)
[2026-10-10T05:03:15.638Z] [8mha:////4PFbWL3zfs3osKP6azUEqYJUrIa1Pl4hnGzpmw84iqejAAAApx+LCAAAAAAAAP9tjTEOwjAUQ3+LOrAycoh0AgbE1DXKwglCE0La6P/yk9JOnIircQdaKjHhwbItWe/1hiIynIidaCy2HmPtRRd6NyUxELfXQINo6CJqwkjBCmUHRcZWS1WULCzKclhJWFusA0WPLsFGNvqhy6DRlefE03aUkHtzhydkciInzelbRobtrTeR8Mf5C4CxS5Dv9rMd5mfxATOXFRXCAAAA[0m[Pipeline] script
[2026-10-10T05:03:15.651Z] [8mha:////4NVNxdVHK7yfxkgIrqXeIRbjKmmlIiWH7laGaUVE3XdTAAAApx+LCAAAAAAAAP9tjTEOwjAUQ3+LOrAycoh0QiAhpq5RFk4QmhDSRv+Xn5R24kRcjTvQUokJD5ZtyXqvNxSR4UTsRGOx9RhrL7rQuymJgbi9BhpEQxdRE0YKVig7KDK2WqqiZGFRlsNKwtpiHSh6dAk2stEPXQaNrjwnnrajhNybOzwhkxM5aU7fMjJsb72JhD/OXwCMXYJ8t5/tMD+LDyb6zSXCAAAA[0m[Pipeline] {
[2026-10-10T05:03:15.686Z] [8mha:////4MYqAPUqvX3kmreZBIOdlaoRCF5j5si8qeQXrAN/2wp1AAAApB+LCAAAAAAAAP9tjTEOwjAQBC9BFLSUPOJSIYEQVVrLDS8wsTFOrDtjOyQVL+Jr/IFAJCq2WO1sM88XLFOEI0eLraHOUWocBt/baeHAsbt4HrDlMzZMib1BaQbJ2tQzSs4G5hQlLASsDDWekyObYS1adVeVV2SrU47TdxBQOn2DBxRiMmcV8xfGCJtrrxPTz/NXAGPIUG53n9qHN5s4RMC+AAAA[0m[Pipeline] sh
[2026-10-10T05:03:15.954Z] + set -e
[2026-10-10T05:03:15.955Z] + docker rm -f attendance-gate attendance-selenium
[2026-10-10T05:03:15.955Z] + docker create --name attendance-gate -p 8095:8080 -e ATTENDANCE_ENVIRONMENT=quality-gate eclipse-temurin:21-jre-jammy java -jar /attendance.war
[2026-10-10T05:03:16.206Z] + docker cp app/target/attendance.war attendance-gate:/attendance.war
[2026-10-10T05:03:17.119Z] + docker start attendance-gate
[2026-10-10T05:03:17.370Z] + docker run -d --name attendance-selenium -p 4444:4444 --add-host=host.docker.internal:host-gateway --shm-size=2g -e SE_NODE_MAX_SESSIONS=2 selenium/standalone-chromium:latest
[2026-10-10T05:03:17.621Z] + echo Waiting for the application under test...
[2026-10-10T05:03:17.621Z] Waiting for the application under test...
[2026-10-10T05:03:17.621Z] + seq 1 60
[2026-10-10T05:03:17.621Z] + curl -sf http://host.docker.internal:8095/attendance/actuator/health
[2026-10-10T05:03:17.621Z] + sleep 3
[2026-10-10T05:03:20.864Z] + curl -sf http://host.docker.internal:8095/attendance/actuator/health
[2026-10-10T05:03:20.865Z] + sleep 3
[2026-10-10T05:03:24.108Z] + curl -sf http://host.docker.internal:8095/attendance/actuator/health
[2026-10-10T05:03:24.108Z] + sleep 3
[2026-10-10T05:03:26.599Z] + curl -sf http://host.docker.internal:8095/attendance/actuator/health
[2026-10-10T05:03:26.851Z] + break
[2026-10-10T05:03:26.852Z] + curl -sf http://host.docker.internal:8095/attendance/actuator/health
[2026-10-10T05:03:26.852Z] + echo Waiting for the Selenium node...
[2026-10-10T05:03:26.852Z] Waiting for the Selenium node...
[2026-10-10T05:03:26.852Z] + seq 1 60
[2026-10-10T05:03:26.852Z] + curl -sf http://host.docker.internal:4444/status
[2026-10-10T05:03:26.852Z] + grep -q "ready": *true
[2026-10-10T05:03:27.103Z] + break
[2026-10-10T05:03:27.103Z] + curl -sf http://host.docker.internal:4444/status
[2026-10-10T05:03:27.103Z] + grep -q "ready": *true
[2026-10-10T05:03:27.103Z] + curl -sf http://host.docker.internal:8095/attendance/actuator/health
[2026-10-10T05:03:27.103Z] {"status":"UP"}+ echo
[2026-10-10T05:03:27.103Z] 
[2026-10-10T05:03:27.103Z] + echo Application under test and browser node are both ready.
[2026-10-10T05:03:27.103Z] Application under test and browser node are both ready.
[2026-10-10T05:03:27.123Z] [8mha:////4OGOBVzmVPiWbnkYNLq5GdBEXSuyWM+lthqOubdiwBOwAAAApR+LCAAAAAAAAP9tjTEOwjAQBC9BFLSUPOJCA0JCqWgtN7zAJMY4se6C7eBUvIiv8QcsIlGxxWpnm3m9YRk81OwNdpp6S6GxOLjR5IWJfX91nLDjCzZMgZ1GqZPkVp9mlBw1zClKWAhYaWocB0smwlp06qEqp8hU5+jzdxRQ2vYOTyhENkfl4xcmD5vb2Aamn+evAKZhiFDut7l2hw8B1Pq5vgAAAA==[0m[Pipeline] }
[2026-10-10T05:03:27.146Z] [8mha:////4Ab3Iu1Bd332Rai0ZEnXNVsi3URI8L22bnL1OAuMSGvBAAAApR+LCAAAAAAAAP9tjTEOwjAQBC9BFLSUPOIiCqBAqWgtN7zAJMY4se6C7eBUvIiv8QcsIlGxxWpnm3m9YRk81OwNdpp6S6GxOLjR5IWJfX91nLDjCzZMgZ1GqZPkVp9mlBw1zClKWAhYaWocB0smwlp06qEqp8hU5+jzdxRQ2vYOTyhENkfl4xcmD5vb2Aamn+evAKZhiFDut7l2hw81GhnivgAAAA==[0m[Pipeline] // script
[2026-10-10T05:03:27.166Z] Post stage
[2026-10-10T05:03:27.179Z] [8mha:////4DrDfMLeWfscHZAdoMsTFwbAtkRO3WDpiKCxb7nYWs+FAAAAqB+LCAAAAAAAAP9tjTEOwjAUQ3+LOrAycohUQqILYuoaZeEEIQkhbfR/SVLaiRNxNe5AoBITHizbkvWeL6higCMFyzqDvcOoHBv8aHNiE4X+4mliHZ2ZIozkDRNmEqRNu1RBycCiooQVh7VB5Sk6tAk2vJN3WXuJtj6lkLcDh9LpGzyg4JmcZEjfMgfYXkcdCX+cvwCYhwTlvsnW7D7P6g0dHDB0wgAAAA==[0m[Pipeline] script
[2026-10-10T05:03:27.197Z] [8mha:////4FxDidukfCcVvW7rC+XS4CeUkFs7bMW03ALAz1vB6ld+AAAAqB+LCAAAAAAAAP9tjTEOwjAUQ3+LOrAycohUAokFMXWNsnCC0ISQNvq//KS0EyfiatyBlkpMeLBsS9Z7vaGIDCdiJxqLrcdYe9GF3k1JDMTtNdAgGrqImjBSsELZQZGx1VIVJQuLshxWEtYW60DRo0uwkY1+6DJodOU58bQdJeTe3OEJmZzISXP6lpFhe+tNJPxx/gJg7BLkh91s+/lZfADKbit4wgAAAA==[0m[Pipeline] {
[2026-10-10T05:03:27.226Z] [8mha:////4Fo6/T1hGqBiYtADluK2+v9FQLYxIdIU7jLQXbmTWc4GAAAApB+LCAAAAAAAAP9tjTEOwjAQBC9BFLSUPOJSgGgQVVrLDS8wsTFOrDtjOyQVL+Jr/IFAJCq2WO1sM88XLFOEI0eLraHOUWocBt/baeHAsbt4HrDlMzZMib1BaQbJ2tQzSs4G5hQlLASsDDWekyObYS1adVeVV2SrU47TdxBQOn2DBxRiMmcV8xfGCJtrrxPTz/NXAGPIUO63n9qFN5arJPu+AAAA[0m[Pipeline] sh
[2026-10-10T05:03:27.503Z] + /opt/maven/bin/mvn -B -pl selenium-tests verify -DskipSeleniumTests=false -Dapp.base.url=http://host.docker.internal:8095/attendance -Dselenium.remote.url=http://host.docker.internal:4444 -Dselenium.headless=true
[2026-10-10T05:03:28.415Z] [INFO] Scanning for projects...
[2026-10-10T05:03:28.415Z] [INFO] 
[2026-10-10T05:03:28.415Z] [INFO] ----------< com.college.attendance:attendance-selenium-tests >----------
[2026-10-10T05:03:28.415Z] [INFO] Building Attendance Portal :: Selenium suite 1.0.0-SNAPSHOT
[2026-10-10T05:03:28.415Z] [INFO]   from pom.xml
[2026-10-10T05:03:28.415Z] [INFO] --------------------------------[ jar ]---------------------------------
[2026-10-10T05:03:28.666Z] [INFO] 
[2026-10-10T05:03:28.666Z] [INFO] --- resources:3.3.1:resources (default-resources) @ attendance-selenium-tests ---
[2026-10-10T05:03:28.666Z] [INFO] skip non existing resourceDirectory /var/jenkins_home/workspace/attendance-portal-pipeline/selenium-tests/src/main/resources
[2026-10-10T05:03:28.666Z] [INFO] skip non existing resourceDirectory /var/jenkins_home/workspace/attendance-portal-pipeline/selenium-tests/src/main/resources
[2026-10-10T05:03:28.666Z] [INFO] 
[2026-10-10T05:03:28.666Z] [INFO] --- compiler:3.14.1:compile (default-compile) @ attendance-selenium-tests ---
[2026-10-10T05:03:28.666Z] [INFO] No sources to compile
[2026-10-10T05:03:28.666Z] [INFO] 
[2026-10-10T05:03:28.666Z] [INFO] --- resources:3.3.1:testResources (default-testResources) @ attendance-selenium-tests ---
[2026-10-10T05:03:28.666Z] [INFO] skip non existing resourceDirectory /var/jenkins_home/workspace/attendance-portal-pipeline/selenium-tests/src/test/resources
[2026-10-10T05:03:28.666Z] [INFO] 
[2026-10-10T05:03:28.666Z] [INFO] --- compiler:3.14.1:testCompile (default-testCompile) @ attendance-selenium-tests ---
[2026-10-10T05:03:28.666Z] [INFO] Nothing to compile - all classes are up to date.
[2026-10-10T05:03:28.666Z] [INFO] 
[2026-10-10T05:03:28.666Z] [INFO] --- surefire:3.5.6:test (default-test) @ attendance-selenium-tests ---
[2026-10-10T05:03:28.917Z] [INFO] Tests are skipped.
[2026-10-10T05:03:28.917Z] [INFO] 
[2026-10-10T05:03:28.917Z] [INFO] --- jar:3.4.2:jar (default-jar) @ attendance-selenium-tests ---
[2026-10-10T05:03:28.917Z] [WARNING] JAR will be empty - no content was marked for inclusion!
[2026-10-10T05:03:29.167Z] [INFO] 
[2026-10-10T05:03:29.167Z] [INFO] --- failsafe:3.5.6:integration-test (default) @ attendance-selenium-tests ---
[2026-10-10T05:03:29.167Z] [INFO] Using auto detected provider org.apache.maven.surefire.junitplatform.JUnitPlatformProvider
[2026-10-10T05:03:29.167Z] [WARNING] System property [app.base.url], [selenium.remote.url], [selenium.headless] overwritten by user properties from Maven session
[2026-10-10T05:03:29.167Z] [INFO] 
[2026-10-10T05:03:29.167Z] [INFO] -------------------------------------------------------
[2026-10-10T05:03:29.167Z] [INFO]  T E S T S
[2026-10-10T05:03:29.167Z] [INFO] -------------------------------------------------------
[2026-10-10T05:03:29.722Z] [INFO] Running com.college.attendance.e2e.J4StudentSelfServiceIT
[2026-10-10T05:03:29.722Z] Oct 10, 2026 5:03:29 AM org.openqa.selenium.remote.tracing.opentelemetry.OpenTelemetryTracer createTracer
[2026-10-10T05:03:29.722Z] INFO: Using OpenTelemetry for tracing
[2026-10-10T05:03:41.838Z] [J4] approved record was visible to the student immediately (baseline for this step was 9-14 days)
[2026-10-10T05:03:41.838Z] [INFO] Tests run: 3, Failures: 0, Errors: 0, Skipped: 0, Time elapsed: 10.78 s -- in com.college.attendance.e2e.J4StudentSelfServiceIT
[2026-10-10T05:03:41.838Z] [INFO] Running com.college.attendance.e2e.J1RecordAttendanceIT
[2026-10-10T05:03:42.753Z] [J1] recorded one session in 1 s (SC1 budget: 120 s)
[2026-10-10T05:03:46.880Z] [INFO] Tests run: 3, Failures: 0, Errors: 0, Skipped: 0, Time elapsed: 5.758 s -- in com.college.attendance.e2e.J1RecordAttendanceIT
[2026-10-10T05:03:46.880Z] [INFO] Running com.college.attendance.e2e.J5AuthorisationIT
[2026-10-10T05:03:54.911Z] [INFO] Tests run: 6, Failures: 0, Errors: 0, Skipped: 0, Time elapsed: 7.509 s -- in com.college.attendance.e2e.J5AuthorisationIT
[2026-10-10T05:03:54.911Z] [INFO] Running com.college.attendance.e2e.J3ReviewWorkflowIT
[2026-10-10T05:04:02.939Z] [INFO] Tests run: 3, Failures: 0, Errors: 0, Skipped: 0, Time elapsed: 9.227 s -- in com.college.attendance.e2e.J3ReviewWorkflowIT
[2026-10-10T05:04:02.940Z] [INFO] Running com.college.attendance.e2e.J2SearchAndFilterIT
[2026-10-10T05:04:10.972Z] [INFO] Tests run: 5, Failures: 0, Errors: 0, Skipped: 0, Time elapsed: 8.017 s -- in com.college.attendance.e2e.J2SearchAndFilterIT
[2026-10-10T05:04:10.972Z] [INFO] 
[2026-10-10T05:04:10.972Z] [INFO] Results:
[2026-10-10T05:04:10.972Z] [INFO] 
[2026-10-10T05:04:10.972Z] [INFO] Tests run: 20, Failures: 0, Errors: 0, Skipped: 0
[2026-10-10T05:04:10.972Z] [INFO] 
[2026-10-10T05:04:10.972Z] [INFO] 
[2026-10-10T05:04:10.972Z] [INFO] --- failsafe:3.5.6:integration-test (selenium-journeys) @ attendance-selenium-tests ---
[2026-10-10T05:04:10.972Z] [INFO] Skipping execution of surefire because it has already been run for this configuration
[2026-10-10T05:04:10.972Z] [INFO] 
[2026-10-10T05:04:10.972Z] [INFO] --- failsafe:3.5.6:verify (default) @ attendance-selenium-tests ---
[2026-10-10T05:04:10.972Z] [INFO] 
[2026-10-10T05:04:10.972Z] [INFO] --- failsafe:3.5.6:verify (selenium-journeys) @ attendance-selenium-tests ---
[2026-10-10T05:04:10.972Z] [INFO] ------------------------------------------------------------------------
[2026-10-10T05:04:10.972Z] [INFO] BUILD SUCCESS
[2026-10-10T05:04:10.972Z] [INFO] ------------------------------------------------------------------------
[2026-10-10T05:04:10.972Z] [INFO] Total time:  42.739 s
[2026-10-10T05:04:10.972Z] [INFO] Finished at: 2026-10-10T05:04:10Z
[2026-10-10T05:04:10.972Z] [INFO] ------------------------------------------------------------------------
[2026-10-10T05:04:11.026Z] [8mha:////4Cz7mgxxuOjZ1Yp7ciz7UBhLE6ELsiM6xnToCCqomsCQAAAApB+LCAAAAAAAAP9tjTEOwjAQBC9BFLSUPOJSIGgQVVrLDS8wsTFOrDtjOyQVL+Jr/IFAJCq2WO1sM88XLFOEI0eLraHOUWocBt/baeHAsbt4HrDlMzZMib1BaQbJ2tQzSs4G5hQlLASsDDWekyObYS1adVeVV2SrU47TdxBQOn2DBxRiMmcV8xfGCJtrrxPTz/NXAGPIUO63n9qFN9eaP+K+AAAA[0m[Pipeline] junit
[2026-10-10T05:04:11.032Z] Recording test results
[2026-10-10T05:04:11.067Z] [Checks API] No suitable checks publisher found.
[2026-10-10T05:04:11.073Z] [8mha:////4K3e7c7pgjm5PN66HYEam3bSi5kZn7yB6osbRWiwGdIHAAAApB+LCAAAAAAAAP9tjTEOwjAQBC9BFLSUPOJSIKVBVLRWGl5gEmPsWHeO7eBUvIiv8QcCkajYYrWzzTxfsI4Bjhw0WkW9odga9G7U88LMob86zmj5gi1TZKewUbnhTp0WbDgpWFKUsBKwUdQ6joZ0gq2w8i4rJ0lX5xTm7yCgNN0ADyjEbE4ypC9MAXa3sYtMP89fAUw+QVnvP1X7NxTJEsm+AAAA[0m[Pipeline] archiveArtifacts
[2026-10-10T05:04:11.079Z] Archiving artifacts
[2026-10-10T05:04:11.080Z] ‘selenium-tests/target/screenshots/**’ doesn’t match anything, but ‘**’ does. Perhaps that’s what you mean?
[2026-10-10T05:04:11.080Z] No artifacts found that match the file pattern "selenium-tests/target/screenshots/**". Configuration error?
[2026-10-10T05:04:11.098Z] [8mha:////4JDgGCrExzGij81YF8UoSVdu841gsF7W78MJAyBwb12BAAAApR+LCAAAAAAAAP9tjTEOwjAQBC9BFLSUPOJSIEGBqNJabniBiY1xYt0Z2yGpeBFf4w8EIlGxxWpnm3m+YJkiHDlabA11jlLjMPjeTgsHjt3F84Atn7FhSuwNSjNI1qaeUXI2MKcoYSFgZajxnBzZDGvRqruqvCJbnXKcvoOA0ukbPKAQkzmrmL8wRthce52Yfp6/AhhDhnK3/dQ+vAFV+AnQvgAAAA==[0m[Pipeline] sh
[2026-10-10T05:04:11.357Z] + docker rm -f attendance-gate attendance-selenium
[2026-10-10T05:04:11.631Z] [8mha:////4O8Gf+azKOZ7MItdDizMQf6pTxRKNeF6+HydnVabVp0QAAAApR+LCAAAAAAAAP9tjTEOwjAQBC9BFLSUPOJSICEkRJXWcsMLTGyME+vO2A5JxYv4Gn8gEImKLVY728zzBcsU4cjRYmuoc5Qah8H3dlo4cOwungds+YwNU2JvUJpBsjb1jJKzgTlFCQsBK0ON5+TIZliLVt1V5RXZ6pTj9B0ElE7f4AGFmMxZxfyFMcLm2uvE9PP8FcAYMpS77af24Q2a5JFXvgAAAA==[0m[Pipeline] echo
[2026-10-10T05:04:11.638Z] Selenium quality gate passed.
[2026-10-10T05:04:11.642Z] [8mha:////4LhuHHb5P3nnd16l8Wu0rqvaxgL21qxo04aAh5BfsQ+EAAAApR+LCAAAAAAAAP9tjTEOwjAQBC9BFLSUPOJSICEhRJXWcsMLTGyME+vO2A5JxYv4Gn8gEImKLVY728zzBcsU4cjRYmuoc5Qah8H3dlo4cOwungds+YwNU2JvUJpBsjb1jJKzgTlFCQsBK0ON5+TIZliLVt1V5RXZ6pTj9B0ElE7f4AGFmMxZxfyFMcLm2uvE9PP8FcAYQoZyt//U9g2CDwoivgAAAA==[0m[Pipeline] }
[2026-10-10T05:04:11.683Z] [8mha:////4Orptbk2HQYAnT0tXSMJP0tjWHRJicFhkabdwdYp/t7TAAAApR+LCAAAAAAAAP9tjTEOwjAQBC9BFLSUPOKCKKBAqWgtN7zAJMY4se6C7eBUvIiv8QcsIlGxxWpnm3m9YRk81OwNdpp6S6GxOLjR5IWJfX91nLDjCzZMgZ1GqZPkVp9mlBw1zClKWAhYaWocB0smwlp06qEqp8hU5+jzdxRQ2vYOTyhENkfl4xcmD5vb2Aamn+evAKZhiFAetrn2uw9oZXXUvgAAAA==[0m[Pipeline] // script
[2026-10-10T05:04:11.700Z] [8mha:////4JaFI84ABx5+P23z1k92YtHjbE9vFXiu/tNXsrZev1mPAAAApR+LCAAAAAAAAP9tjTEOwjAQBC9BFLSUPOIiCqBAqWgtN7zAJMY4se6C7eBUvIiv8QcsIlGxxWpnm3m9YRk81OwNdpp6S6GxOLjR5IWJfX91nLDjCzZMgZ1GqZPkVp9mlBw1zClKWAhYaWocB0smwlp06qEqp8hU5+jzdxRQ2vYOTyhENkfl4xcmD5vb2Aamn+evAKZhiFAetrl2+w8XIWkzvgAAAA==[0m[Pipeline] }
[2026-10-10T05:04:11.722Z] [8mha:////4O22TSZMawTn69vHhWvwryEC4IajSxEv4E+u0+Jfxtc+AAAAph+LCAAAAAAAAP9tjTEOwjAQBC9BFLSUPMKRkCIKRJXWSsMLTHwYJ9adsR2SihfxNf6ARSQqtljtbDOvN6xjgBMHI3qkwVLsrPBuNHmJicNwdTyJni+iY4rsULQ4tayxWbDlhLCkKGElYYPUOY6WTIKt7NVDVU6Rqc4p5O8oobT6Dk8oZDYnFdIX5gC726gj08/zVwCz9wnKwz5XXX8AAwL0LL4AAAA=[0m[Pipeline] // stage
[2026-10-10T05:04:11.740Z] [8mha:////4JAacW+XY9z6yAm9IxySm6EnxHUiGzl0W/HE1jWcKuV6AAAAqB+LCAAAAAAAAP9tjTEOwjAUQ3+LOrAycohUiKEDYuoaZeEEIQkhbfR/SVLaiRNxNe5AoBITHizbkvWeL6higCMFyzqDvcOoHBv8aHNiE4X+4mliHZ2ZIozkDRNmEqRNu1RBycCiooQVh7VB5Sk6tAk2vJN3WXuJtj6lkLcDh9LpGzyg4JmcZEjfMgfYXkcdCX+cvwCYhwTlrsnW7D/P6g2zIJPbwgAAAA==[0m[Pipeline] stage
[2026-10-10T05:04:11.744Z] [8mha:////4IE/hpqh9V9h2ovYn+DW0moXuH1J8aCQPL9wH9ne3f5fAAAAqB+LCAAAAAAAAP9tjTEOwjAUQ3+LOrAycoh0AIkBMXWNsnCC0ISQNvq//KS0EyfiatyBlkpMeLBsS9Z7vaGIDCdiJxqLrcdYe9GF3k1JDMTtNdAgGrqImjBSsELZQZGx1VIVJQuLshxWEtYW60DRo0uwkY1+6DJodOU58bQdJeTe3OEJmZzISXP6lpFhe+tNJPxx/gJg7BLkh91s+/lZfABpxnKZwgAAAA==[0m[Pipeline] { (Build and publish image)
[2026-10-10T05:04:11.786Z] [8mha:////4NG94ahFLyZz6YgCHOJDP7mXhA5ucEPLtAV9hgG6IgeSAAAApx+LCAAAAAAAAP9tjTEOwjAUQ3+LOrAycoh0ATEgpq5RFk4QmhDSRv+Xn5R24kRcjTvQUokJD5ZtyXqvNxSR4UTsRGOx9RhrL7rQuymJgbi9BhpEQxdRE0YKVig7KDK2WqqiZGFRlsNKwtpiHSh6dAk2stEPXQaNrjwnnrajhNybOzwhkxM5aU7fMjJsb72JhD/OXwCMXYL8sJttPz+LD08AFXvCAAAA[0m[Pipeline] script
[2026-10-10T05:04:11.820Z] [8mha:////4AqIX/pjWXyJR8fsXDOWe+Q4R1t76QOH5JOqi/imctv1AAAApx+LCAAAAAAAAP9tjTEOwjAUQ3+LOrAycoh0AgbE1DXKwglCE0La6P/yk9JOnIircQdaKjHhwbItWe/1hiIynIidaCy2HmPtRRd6NyUxELfXQINo6CJqwkjBCmUHRcZWS1WULCzKclhJWFusA0WPLsFGNvqhy6DRlefE03aUkHtzhydkciInzelbRobtrTeR8Mf5C4CxS5AfdrPt52fxASGtDzzCAAAA[0m[Pipeline] {
[2026-10-10T05:04:11.918Z] [8mha:////4G00oC9lYV1uHgs3kOcD0LB1FWNmXT49UhGwxgmGQKDSAAAAox+LCAAAAAAAAP9tjTEOwjAQBC9BFLSUPOLSkQJR0VppeIFJjLFj3Tm2g1PxIr7GHwhEomKL1c4283zBOgY4ctBoFfWGYmvQu1HPCzOH/uo4o+ULtkyRncJG5YY7dVqw4aRgSVHCSsBGUes4GtIJtsLKu6ycJF2dU5i/g4DSdAM8oBCzOcmQvjAF2N3GLjL9PH8FMPkEZb3/VO3fW71ZT74AAAA=[0m[Pipeline] sh
[2026-10-10T05:04:12.181Z] + set -e
[2026-10-10T05:04:12.181Z] + date -u +%Y-%m-%dT%H:%M:%SZ
[2026-10-10T05:04:12.181Z] + docker build --build-arg APP_VERSION=1.0.5-55761d5 --build-arg GIT_COMMIT=55761d5 --build-arg BUILD_TIME=2026-10-10T05:04:11Z -t localhost:5001/attendance-portal:1.0.5-55761d5 -t localhost:5001/attendance-portal:latest -f Dockerfile .
[2026-10-10T05:04:12.181Z] DEPRECATED: The legacy builder is deprecated and will be removed in a future release.
[2026-10-10T05:04:12.181Z]             Install the buildx component to build images with BuildKit:
[2026-10-10T05:04:12.181Z]             https://docs.docker.com/go/buildx/
[2026-10-10T05:04:12.181Z] 
[2026-10-10T05:04:12.732Z] Sending build context to Docker daemon  64.24MB[2026-10-10T05:04:12.732Z] 
[2026-10-10T05:04:12.983Z] Step 1/14 : FROM eclipse-temurin:21-jre-jammy
[2026-10-10T05:04:12.983Z]  ---> f04fb34e0531
[2026-10-10T05:04:12.983Z] Step 2/14 : ARG APP_VERSION=dev
[2026-10-10T05:04:12.983Z]  ---> Using cache
[2026-10-10T05:04:12.983Z]  ---> 0ac159f074d5
[2026-10-10T05:04:12.983Z] Step 3/14 : ARG GIT_COMMIT=unknown
[2026-10-10T05:04:12.983Z]  ---> Using cache
[2026-10-10T05:04:12.983Z]  ---> 00bd6e9ccb82
[2026-10-10T05:04:12.983Z] Step 4/14 : ARG BUILD_TIME=unknown
[2026-10-10T05:04:12.983Z]  ---> Using cache
[2026-10-10T05:04:12.983Z]  ---> 4463d7b565a6
[2026-10-10T05:04:12.983Z] Step 5/14 : LABEL org.opencontainers.image.title="Student Attendance Management Portal"       org.opencontainers.image.description="Role-aware attendance system of record"       org.opencontainers.image.version="${APP_VERSION}"       org.opencontainers.image.revision="${GIT_COMMIT}"       org.opencontainers.image.created="${BUILD_TIME}"       org.opencontainers.image.source="https://github.com/Swaroop192005/CI-CD-Pipeline-for-a-Student-Attendance-Management"       org.opencontainers.image.licenses="academic-project"
[2026-10-10T05:04:12.983Z]  ---> Running in 6c33d773ac42
[2026-10-10T05:04:13.895Z]  ---> Removed intermediate container 6c33d773ac42
[2026-10-10T05:04:13.895Z]  ---> 65c30b43e671
[2026-10-10T05:04:13.895Z] Step 6/14 : RUN groupadd --system --gid 1001 attendance  && useradd --system --uid 1001 --gid attendance             --create-home --home-dir /home/attendance attendance  && mkdir -p /app/data  && chown -R attendance:attendance /app
[2026-10-10T05:04:13.895Z]  ---> Running in e03a694bd5d1
[2026-10-10T05:04:14.807Z]  ---> Removed intermediate container e03a694bd5d1
[2026-10-10T05:04:14.807Z]  ---> 2d5c1261f773
[2026-10-10T05:04:14.807Z] Step 7/14 : WORKDIR /app
[2026-10-10T05:04:14.807Z]  ---> Running in 6e3a5d0527e6
[2026-10-10T05:04:15.720Z]  ---> Removed intermediate container 6e3a5d0527e6
[2026-10-10T05:04:15.721Z]  ---> c60388f86202
[2026-10-10T05:04:15.721Z] Step 8/14 : COPY --chown=attendance:attendance app/target/attendance.war /app/attendance.war
[2026-10-10T05:04:17.594Z]  ---> 107540e70570
[2026-10-10T05:04:17.594Z] Step 9/14 : USER attendance
[2026-10-10T05:04:17.594Z]  ---> Running in 4695c75c0c03
[2026-10-10T05:04:18.145Z]  ---> Removed intermediate container 4695c75c0c03
[2026-10-10T05:04:18.145Z]  ---> 53c2477cf052
[2026-10-10T05:04:18.145Z] Step 10/14 : ENV SERVER_PORT=8080     SERVER_SERVLET_CONTEXT_PATH=/attendance     SPRING_DATASOURCE_URL="jdbc:h2:file:/app/data/attendance;DB_CLOSE_ON_EXIT=FALSE"     ATTENDANCE_ENVIRONMENT=container     ATTENDANCE_ELIGIBILITY_THRESHOLD=75     ATTENDANCE_SEED_DATA=true     JAVA_OPTS="-XX:MaxRAMPercentage=75.0 -XX:+UseSerialGC"
[2026-10-10T05:04:18.145Z]  ---> Running in 519209613f89
[2026-10-10T05:04:18.696Z]  ---> Removed intermediate container 519209613f89
[2026-10-10T05:04:18.696Z]  ---> 153bfdb2d88d
[2026-10-10T05:04:18.696Z] Step 11/14 : EXPOSE 8080
[2026-10-10T05:04:18.696Z]  ---> Running in 6aeef27ffc9a
[2026-10-10T05:04:19.247Z]  ---> Removed intermediate container 6aeef27ffc9a
[2026-10-10T05:04:19.247Z]  ---> cf08dc368579
[2026-10-10T05:04:19.247Z] Step 12/14 : VOLUME ["/app/data"]
[2026-10-10T05:04:19.247Z]  ---> Running in 98cc815f530d
[2026-10-10T05:04:20.172Z]  ---> Removed intermediate container 98cc815f530d
[2026-10-10T05:04:20.172Z]  ---> d40e3666164d
[2026-10-10T05:04:20.172Z] Step 13/14 : HEALTHCHECK --interval=15s --timeout=5s --start-period=60s --retries=3     CMD wget --quiet --tries=1 --spider         "http://localhost:${SERVER_PORT}${SERVER_SERVLET_CONTEXT_PATH}/actuator/health" || exit 1
[2026-10-10T05:04:20.172Z]  ---> Running in 89dc95cf8ea2
[2026-10-10T05:04:21.084Z]  ---> Removed intermediate container 89dc95cf8ea2
[2026-10-10T05:04:21.084Z]  ---> c568ecb908dc
[2026-10-10T05:04:21.084Z] Step 14/14 : ENTRYPOINT ["sh", "-c", "exec java $JAVA_OPTS -jar /app/attendance.war"]
[2026-10-10T05:04:21.084Z]  ---> Running in 92438c4bf086
[2026-10-10T05:04:21.636Z]  ---> Removed intermediate container 92438c4bf086
[2026-10-10T05:04:21.636Z]  ---> 04698c800c80
[2026-10-10T05:04:21.636Z] Successfully built 04698c800c80
[2026-10-10T05:04:21.636Z] Successfully tagged localhost:5001/attendance-portal:1.0.5-55761d5
[2026-10-10T05:04:21.636Z] Successfully tagged localhost:5001/attendance-portal:latest
[2026-10-10T05:04:21.636Z] + docker push localhost:5001/attendance-portal:1.0.5-55761d5
[2026-10-10T05:04:21.636Z] The push refers to repository [localhost:5001/attendance-portal]
[2026-10-10T05:04:21.887Z] 5e98619ad312: Waiting
[2026-10-10T05:04:21.887Z] 4d4f07e0ac95: Waiting
[2026-10-10T05:04:21.887Z] 9e3a6cd663c0: Waiting
[2026-10-10T05:04:21.887Z] 2ea2e315627a: Waiting
[2026-10-10T05:04:21.887Z] 5e98619ad312: Waiting
[2026-10-10T05:04:21.887Z] 4d4f07e0ac95: Waiting
[2026-10-10T05:04:21.887Z] 9e3a6cd663c0: Waiting
[2026-10-10T05:04:21.887Z] 2ea2e315627a: Waiting
[2026-10-10T05:04:22.138Z] 5e98619ad312: Waiting
[2026-10-10T05:04:22.138Z] 4d4f07e0ac95: Waiting
[2026-10-10T05:04:22.138Z] 9e3a6cd663c0: Waiting
[2026-10-10T05:04:22.138Z] 2ea2e315627a: Waiting
[2026-10-10T05:04:22.138Z] 5e98619ad312: Waiting
[2026-10-10T05:04:22.138Z] 4d4f07e0ac95: Waiting
[2026-10-10T05:04:22.138Z] 9e3a6cd663c0: Waiting
[2026-10-10T05:04:22.138Z] 2ea2e315627a: Waiting
[2026-10-10T05:04:22.138Z] 5e98619ad312: Waiting
[2026-10-10T05:04:22.138Z] 4d4f07e0ac95: Waiting
[2026-10-10T05:04:22.138Z] 9e3a6cd663c0: Waiting
[2026-10-10T05:04:22.138Z] 2ea2e315627a: Waiting
[2026-10-10T05:04:22.390Z] 9e3a6cd663c0: Waiting
[2026-10-10T05:04:22.390Z] 2ea2e315627a: Waiting
[2026-10-10T05:04:22.390Z] 5e98619ad312: Waiting
[2026-10-10T05:04:22.390Z] 4d4f07e0ac95: Waiting
[2026-10-10T05:04:22.390Z] 4d4f07e0ac95: Layer already exists
[2026-10-10T05:04:22.390Z] 9e3a6cd663c0: Layer already exists
[2026-10-10T05:04:22.390Z] 2ea2e315627a: Layer already exists
[2026-10-10T05:04:22.390Z] baae1338e74a: Layer already exists
[2026-10-10T05:04:22.390Z] 402a522e3964: Pushed
[2026-10-10T05:04:22.390Z] 5e98619ad312: Layer already exists
[2026-10-10T05:04:22.644Z] 7e3f5df568b1: Pushed
[2026-10-10T05:04:22.644Z] 1.0.5-55761d5: digest: sha256:04698c800c80c195d26bfe957ddaa7e209427860169ae8de718254eb10db4acb size: 1839
[2026-10-10T05:04:22.644Z] + docker push localhost:5001/attendance-portal:latest
[2026-10-10T05:04:22.644Z] The push refers to repository [localhost:5001/attendance-portal]
[2026-10-10T05:04:22.644Z] 5e98619ad312: Waiting
[2026-10-10T05:04:22.644Z] 2ea2e315627a: Waiting
[2026-10-10T05:04:22.644Z] 4d4f07e0ac95: Waiting
[2026-10-10T05:04:22.644Z] 9e3a6cd663c0: Waiting
[2026-10-10T05:04:22.897Z] 5e98619ad312: Waiting
[2026-10-10T05:04:22.897Z] 2ea2e315627a: Waiting
[2026-10-10T05:04:22.897Z] 4d4f07e0ac95: Waiting
[2026-10-10T05:04:22.897Z] 9e3a6cd663c0: Waiting
[2026-10-10T05:04:22.897Z] 5e98619ad312: Waiting
[2026-10-10T05:04:22.897Z] 2ea2e315627a: Waiting
[2026-10-10T05:04:22.897Z] 4d4f07e0ac95: Waiting
[2026-10-10T05:04:22.897Z] 9e3a6cd663c0: Waiting
[2026-10-10T05:04:23.148Z] 5e98619ad312: Waiting
[2026-10-10T05:04:23.148Z] 2ea2e315627a: Waiting
[2026-10-10T05:04:23.148Z] 4d4f07e0ac95: Waiting
[2026-10-10T05:04:23.148Z] 9e3a6cd663c0: Waiting
[2026-10-10T05:04:23.148Z] 5e98619ad312: Waiting
[2026-10-10T05:04:23.148Z] 2ea2e315627a: Waiting
[2026-10-10T05:04:23.148Z] 4d4f07e0ac95: Waiting
[2026-10-10T05:04:23.148Z] 9e3a6cd663c0: Waiting
[2026-10-10T05:04:23.148Z] 5e98619ad312: Waiting
[2026-10-10T05:04:23.148Z] 2ea2e315627a: Waiting
[2026-10-10T05:04:23.148Z] 4d4f07e0ac95: Waiting
[2026-10-10T05:04:23.148Z] 9e3a6cd663c0: Waiting
[2026-10-10T05:04:23.400Z] baae1338e74a: Layer already exists
[2026-10-10T05:04:23.400Z] 402a522e3964: Layer already exists
[2026-10-10T05:04:23.400Z] 7e3f5df568b1: Layer already exists
[2026-10-10T05:04:23.400Z] 5e98619ad312: Layer already exists
[2026-10-10T05:04:23.400Z] 2ea2e315627a: Layer already exists
[2026-10-10T05:04:23.400Z] 4d4f07e0ac95: Layer already exists
[2026-10-10T05:04:23.400Z] 9e3a6cd663c0: Layer already exists
[2026-10-10T05:04:23.400Z] latest: digest: sha256:04698c800c80c195d26bfe957ddaa7e209427860169ae8de718254eb10db4acb size: 1839
[2026-10-10T05:04:23.400Z] + echo Published:
[2026-10-10T05:04:23.400Z] Published:
[2026-10-10T05:04:23.400Z] + echo   localhost:5001/attendance-portal:1.0.5-55761d5
[2026-10-10T05:04:23.400Z]   localhost:5001/attendance-portal:1.0.5-55761d5
[2026-10-10T05:04:23.400Z] + echo   localhost:5001/attendance-portal:latest
[2026-10-10T05:04:23.400Z]   localhost:5001/attendance-portal:latest
[2026-10-10T05:04:23.433Z] [8mha:////4OMLYBRzq1VyhY2GPB3SblC+MirBsaPNQFJNtaEcGfFBAAAApB+LCAAAAAAAAP9tjTEOwjAQBC9BFLSUPOLSARKiSmu54QUmNsaJdWdsh6TiRXyNPxCIRMUWq51t5vmCZYpw5GixNdQ5So3D4Hs7LRw4dhfPA7Z8xoYpsTcozSBZm3pGydnAnKKEhYCVocZzcmQzrEWr7qryimx1ynH6DgJKp2/wgEJM5qxi/sIYYXPtdWL6ef4KYAwZyt32U/vwBpShwci+AAAA[0m[Pipeline] sh
[2026-10-10T05:04:23.701Z] + echo Registry now holds:
[2026-10-10T05:04:23.702Z] Registry now holds:
[2026-10-10T05:04:23.702Z] + curl -s http://host.docker.internal:5001/v2/attendance-portal/tags/list
[2026-10-10T05:04:23.702Z] {"name":"attendance-portal","tags":["1.0.5-55761d5","latest","1.0.2-83c51bc","1.0.0","1.0.3-83c51bc","1.0.4-83c51bc"]}
[2026-10-10T05:04:23.702Z] + echo
[2026-10-10T05:04:23.702Z] 
[2026-10-10T05:04:23.720Z] [8mha:////4GN0OPzbakK2juusP60zQrUu0yAciV8riZGKNY4i7FgxAAAApB+LCAAAAAAAAP9tjTEOwjAQBC9BFLSUPOLSgRCiSmu54QUmNsaJdWdsh6TiRXyNPxCIRMUWq51t5vmCZYpw5GixNdQ5So3D4Hs7LRw4dhfPA7Z8xoYpsTcozSBZm3pGydnAnKKEhYCVocZzcmQzrEWr7qryimx1ynH6DgJKp2/wgEJM5qxi/sIYYXPtdWL6ef4KYAwhQ7nbf2r7BvjBDO2+AAAA[0m[Pipeline] }
[2026-10-10T05:04:23.743Z] [8mha:////4Fl2CIw/4UCPbktyyQ0/o/4wlhuuBqKPodWFSnbBJT64AAAApR+LCAAAAAAAAP9tjTEOwjAQBC9BFLSUPOJCg0BCqWgtN7zAJMY4se6C7eBUvIiv8QcsIlGxxWpnm3m9YRk81OwNdpp6S6GxOLjR5IWJfX91nLDjCzZMgZ1GqZPkVp9mlBw1zClKWAhYaWocB0smwlp06qEqp8hU5+jzdxRQ2vYOTyhENkfl4xcmD5vb2Aamn+evAKZhiFAetrn2uw9jsUKlvgAAAA==[0m[Pipeline] // script
[2026-10-10T05:04:23.750Z] [8mha:////4GsdH5vCwxCPbF6aPpw3O7Q7vi6dJyZtxJBGuHZjCxO4AAAAph+LCAAAAAAAAP9tjTEOwjAQBC9BFLSUPOIiJCSQUCpayw0vMIkxTqy7YDs4FS/ia/wBi0hUbLHa2WZeb1gGDzV7g52m3lJoLA5uNHlhYt9fHSfs+IINU2CnUeokudWnGSVHDXOKEhYCVpoax8GSibAWnXqoyiky1Tn6/B0FlLa9wxMKkc1R+fiFycPmNraB6ef5K4BpGCKUh22u/e4DUFIZGb4AAAA=[0m[Pipeline] }
[2026-10-10T05:04:23.765Z] [8mha:////4N88Pv8DqEl2mmFo+g0dHBCwP5v1a2lbV4wzcSdZpifwAAAAph+LCAAAAAAAAP9tjTEOwjAQBC9BFLSUPOIiQQESSkVrueEFJjHGiXUXbAen4kV8jT9gEYmKLVY728zrDcvgoWZvsNPUWwqNxcGNJi9M7Pur44QdX7BhCuw0Sp0kt/o0o+SoYU5RwkLASlPjOFgyEdaiUw9VOUWmOkefv6OA0rZ3eEIhsjkqH78wedjcxjYw/Tx/BTANQ4TysM21330AXbXpAb4AAAA=[0m[Pipeline] // stage
[2026-10-10T05:04:23.779Z] [8mha:////4OnWC9sytYDH1hmzmjUl/S1NnvdOsuMzOMQjxhFnfPleAAAAqB+LCAAAAAAAAP9tjTEOwjAUQ3+LOrAycohUiAEk1Ik16sIJQhNC0uj/kqSkEyfiatyBQCUmPFi2Jes9X1AFDw15zazC3mDoDBvcqHNiiXx/cZSYpTPrCAM5xVqVWpLqONeWooJZRQkLDkuFnaNgUEdYcSvuonYCdX2KPm8HDqWRN3hAwTM5Ch+/ZfKwvo4yEP44fwEwDRHKzS7bfvt5Vm9aUNstwgAAAA==[0m[Pipeline] stage
[2026-10-10T05:04:23.781Z] [8mha:////4Gjy+xzquzUDiWCJdZ3dA6KddipItnLiBfZ/o1HFMoMgAAAAqB+LCAAAAAAAAP9tjTEOwjAUQ3+LOrAycoh0gAEJMXWNsnCC0ISQNvq//KS0EyfiatyBlkpMeLBsS9Z7vaGIDCdiJxqLrcdYe9GF3k1JDMTtNdAgGrqImjBSsELZQZGx1VIVJQuLshxWEtYW60DRo0uwkY1+6DJodOU58bQdJeTe3OEJmZzISXP6lpFhe+tNJPxx/gJg7BLkh91s+/lZfADxKa4dwgAAAA==[0m[Pipeline] { (Deploy container)
[2026-10-10T05:04:23.800Z] [8mha:////4O2433mVEtJv9Cdzof1emNpy/jnYciaMdNGlIjlYqGAhAAAAqB+LCAAAAAAAAP9tjTEOwjAUQ3+LOrAycoh0AQkJMXWNsnCC0ISQNvq//KS0EyfiatyBlkpMeLBsS9Z7vaGIDCdiJxqLrcdYe9GF3k1JDMTtNdAgGrqImjBSsELZQZGx1VIVJQuLshxWEtYW60DRo0uwkY1+6DJodOU58bQdJeTe3OEJmZzISXP6lpFhe+tNJPxx/gJg7BLkh91s+/lZfADX78n/wgAAAA==[0m[Pipeline] script
[2026-10-10T05:04:23.816Z] [8mha:////4M1rsOy5jk1BDtBGKSQWbfwu7+Lej5ba/ZWIxbHhPKSFAAAApx+LCAAAAAAAAP9tjTEOwjAUQ3+LOrAycoh0AiEhpq5RFk4QmhDSRv+Xn5R24kRcjTvQUokJD5ZtyXqvNxSR4UTsRGOx9RhrL7rQuymJgbi9BhpEQxdRE0YKVig7KDK2WqqiZGFRlsNKwtpiHSh6dAk2stEPXQaNrjwnnrajhNybOzwhkxM5aU7fMjJsb72JhD/OXwCMXYL8sJttPz+LD7lC07jCAAAA[0m[Pipeline] {
[2026-10-10T05:04:23.887Z] [8mha:////4JKTwULduD274jIJZ2XSHFBq/CiVzoVJdL7YhLZoynMzAAAApB+LCAAAAAAAAP9tjTEOwjAQBC9BFLSUPOLSARKiSmu54QUmNsaJdWdsh6TiRXyNPxCIRMUWq51t5vmCZYpw5GixNdQ5So3D4Hs7LRw4dhfPA7Z8xoYpsTcozSBZm3pGydnAnKKEhYCVocZzcmQzrEWr7qryimx1ynH6DgJKp2/wgEJM5qxi/sIYYXPtdWL6ef4KYAwZyv32U7vwBsroJZ2+AAAA[0m[Pipeline] sh
[2026-10-10T05:04:24.148Z] + set -e
[2026-10-10T05:04:24.148Z] + echo Deploying localhost:5001/attendance-portal:1.0.5-55761d5 as attendance-app-staging on port 8100
[2026-10-10T05:04:24.148Z] Deploying localhost:5001/attendance-portal:1.0.5-55761d5 as attendance-app-staging on port 8100
[2026-10-10T05:04:24.148Z] + docker pull localhost:5001/attendance-portal:1.0.5-55761d5
[2026-10-10T05:04:24.701Z] 1.0.5-55761d5: Pulling from attendance-portal
[2026-10-10T05:04:24.701Z] Digest: sha256:04698c800c80c195d26bfe957ddaa7e209427860169ae8de718254eb10db4acb
[2026-10-10T05:04:24.701Z] Status: Image is up to date for localhost:5001/attendance-portal:1.0.5-55761d5
[2026-10-10T05:04:24.701Z] localhost:5001/attendance-portal:1.0.5-55761d5
[2026-10-10T05:04:24.701Z] + docker rm -f attendance-app-staging
[2026-10-10T05:04:25.253Z] + docker volume create attendance-data-staging
[2026-10-10T05:04:25.253Z] + docker run -d --name attendance-app-staging -p 8100:8080 -v attendance-data-staging:/app/data -e ATTENDANCE_ENVIRONMENT=staging --restart unless-stopped --label app.version=1.0.5-55761d5 --label app.commit=55761d5 localhost:5001/attendance-portal:1.0.5-55761d5
[2026-10-10T05:04:25.504Z] + seq 1 60
[2026-10-10T05:04:25.504Z] + curl -sf http://host.docker.internal:8100/attendance/actuator/health
[2026-10-10T05:04:25.504Z] + sleep 3
[2026-10-10T05:04:28.740Z] + curl -sf http://host.docker.internal:8100/attendance/actuator/health
[2026-10-10T05:04:28.740Z] + sleep 3
[2026-10-10T05:04:31.981Z] + curl -sf http://host.docker.internal:8100/attendance/actuator/health
[2026-10-10T05:04:31.981Z] + sleep 3
[2026-10-10T05:04:34.487Z] + curl -sf http://host.docker.internal:8100/attendance/actuator/health
[2026-10-10T05:04:35.042Z] + echo Container healthy after 4 attempt(s)
[2026-10-10T05:04:35.042Z] Container healthy after 4 attempt(s)
[2026-10-10T05:04:35.042Z] + break
[2026-10-10T05:04:35.042Z] + curl -sf http://host.docker.internal:8100/attendance/actuator/health
[2026-10-10T05:04:35.042Z] + echo Container deployment:
[2026-10-10T05:04:35.042Z] Container deployment:
[2026-10-10T05:04:35.042Z] + docker ps --filter name=attendance-app-staging --format   {{.Names}}  {{.Image}}  {{.Status}}  {{.Ports}}
[2026-10-10T05:04:35.294Z] attendance-app-staging  localhost:5001/attendance-portal:1.0.5-55761d5  Up 9 seconds (health: starting)  0.0.0.0:8100->8080/tcp, [::]:8100->8080/tcp
[2026-10-10T05:04:35.294Z] + curl -s http://host.docker.internal:8100/attendance/actuator/info
[2026-10-10T05:04:35.294Z] {"app":{"name":"Student Attendance Management Portal","environment":"staging"}}+ echo
[2026-10-10T05:04:35.294Z] 
[2026-10-10T05:04:35.294Z] + echo Containerised application URL: http://localhost:8100/attendance
[2026-10-10T05:04:35.294Z] Containerised application URL: http://localhost:8100/attendance
[2026-10-10T05:04:35.331Z] [8mha:////4OfVOabQdaXhYgEh99/V4vFLSTXPpVV3KYyT4F3pkykUAAAApB+LCAAAAAAAAP9tjTEOwjAQBC9BFLSUPOLSoUiIitZKwwtMYowd686xHZyKF/E1/kAgEhVbrHa2mecL1jHAkYNGq6g3FFuD3o16Xpg59FfHGS1fsGWK7BQ2KjfcqdOCDScFS4oSVgI2ilrH0ZBOsBVW3mXlJOnqnML8HQSUphvgAYWYzUmG9IUpwO42dpHp5/krgMn7BGVdf2r/Bnt+gFe+AAAA[0m[Pipeline] }
[2026-10-10T05:04:35.367Z] [8mha:////4LwHwxGHU6DVo+g88YdP9Hoo0pKVqiJ1rkcNk413S4ViAAAApB+LCAAAAAAAAP9tjTEOwjAQBC9BFLSUPOJSIYEQVVrLDS8wsTFOrDtjOyQVL+Jr/IFAJCq2WO1sM88XLFOEI0eLraHOUWocBt/baeHAsbt4HrDlMzZMib1BaQbJ2tQzSs4G5hQlLASsDDWekyObYS1adVeVV2SrU47TdxBQOn2DBxRiMmcV8xfGCJtrrxPTz/NXAGMIGcrd/lPbN2T81QW+AAAA[0m[Pipeline] // script
[2026-10-10T05:04:35.381Z] [8mha:////4GbnSIXg6HzfN3mN9UGEJewTY6Qp8Eaf5Ki94wBjNJDEAAAApR+LCAAAAAAAAP9tjTEOwjAQBC9BFLSUPOJCQQFCqWgtN7zAJMY4se6C7eBUvIiv8QcsIlGxxWpnm3m9YRk81OwNdpp6S6GxOLjR5IWJfX91nLDjCzZMgZ1GqZPkVp9mlBw1zClKWAhYaWocB0smwlp06qEqp8hU5+jzdxRQ2vYOTyhENkfl4xcmD5vb2Aamn+evAKZhiFAetrn2uw+OlqrzvgAAAA==[0m[Pipeline] }
[2026-10-10T05:04:35.400Z] [8mha:////4M/X/+wYd8n17LyA+v40i6AmsybEkF11nlOHZUEg+1j0AAAApR+LCAAAAAAAAP9tjTEOwjAQBC9BFLSUPOIiRANCqWgtN7zAJMY4se6C7eBUvIiv8QcsIlGxxWpnm3m9YRk81OwNdpp6S6GxOLjR5IWJfX91nLDjCzZMgZ1GqZPkVp9mlBw1zClKWAhYaWocB0smwlp06qEqp8hU5+jzdxRQ2vYOTyhENkfl4xcmD5vb2Aamn+evAKZhiFAetrn2uw+I0JKmvgAAAA==[0m[Pipeline] // stage
[2026-10-10T05:04:35.419Z] [8mha:////4AXFmzhqfh8EIPRH5qnhADZVVT6gNsqFFChT90M4QgKrAAAAqB+LCAAAAAAAAP9tjTEOwjAUQ3+LOrAycohUsCCEOrFGXThBaEJIGv1fkpR04kRcjTsQqMSEB8u2ZL3nC6rgoSGvmVXYGwydYYMbdU4ske8vjhKzdGYdYSCnWKtSS1Id59pSVDCrKGHBYamwcxQM6ggrbsVd1E6grk/R5+3AoTTyBg8oeCZH4eO3TB7W11EGwh/nLwCmIUK52WXbbz/P6g1LiPBAwgAAAA==[0m[Pipeline] stage
[2026-10-10T05:04:35.423Z] [8mha:////4C67g9ouSE68qOzi88WV3UNIwhZsh9/Ptl/pRVSSxmUNAAAApx+LCAAAAAAAAP9tjTEOwjAUQ3+LOrAycohUggkhpq5RFk4QmhDSRv+Xn5R24kRcjTvQUokJD5ZtyXqvNxSR4UTsRGOx9RhrL7rQuymJgbi9BhpEQxdRE0YKVig7KDK2WqqiZGFRlsNKwtpiHSh6dAk2stEPXQaNrjwnnrajhNybOzwhkxM5aU7fMjJsb72JhD/OXwCMXYL8sJttPz+LD1KB9/zCAAAA[0m[Pipeline] { (Deploy to Tomcat)
[2026-10-10T05:04:35.482Z] [8mha:////4N/jm/9qa4XsjqXRHMbywSmkvsjbAXdlF3IIA2y0vnCLAAAApx+LCAAAAAAAAP9tjTEOwjAUQ3+LOrAycoh0gAUhpq5RFk4QmhDSRv+Xn5R24kRcjTvQUokJD5ZtyXqvNxSR4UTsRGOx9RhrL7rQuymJgbi9BhpEQxdRE0YKVig7KDK2WqqiZGFRlsNKwtpiHSh6dAk2stEPXQaNrjwnnrajhNybOzwhkxM5aU7fMjJsb72JhD/OXwCMXYL8sJttPz+LDypufCDCAAAA[0m[Pipeline] script
[2026-10-10T05:04:35.526Z] [8mha:////4JHYJPG6Gh9dE0xg5sR/x7fSyU2ejNFgX0x2lfWy3/kRAAAApx+LCAAAAAAAAP9tjTEOwjAUQ3+LOrAycoh0gQEhpq5RFk4QmhDSRv+Xn5R24kRcjTvQUokJD5ZtyXqvNxSR4UTsRGOx9RhrL7rQuymJgbi9BhpEQxdRE0YKVig7KDK2WqqiZGFRlsNKwtpiHSh6dAk2stEPXQaNrjwnnrajhNybOzwhkxM5aU7fMjJsb72JhD/OXwCMXYL8sJttPz+LDwyoG8LCAAAA[0m[Pipeline] {
[2026-10-10T05:04:35.655Z] [8mha:////4Cmf9rnqKqv5VBQaxowyPJc2cHA93zlrw76jJF295wvFAAAApB+LCAAAAAAAAP9tjTEOwjAQBC9BFLSUPOJSgYQQVVrLDS8wsTFOrDtjOyQVL+Jr/IFAJCq2WO1sM88XLFOEI0eLraHOUWocBt/baeHAsbt4HrDlMzZMib1BaQbJ2tQzSs4G5hQlLASsDDWekyObYS1adVeVV2SrU47TdxBQOn2DBxRiMmcV8xfGCJtrrxPTz/NXAGPIUO63n9qFN7+pvni+AAAA[0m[Pipeline] sh
[2026-10-10T05:04:35.933Z] + set -e
[2026-10-10T05:04:35.933Z] + echo Deploying 1.0.5-55761d5 to Tomcat as 'staging' on port 8090
[2026-10-10T05:04:35.933Z] Deploying 1.0.5-55761d5 to Tomcat as 'staging' on port 8090
[2026-10-10T05:04:35.933Z] + docker rm -f attendance-tomcat-staging
[2026-10-10T05:04:36.485Z] + docker run -d --name attendance-tomcat-staging -p 8090:8080 -e ATTENDANCE_ENVIRONMENT=staging -e ATTENDANCE_ELIGIBILITY_THRESHOLD=75 -e SPRING_DATASOURCE_URL=jdbc:h2:file:/usr/local/tomcat/data/attendance;DB_CLOSE_ON_EXIT=FALSE tomcat:10.1-jdk21-temurin
[2026-10-10T05:04:36.485Z] 2b187792973a798cca4858e630d8d9a60dc0a464ea0417ff8582ce2cbbfa5521
[2026-10-10T05:04:36.738Z] + sleep 5
[2026-10-10T05:04:41.949Z] + docker cp app/target/attendance.war attendance-tomcat-staging:/usr/local/tomcat/webapps/attendance.war
[2026-10-10T05:04:42.894Z] [8mha:////4HaA+XBIFomqDTO7cognjQ/Hj0HRatMSoQX6p38ffISfAAAApB+LCAAAAAAAAP9tjTEOwjAQBC9BFLSUPOJSIYQQVVrLDS8wsTFOrDtjOyQVL+Jr/IFAJCq2WO1sM88XLFOEI0eLraHOUWocBt/baeHAsbt4HrDlMzZMib1BaQbJ2tQzSs4G5hQlLASsDDWekyObYS1adVeVV2SrU47TdxBQOn2DBxRiMmcV8xfGCJtrrxPTz/NXAGMIGcr97lPbN+Gns4C+AAAA[0m[Pipeline] }
[2026-10-10T05:04:42.944Z] [8mha:////4LIbiFYlfSYQXE9X+NHAqD5JXwWmay3YztGd6SgEwQP2AAAApB+LCAAAAAAAAP9tjTEOwjAQBC9BFLSUPOLSUIAQVVrLDS8wsTFOrDtjOyQVL+Jr/IFAJCq2WO1sM88XLFOEI0eLraHOUWocBt/baeHAsbt4HrDlMzZMib1BaQbJ2tQzSs4G5hQlLASsDDWekyObYS1adVeVV2SrU47TdxBQOn2DBxRiMmcV8xfGCJtrrxPTz/NXAGMIGcr97lPbN6Il4ga+AAAA[0m[Pipeline] // script
[2026-10-10T05:04:42.954Z] [8mha:////4PeFDDr6XAVjz1dbmJtXfH8Uc1tHtbpdfEkDbRU195AdAAAApB+LCAAAAAAAAP9tjTEOwjAQBC9BFLSUPOJSUEWIitZKwwtMYowd686xHZyKF/E1/kAgEhVbrHa2mecL1jHAkYNGq6g3FFuD3o16Xpg59FfHGS1fsGWK7BQ2KjfcqdOCDScFS4oSVgI2ilrH0ZBOsBVW3mXlJOnqnML8HQSUphvgAYWYzUmG9IUpwO42dpHp5/krgMn7BGVdf2r/BqRj2lO+AAAA[0m[Pipeline] }
[2026-10-10T05:04:42.971Z] [8mha:////4Oog8OeX5cTZunJJl8/9dvTYuXIP2D7dL787pWgFM65yAAAApR+LCAAAAAAAAP9tjTESgjAQRRcYC1tLDxHQznGobDM0niCGGAOZXUwWofJEXs07mJEZK3/132ve6w2rGKCmYEVnsHcYtRODH216YqLQXz1NoqOL0ISRvBGNmRpqzWnBhtjAsiyHQsLaoPYUHVqGjezUQ5VeoS3PHJI7Sshde4cnZDKVWQX+whxgexvbSPjr/A3APAwMxa6qGPLD/gO/bXh6vwAAAA==[0m[Pipeline] // stage
[2026-10-10T05:04:42.989Z] [8mha:////4FxyRB7zbwqUbaYlmviqypGz90/N7KAbkFYshCTU7GoaAAAAqB+LCAAAAAAAAP9tjTEOwjAQBC+JUtBS8giHVBSIitZKwwuMY4wT6y7YF5KKF/E1/oAhEhVb7ay0mucLyhjgQMGKzmDvMGonBj/a1MREob94mkRHZ6EJI3kjGjM11Jrjgg2xgSVZDoWElUHtKTq0DGvZqbuqvEJbnTikbS8hd+0NHpDJZGYV+AtzgM11bCPhz/NXAPPAkNc7hqLe1p9r+QbuyDVzwwAAAA==[0m[Pipeline] stage
[2026-10-10T05:04:42.992Z] [8mha:////4Jfw0xP+iwtA5VzZNlNt2m1U/hdNXQ+rd7qCFWywwrjaAAAApx+LCAAAAAAAAP9tjbEOgjAYhH8gDK6OPkQRV+PE2rD4BLXUWmj+H9timXwiX813sELi5A2Xu0su3+sNpXdwIqdZr3Aw6KVho510SiySG66WIuvpwiShJ6tYq2JLnWrW2lJQsCrLoeCwUSgteYM6wJb34iEqK1BX5+DSduSQm+4OT8h4IgfhwlJmB7vb1HnCH+cvAOYxQFHv68UP32/5AeRSsaPEAAAA[0m[Pipeline] { (Verify deployment)
[2026-10-10T05:04:43.040Z] [8mha:////4PZFjbl4TmE/+EP0/XMZWfw1oIGYm4zAHLbH/JhUvIaQAAAAqB+LCAAAAAAAAP9tjT0OwjAUg19bdWBl5BApPyPqxBp14QQhCSFp9F5JUtqJE3E17kBpJSY8WLYl63u9oYwBagqGOY2txSgt63xvpsQGCu3V08AcXZgkjOQ1a/TQkNKnpTaUNCzKcig4rDRKT9GiSbDmTjxE5QWa6pzCtB055Fbd4QkZn8hJhDSXMcDm1qtI+OP8BcDYJSh22/3sh++3/ACxU3MfxAAAAA==[0m[Pipeline] script
[2026-10-10T05:04:43.065Z] [8mha:////4MWOO8uF703ZMfEMfN1K29YbTPZENYyZHB/JjCcZNQNAAAAAqB+LCAAAAAAAAP9tjTEOwjAUQ39bdWBl5BApCDbUiTXqwglCEkLS6P+SpLQTJ+Jq3IHSSkx4sGxL1nu9oYwBagqGOY2txSgt63xvpsQGCu3V08AcXZgkjOQ1a/TQkNKnpTaUNCzKcig4rDRKT9GiSbDmTjxE5QWa6pzCtB055Fbd4QkZn8hJhDSXMcDm1qtI+OP8BcDYJSh22/3sh++3/ABmL9OZxAAAAA==[0m[Pipeline] {
[2026-10-10T05:04:43.083Z] [8mha:////4JKsCZpsYtW90G9zpeM9fcJCjiyq4jnP7hcQc2FEyPLQAAAApR+LCAAAAAAAAP9tjTEOwjAQBC+JKGgpeYQDElQoFa2VhhcY2xg71l2wHZyKF/E1/kCUSFRssdrZZt4fWMUADQXDnMbOYpSW9X4w02KZQnfzlJmjK5OEkbxmrc4tKX1esKWkYUlRQsVhrVF6ihZNgg134ilqL9DUlxSm78ShtOoBLyj4ZE4ipBnGANv7oCLhz/NXAGOfoNrvDnMf+y8LKNqdwAAAAA==[0m[Pipeline] sh
[2026-10-10T05:04:43.346Z] + set -e
[2026-10-10T05:04:43.347Z] + seq 1 60
[2026-10-10T05:04:43.347Z] + curl -sf http://host.docker.internal:8090/attendance/actuator/health
[2026-10-10T05:04:43.347Z] + sleep 3
[2026-10-10T05:04:46.591Z] + curl -sf http://host.docker.internal:8090/attendance/actuator/health
[2026-10-10T05:04:46.591Z] + sleep 3
[2026-10-10T05:04:49.849Z] + curl -sf http://host.docker.internal:8090/attendance/actuator/health
[2026-10-10T05:04:49.849Z] + sleep 3
[2026-10-10T05:04:52.346Z] + curl -sf http://host.docker.internal:8090/attendance/actuator/health
[2026-10-10T05:04:52.346Z] + sleep 3
[2026-10-10T05:04:55.581Z] + curl -sf http://host.docker.internal:8090/attendance/actuator/health
[2026-10-10T05:04:55.581Z] + sleep 3
[2026-10-10T05:04:58.823Z] + curl -sf http://host.docker.internal:8090/attendance/actuator/health
[2026-10-10T05:04:58.823Z] + echo Health check passed after 6 attempt(s)
[2026-10-10T05:04:58.823Z] Health check passed after 6 attempt(s)
[2026-10-10T05:04:58.823Z] + curl -s http://host.docker.internal:8090/attendance/actuator/health
[2026-10-10T05:04:58.823Z] {"status":"UP"}+ echo
[2026-10-10T05:04:58.823Z] 
[2026-10-10T05:04:58.823Z] + exit 0
[2026-10-10T05:04:58.858Z] [8mha:////4Ncin6JOoqsjbAh8mNqzbMZJ5Pxuo76VDmXnu3IGMtc8AAAAph+LCAAAAAAAAP9tjTEOwjAQBC+JKGgpeYQDEqJBqWitNLzA2MbYse6C7eBUvIiv8QeiRKJii9XONvP+wCoGaCgY5jR2FqO0rPeDmRbLFLqbp8wcXZkkjOQ1a3VuSenzgi0lDUuKEioOa43SU7RoEmy4E09Re4GmvqQwfScOpVUPeEHBJ3MSIc0wBtjeBxUJf56/Ahj7BNV+d5j72H8ByHv3tsAAAAA=[0m[Pipeline] sh
[2026-10-10T05:04:59.125Z] + curl -s http://host.docker.internal:8090/attendance/actuator/info
[2026-10-10T05:04:59.125Z] + sed -n s/.*"environment":"\([^"]*\)".*/\1/p
[2026-10-10T05:04:59.148Z] [8mha:////4F4VIC6l0CgatzjxMRCtzc1EmNKPZsAE4t96hPXsU7tbAAAAph+LCAAAAAAAAP9tjTEOwjAQBC+JKGgpeYQDEhIFSkVrpeEFxjbGjnUXbAen4kV8jT8QJRIVW6x2tpn3B1YxQEPBMKexsxilZb0fzLRYptDdPGXm6MokYSSvWatzS0qfF2wpaVhSlFBxWGuUnqJFk2DDnXiK2gs09SWF6TtxKK16wAsKPpmTCGmGMcD2PqhI+PP8FcDYJ6j2u8Pcx/4LiUrsr8AAAAA=[0m[Pipeline] echo
[2026-10-10T05:04:59.150Z] Deployed application reports environment: 'staging'
[2026-10-10T05:04:59.157Z] [8mha:////4LlA9s9NBeAVGGyeG1otHSCgYWGPtn7zU8EaOdJEQB/YAAAAph+LCAAAAAAAAP9tjTEOwjAQBC+JKGgpeYQDEgUSSkVrpeEFxjbGjnUXbAen4kV8jT8QJRIVW6x2tpn3B1YxQEPBMKexsxilZb0fzLRYptDdPGXm6MokYSSvWatzS0qfF2wpaVhSlFBxWGuUnqJFk2DDnXiK2gs09SWF6TtxKK16wAsKPpmTCGmGMcD2PqhI+PP8FcDYJ6j2u8Pcx/4LRlZ0KMAAAAA=[0m[Pipeline] echo
[2026-10-10T05:04:59.159Z] Parameter verified: requested 'staging', deployed 'staging'
[2026-10-10T05:04:59.163Z] [8mha:////4NuuBs0En4Cd5OsxHO3rCzawb6sVWV6/ZKf3RyaTkAJnAAAAph+LCAAAAAAAAP9tjTEOwjAQBC+JKGgpeYQDEg1CqWitNLzA2MbYse6C7eBUvIiv8QeiRKJii9XONvP+wCoGaCgY5jR2FqO0rPeDmRbLFLqbp8wcXZkkjOQ1a3VuSenzgi0lDUuKEioOa43SU7RoEmy4E09Re4GmvqQwfScOpVUPeEHBJ3MSIc0wBtjeBxUJf56/Ahj7BNV+d5j72H8BB2dvMcAAAAA=[0m[Pipeline] echo
[2026-10-10T05:04:59.164Z] Deployed application URL: http://host.docker.internal:8090/attendance
[2026-10-10T05:04:59.166Z] [8mha:////4GN8Dr4I2j7VEj+S1f9jUmV7A9jJ+dOWXD4LGNB5IJmdAAAAph+LCAAAAAAAAP9tjTEOwjAQBC+JKGgpeYSTSHSIitZKwwtMbIwT6y7YF5KKF/E1/oAhEhVbrHa2mecLVjHAgYIVncHeYWydGPxo0xIThf7iaRIdnUVLGMkb0ZipIW2OCzbEBpZkORQS1gZbT9GhZdjITt1V6RXa8sQhfXsJudM3eEAmk5lV4C/MAbbXUUfCn+evAOZhYCjquvp0tXsDiZkh4MAAAAA=[0m[Pipeline] }
[2026-10-10T05:04:59.187Z] [8mha:////4K5iCBmu96GoyFvqZocUFuYBJUnfL8Iav3ZQoJw4eNNsAAAApR+LCAAAAAAAAP9tjTESwiAURH+SsbC19BBExtKxSsuk8QQIiCTM/xGISeWJvJp3EM2MlVvs7NvmPV+wigGOFCzrDPYOo3Js8KPNi00U+ouniXV0ZoowkjesNVNL2jQLtpQMLClKqASsDSpP0aFNsBGdvMvaS7T1KYX8HQSUTt/gAYXI5iRD+sIcYHsddST8ef4KYB6GBBXn/NO7/RueBzLYwAAAAA==[0m[Pipeline] // script
[2026-10-10T05:04:59.197Z] [8mha:////4GxpWss2A8AI4WqZybbY+p1O3auykUS8f3+EGRJy+VVXAAAApR+LCAAAAAAAAP9tjTESwiAURH+SsbC19BDEpHWsbBkaT4AEkYT5H4FIKk/k1byD0cxYucXOvm3e8wWrGOBAwbBe42AxKsu8G828WKYwXBxl1tOZKcJITjOhs6BOHxcUlDQsKUqoOKw1KkfRokmw4b28y9pJNPUphfnbcyhtd4MHFHw2JxnSF6YA2+vYRcKf568AJu8TVE3TfnrXvgGVLd2ewAAAAA==[0m[Pipeline] }
[2026-10-10T05:04:59.214Z] [8mha:////4LJMT/sEeIAskeaa+tIYDAkR0z9hlQCBAJU998ehs5yKAAAApR+LCAAAAAAAAP9tjTESwiAURH+SsbC19BBExtKxSsuk8QQIiCTM/xGISeWJvJp3EM2MlVvs7NvmPV+wigGOFCzrDPYOo3Js8KPNi00U+ouniXV0ZoowkjesNVNL2jQLtpQMLClKqASsDSpP0aFNsBGdvMvaS7T1KYX8HQSUTt/gAYXI5iRD+sIcYHsddST8ef4KYB6GBBXn+0/v+Bubd6OhwAAAAA==[0m[Pipeline] // stage
[2026-10-10T05:04:59.231Z] [8mha:////4MzTRhoq5WjZyFUK+ukvEP8IR2yfRDyyiRJUQnMCE8rlAAAAqR+LCAAAAAAAAP9tjTEOwjAQBC+JUtBS8ghHlpAoEBWtlYYXGMcYJ9ZdsC8kFS/ia/yBQCQqttpZaTXPF5QpwoGiE63FzmMyXvRhcHMTI8XuEmgULZ2FIUwUrKjtWFNjjwvWxBaWZDkUClYWTaDk0TGsVavvugoaXXXiOG97BblvbvCATM1m1pG/MEXYXIcmEf48fwUw9Qy53DEUUm4/1/IN6VKPhcMAAAA=[0m[Pipeline] stage
[2026-10-10T05:04:59.233Z] [8mha:////4FrcfVuZiuQzJYh1mholkHyhxJvp34rd6ZKBVxOWRtjZAAAAqB+LCAAAAAAAAP9tjbEOgjAYhH8gDK6OPkQJiU7GibVh8QlqqbXQ/D+2xTL5RL6a72CFxMkbLneXXL7XG0rv4EROs17hYNBLw0Y76ZRYJDdcLUXW04VJQk9WsVbFljrVrLWloGBVlkPBYaNQWvIGdYAt78VDVFagrs7Bpe3IITfdHZ6Q8UQOwoWlzA52t6nzhD/OXwDMY4CirveLH77f8gN9x/ZdxAAAAA==[0m[Pipeline] { (Declarative: Post Actions)
[2026-10-10T05:04:59.259Z] [8mha:////4ICTN5sx0fjT08Lti3KOuqHQHk0oQD3eeQeevxFdUQzUAAAApR+LCAAAAAAAAP9tjTEOwjAQBC+JKGgpeYSjFNAgqrRWGl5gYmPsWHfGdkgqXsTX+ANWIlGxxWpnm3l/YBMDnCloZhUOBmNvmHejzotNFIabo4lZurKeMJJTrFNTR1K1K3aUFKwpSqg4bBX2jqJBnWDHrXiK2gnU9SWF/J04lEY+4AUFz+YkQlpgDrC/jzIS/jx/BTD7BFXTHJY++i8iBeRswAAAAA==[0m[Pipeline] cleanWs
[2026-10-10T05:04:59.263Z] [WS-CLEANUP] Deleting project workspace...
[2026-10-10T05:04:59.331Z] [WS-CLEANUP] done
[2026-10-10T05:04:59.363Z] [8mha:////4LseTn2yWYjxOXPtyxSFGXOFsjxTycs2cIFrPvNWb1mYAAAAph+LCAAAAAAAAP9tjTEOwjAQBC+JKGgpeYSjFIgCUaW10vACExtjx7oztkNS8SK+xh+wEomKLVY728z7A5sY4ExBM6twMBh7w7wbdV5sojDcHE3M0pX1hJGcYp2aOpKqXbGjpGBNUULFYauwdxQN6gQ7bsVT1E6gri8p5O/EoTTyAS8oeDYnEdICc4D9fZSR8Of5K4DZJ6ia5rD00X8BYzT/dcAAAAA=[0m[Pipeline] echo
[2026-10-10T05:04:59.368Z] Pipeline succeeded for 1.0.5-55761d5:
[2026-10-10T05:04:59.368Z]   image     localhost:5001/attendance-portal:1.0.5-55761d5
[2026-10-10T05:04:59.368Z]   Tomcat    http://localhost:8090/attendance
[2026-10-10T05:04:59.368Z]   container http://localhost:8100/attendance
[2026-10-10T05:04:59.378Z] [8mha:////4HWZb5697zotNHX/ssY49Ok4/PzpW+cL6S6uadqpHV9XAAAAph+LCAAAAAAAAP9tjTEOwjAQBC+JKGgpeYSjFEhIiCqtlYYXmNgYO9adsR2SihfxNf6AlUhUbLHa2WbeH9jEAGcKmlmFg8HYG+bdqPNiE4Xh5mhilq6sJ4zkFOvU1JFU7YodJQVrihIqDluFvaNoUCfYcSueonYCdX1JIX8nDqWRD3hBwbM5iZAWmAPs76OMhD/PXwHM3ieomua49OELOdbSvcAAAAA=[0m[Pipeline] }
[2026-10-10T05:04:59.422Z] [8mha:////4BLC4Sk+oQdwhyUWMw2E8M4X1ALIAurp80VszYKmwsJjAAAAph+LCAAAAAAAAP9tjTEOwjAQBC+JKGgpeYSjSDQIUaW10vACExtjx7oztkNS8SK+xh+wEomKLVY728z7A5sY4ExBM6twMBh7w7wbdV5sojDcHE3M0pX1hJGcYp2aOpKqXbGjpGBNUULFYauwdxQN6gQ7bsVT1E6gri8p5O/EoTTyAS8oeDYnEdICc4D9fZSR8Of5K4DZ+wRV0xyXPnwBG+2ibMAAAAA=[0m[Pipeline] // stage
[2026-10-10T05:04:59.431Z] [8mha:////4DObilc9tcoYl1PdboLEFOyMe+ffa3LQxHke9d4hbKNFAAAApR+LCAAAAAAAAP9tjTESgjAQRRcYC1tLDxHExsKhss3QeIJIYgxkdjFZhMoTeTXvYEZmrPzVf695rzesYoCaghWdwd5hbJ0Y/GjTExOF/uppEh1dREsYyRvRmKkhbU4LNsQGlmU5FBLWBltP0aFl2MhOPVTpFdryzCG5o4Tc6Ts8IZOpzCrwF+YA29uoI+Gv8zcA8zAwFNV+x5BXhw8RAlRVvwAAAA==[0m[Pipeline] }
[2026-10-10T05:04:59.448Z] [8mha:////4LHmWIf9fiprU4Hk+njzmLzXA83q7NTN+3ZEzPZ6ysAhAAAApR+LCAAAAAAAAP9tjTEOwjAQBC+JKGgpeYSjUNAgKlorDS8wsTFOrDtjX3AqXsTX+AMRkajYameaeb1hlSIcKVrRGxwcps6J4Ec7P5EpDldPWfR0ER1hIm9Ea3JL2pwWbIkNLCtKqCSsDXaekkPLsJG9eqjaK7T1mePsDhJKp+/whELOZVaRvzBF2N5GnQh/nb8BmEJgqJpdw1A2+w8i4Q/pvwAAAA==[0m[Pipeline] // timeout
[2026-10-10T05:04:59.455Z] [8mha:////4N3dfPv4TTSztisbbrOD67gFUZ0htxpqtSEhBZIO4c76AAAApR+LCAAAAAAAAP9tjbEOgjAURR8QB1dHP6IEEifjxNqw+AW1rbXQvIftQ5j8In/Nf5BI4uSd7jnLeb1hkyKcKDrRWew9Ju3FEEa3PDFR7K+BJtHRRWjCRMGK1k4tGdus2BJbWJflUEjYWtSBkkfHsJOdeqgyKHTlmePijhJyb+7whEwuZVaRvzBH2N9Gkwh/nb8BmIeBoajqmiGvDh82wpL2vwAAAA==[0m[Pipeline] }
[2026-10-10T05:04:59.471Z] [8mha:////4Fn3oTaHj5HExtn4SsPpgbF7RkJDcEb7ugvegQcU2YfBAAAApR+LCAAAAAAAAP9tjTESgjAQRRcYC1tLDxEGtXOobDM0niCGGAOZXUwWofJEXs07mJEZK3/132ve6w2rGKCmYEVnsHcYtRODH216YqLQXz1NoqOL0ISRvBGNmRpqzWnBhtjAsiyHQsLaoPYUHVqGjezUQ5VeoS3PHJI7Sshde4cnZDKVWQX+whxgexvbSPjr/A3APAwMRbXbM+TV4QMFIclKvwAAAA==[0m[Pipeline] // timestamps
[2026-10-10T05:04:59.480Z] [8mha:////4OEcC4UclFgfx4RmKiud3prIMuAfwOnX+2OyRXuZUWO2AAAApR+LCAAAAAAAAP9tjTESgjAQRRcYC1tLDxEGtXOobDM0niCGGAOZXUwWofJEXs07mJEZK3/132ve6w2rGKCmYEVnsHcYtRODH216YqLQXz1NoqOL0ISRvBGNmRpqzWnBhtjAsiyHQsLaoPYUHVqGjezUQ5VeoS3PHJI7Sshde4cnZDKVWQX+whxgexvbSPjr/A3APAwMRbU7MOTV/gMehKjJvwAAAA==[0m[Pipeline] }
[2026-10-10T05:04:59.494Z] [8mha:////4EUG2srRovbgkN5U3mvQeyYT+GvsdYKX5OZJvaslxFWnAAAApR+LCAAAAAAAAP9tjbEOgjAURR8QB1dHP6IEEifjxNqw+AW1rbXQvIftQ5j8In/Nf5BI4uSd7jnLeb1hkyKcKDrRWew9Ju3FEEa3PDFR7K+BJtHRRWjCRMGK1k4tGdus2BJbWJflUEjYWtSBkkfHsJOdeqgyKHTlmePijhJyb+7whEwuZVaRvzBH2N9Gkwh/nb8BmIeBoajqA0Ne1R8tZ/N1vwAAAA==[0m[Pipeline] // withEnv
[2026-10-10T05:04:59.506Z] [8mha:////4MPQZ/Xjg0yIo8n4qoY4TIEUqMVSZ+zMvVFwDdEK9SV2AAAApR+LCAAAAAAAAP9tjTEOwjAQBC+JKGgpeYSjUNAgKlorDS8wsTFOrDtjX3AqXsTX+AMRkajYameaeb1hlSIcKVrRGxwcps6J4Ec7P5EpDldPWfR0ER1hIm9Ea3JL2pwWbIkNLCtKqCSsDXaekkPLsJG9eqjaK7T1mePsDhJKp+/whELOZVaRvzBF2N5GnQh/nb8BmEJgqJrdnqFsmg85RG5qvwAAAA==[0m[Pipeline] }
[2026-10-10T05:04:59.518Z] [8mha:////4DpCbfElEHfB6fOomRERTrS7h7P/YaTKFC6N3gnK89l/AAAApR+LCAAAAAAAAP9tjTESgjAQRRcYC1tLDxHExsKhss3QeIJIYgxkdjFZhMoTeTXvYEZmrPzVf695rzesYoCaghWdwd5hbJ0Y/GjTExOF/uppEh1dREsYyRvRmKkhbU4LNsQGlmU5FBLWBltP0aFl2MhOPVTpFdryzCG5o4Tc6Ts8IZOpzCrwF+YA29uoI+Gv8zcA8zAwFNX+wJBXuw8KpzXWvwAAAA==[0m[Pipeline] // withEnv
[2026-10-10T05:04:59.526Z] [8mha:////4C5wcwnQ6K+LkjKQhaiJcSMKQ+hwls6ZD49pB9B7U+PxAAAApR+LCAAAAAAAAP9tjTEOwjAQBM+JKGgpeYQjEAUSoqK10vAC4xjjxLoL9gWn4kV8jT8QEYmKrXammdcbFinCkaKTrcXOYzJe9mFw05OZYncNlGVLF2kIEwUra5trauxpxprYwjxRQKlgadEESh4dw0q1+qGroNFVZ46TOygofHOHJwg1lVlH/sIYYX0bmkT46/wNwNj3DOVmu2cQuw8ronk1vgAAAA==[0m[Pipeline] }
[2026-10-10T05:04:59.549Z] [8mha:////4GDic5nIU4IAIwS1+ziZBeQD16tuChhv52B0NyF8ngP7AAAApB+LCAAAAAAAAP9tjTEOwjAQBM+JKGgpeYQjoEKIitZKwwuMY4wT6y7YF5yKF/E1/kBEJCq22plmXm9YpAhHik62FjuPyXjZh8FNT2aK3TVQli1dpCFMFKysba6psacZa2IL80QBpYKlRRMoeXQMK9Xqh66CRledOU7uoKDwzR2eINRUZh35C2OE9W1oEuGv8zcAY98zlJvtnkHsPjgefZa+AAAA[0m[Pipeline] // node
[2026-10-10T05:04:59.555Z] [8mha:////4AlbiNrZ21SqPY3K0/BbmVLcFkwVbR5Mu2i1JjT20xSnAAAApB+LCAAAAAAAAP9tjTsOwjAQBdeJKGgpOYTDp0RUtFYaTmAcY5xYu8He4FSciKtxByIiUfGqN9PM6w2LFOFI0cnWYucxGS/7MLjpyUyxuwbKsqWLNISJgpW1zTU19jRjTWxhniigVLC0aAIlj45hpVr90FXQ6Kozx8kdFBS+ucMThJrKrCN/YYywvg1NIvx1/gZg7HuGcrvfMIjdB3qfNie+AAAA[0m[Pipeline] End of Pipeline
[2026-10-10T05:04:59.605Z] Finished: SUCCESS
