[2026-10-05T08:07:02.959Z] Started by user admin
[2026-10-05T08:07:02.959Z] Started by an SCM change
[2026-10-05T08:07:03.452Z] Obtained Jenkinsfile from git https://github.com/Swaroop192005/CI-CD-Pipeline-for-a-Student-Attendance-Management.git
[2026-10-05T08:07:03.559Z] [Pipeline] Start of Pipeline
[2026-10-05T08:07:03.654Z] [Pipeline] node
[2026-10-05T08:07:03.659Z] Running on Jenkins in /var/jenkins_home/jobs/attendance-portal-pipeline/workspace
[2026-10-05T08:07:03.671Z] [Pipeline] {
[2026-10-05T08:07:03.686Z] [Pipeline] stage
[2026-10-05T08:07:03.688Z] [Pipeline] { (Declarative: Checkout SCM)
[2026-10-05T08:07:03.702Z] [Pipeline] checkout
[2026-10-05T08:07:03.705Z] Selected Git installation does not exist. Using Default
[2026-10-05T08:07:03.705Z] The recommended git tool is: NONE
[2026-10-05T08:07:03.705Z] No credentials specified
[2026-10-05T08:07:03.705Z]  > git rev-parse --resolve-git-dir /var/jenkins_home/jobs/attendance-portal-pipeline/workspace/.git # timeout=10
[2026-10-05T08:07:03.713Z] Fetching changes from the remote Git repository
[2026-10-05T08:07:03.714Z]  > git config remote.origin.url https://github.com/Swaroop192005/CI-CD-Pipeline-for-a-Student-Attendance-Management.git # timeout=10
[2026-10-05T08:07:03.720Z] Fetching upstream changes from https://github.com/Swaroop192005/CI-CD-Pipeline-for-a-Student-Attendance-Management.git
[2026-10-05T08:07:03.720Z]  > git --version # timeout=10
[2026-10-05T08:07:03.726Z]  > git --version # 'git version 2.47.3'
[2026-10-05T08:07:03.726Z]  > git fetch --tags --force --progress -- https://github.com/Swaroop192005/CI-CD-Pipeline-for-a-Student-Attendance-Management.git +refs/heads/*:refs/remotes/origin/* # timeout=10
[2026-10-05T08:07:04.202Z]  > git rev-parse refs/remotes/origin/develop^{commit} # timeout=10
[2026-10-05T08:07:04.207Z] Checking out Revision 873400794b19ed977fc6eff43de42ffed269f2cb (refs/remotes/origin/develop)
[2026-10-05T08:07:04.207Z]  > git config core.sparsecheckout # timeout=10
[2026-10-05T08:07:04.212Z]  > git checkout -f 873400794b19ed977fc6eff43de42ffed269f2cb # timeout=10
[2026-10-05T08:07:04.222Z] Commit message: "Merge branch 'bugfix/restore-filters-on-pagination' into develop"
[2026-10-05T08:07:04.223Z]  > git rev-list --no-walk 326e3b6e30fc9ab22e3e725105778d361953d2e5 # timeout=10
[2026-10-05T08:07:04.240Z] [Pipeline] }
[2026-10-05T08:07:04.253Z] [Pipeline] // stage
[2026-10-05T08:07:04.267Z] [Pipeline] withEnv
[2026-10-05T08:07:04.268Z] [Pipeline] {
[2026-10-05T08:07:04.301Z] [Pipeline] withEnv
[2026-10-05T08:07:04.303Z] [Pipeline] {
[2026-10-05T08:07:04.319Z] [Pipeline] timestamps
[2026-10-05T08:07:04.319Z] The timestamps step is unnecessary when timestamps are enabled for all Pipeline builds.
[2026-10-05T08:07:04.321Z] [Pipeline] {
[2026-10-05T08:07:04.336Z] [Pipeline] timeout
[2026-10-05T08:07:04.337Z] Timeout set to expire in 40 min
[2026-10-05T08:07:04.338Z] [Pipeline] {
[2026-10-05T08:07:04.354Z] [Pipeline] stage
[2026-10-05T08:07:04.356Z] [Pipeline] { (Checkout)
[2026-10-05T08:07:04.384Z] [Pipeline] checkout
[2026-10-05T08:07:04.386Z] Selected Git installation does not exist. Using Default
[2026-10-05T08:07:04.386Z] The recommended git tool is: NONE
[2026-10-05T08:07:04.386Z] No credentials specified
[2026-10-05T08:07:04.386Z]  > git rev-parse --resolve-git-dir /var/jenkins_home/jobs/attendance-portal-pipeline/workspace/.git # timeout=10
[2026-10-05T08:07:04.393Z] Fetching changes from the remote Git repository
[2026-10-05T08:07:04.395Z]  > git config remote.origin.url https://github.com/Swaroop192005/CI-CD-Pipeline-for-a-Student-Attendance-Management.git # timeout=10
[2026-10-05T08:07:04.402Z] Fetching upstream changes from https://github.com/Swaroop192005/CI-CD-Pipeline-for-a-Student-Attendance-Management.git
[2026-10-05T08:07:04.402Z]  > git --version # timeout=10
[2026-10-05T08:07:04.406Z]  > git --version # 'git version 2.47.3'
[2026-10-05T08:07:04.406Z]  > git fetch --tags --force --progress -- https://github.com/Swaroop192005/CI-CD-Pipeline-for-a-Student-Attendance-Management.git +refs/heads/*:refs/remotes/origin/* # timeout=10
[2026-10-05T08:07:04.721Z]  > git rev-parse refs/remotes/origin/develop^{commit} # timeout=10
[2026-10-05T08:07:04.727Z] Checking out Revision 873400794b19ed977fc6eff43de42ffed269f2cb (refs/remotes/origin/develop)
[2026-10-05T08:07:04.727Z]  > git config core.sparsecheckout # timeout=10
[2026-10-05T08:07:04.732Z]  > git checkout -f 873400794b19ed977fc6eff43de42ffed269f2cb # timeout=10
[2026-10-05T08:07:04.741Z] Commit message: "Merge branch 'bugfix/restore-filters-on-pagination' into develop"
[2026-10-05T08:07:04.751Z] [Pipeline] script
[2026-10-05T08:07:04.756Z] [Pipeline] {
[2026-10-05T08:07:04.776Z] [Pipeline] sh
[2026-10-05T08:07:05.033Z] + git rev-parse --short HEAD
[2026-10-05T08:07:05.049Z] [Pipeline] sh
[2026-10-05T08:07:05.307Z] + git rev-parse --abbrev-ref HEAD
[2026-10-05T08:07:05.344Z] [Pipeline] echo
[2026-10-05T08:07:05.346Z] Building 1.0.11-8734007 from HEAD (8734007)
[2026-10-05T08:07:05.351Z] [Pipeline] echo
[2026-10-05T08:07:05.353Z] Deployment target container: attendance-tomcat-staging
[2026-10-05T08:07:05.355Z] [Pipeline] }
[2026-10-05T08:07:05.369Z] [Pipeline] // script
[2026-10-05T08:07:05.375Z] [Pipeline] }
[2026-10-05T08:07:05.390Z] [Pipeline] // stage
[2026-10-05T08:07:05.400Z] [Pipeline] stage
[2026-10-05T08:07:05.401Z] [Pipeline] { (Build)
[2026-10-05T08:07:05.429Z] [Pipeline] sh
[2026-10-05T08:07:05.686Z] + /opt/maven/bin/mvn -B -DskipTests clean compile
[2026-10-05T08:07:07.029Z] [INFO] Scanning for projects...
[2026-10-05T08:07:07.580Z] [INFO] ------------------------------------------------------------------------
[2026-10-05T08:07:07.580Z] [INFO] Reactor Build Order:
[2026-10-05T08:07:07.580Z] [INFO] 
[2026-10-05T08:07:07.580Z] [INFO] Student Attendance Management Portal                               [pom]
[2026-10-05T08:07:07.580Z] [INFO] Attendance Portal :: Application                                   [war]
[2026-10-05T08:07:07.580Z] [INFO] Attendance Portal :: Selenium suite                                [jar]
[2026-10-05T08:07:07.580Z] [INFO] 
[2026-10-05T08:07:07.580Z] [INFO] ----------< com.college.attendance:attendance-portal-parent >-----------
[2026-10-05T08:07:07.580Z] [INFO] Building Student Attendance Management Portal 1.0.0-SNAPSHOT       [1/3]
[2026-10-05T08:07:07.580Z] [INFO]   from pom.xml
[2026-10-05T08:07:07.580Z] [INFO] --------------------------------[ pom ]---------------------------------
[2026-10-05T08:07:07.580Z] [INFO] 
[2026-10-05T08:07:07.580Z] [INFO] --- clean:3.4.1:clean (default-clean) @ attendance-portal-parent ---
[2026-10-05T08:07:07.580Z] [INFO] 
[2026-10-05T08:07:07.580Z] [INFO] ---------------< com.college.attendance:attendance-app >----------------
[2026-10-05T08:07:07.580Z] [INFO] Building Attendance Portal :: Application 1.0.0-SNAPSHOT           [2/3]
[2026-10-05T08:07:07.580Z] [INFO]   from app/pom.xml
[2026-10-05T08:07:07.580Z] [INFO] --------------------------------[ war ]---------------------------------
[2026-10-05T08:07:08.136Z] [INFO] 
[2026-10-05T08:07:08.136Z] [INFO] --- clean:3.4.1:clean (default-clean) @ attendance-app ---
[2026-10-05T08:07:08.136Z] [INFO] 
[2026-10-05T08:07:08.136Z] [INFO] --- jacoco:0.8.13:prepare-agent (prepare-agent) @ attendance-app ---
[2026-10-05T08:07:08.136Z] [INFO] argLine set to -javaagent:/root/.m2/repository/org/jacoco/org.jacoco.agent/0.8.13/org.jacoco.agent-0.8.13-runtime.jar=destfile=/var/jenkins_home/jobs/attendance-portal-pipeline/workspace/app/target/jacoco.exec
[2026-10-05T08:07:08.136Z] [INFO] 
[2026-10-05T08:07:08.136Z] [INFO] --- resources:3.3.1:resources (default-resources) @ attendance-app ---
[2026-10-05T08:07:08.136Z] [INFO] Copying 1 resource from src/main/resources to target/classes
[2026-10-05T08:07:08.136Z] [INFO] Copying 10 resources from src/main/resources to target/classes
[2026-10-05T08:07:08.136Z] [INFO] 
[2026-10-05T08:07:08.136Z] [INFO] --- compiler:3.14.1:compile (default-compile) @ attendance-app ---
[2026-10-05T08:07:08.387Z] [INFO] Recompiling the module because of changed source code.
[2026-10-05T08:07:08.387Z] [INFO] Compiling 39 source files with javac [debug parameters release 21] to target/classes
[2026-10-05T08:07:10.249Z] [INFO] 
[2026-10-05T08:07:10.249Z] [INFO] ----------< com.college.attendance:attendance-selenium-tests >----------
[2026-10-05T08:07:10.249Z] [INFO] Building Attendance Portal :: Selenium suite 1.0.0-SNAPSHOT        [3/3]
[2026-10-05T08:07:10.249Z] [INFO]   from selenium-tests/pom.xml
[2026-10-05T08:07:10.249Z] [INFO] --------------------------------[ jar ]---------------------------------
[2026-10-05T08:07:10.249Z] [INFO] 
[2026-10-05T08:07:10.249Z] [INFO] --- clean:3.4.1:clean (default-clean) @ attendance-selenium-tests ---
[2026-10-05T08:07:10.249Z] [INFO] 
[2026-10-05T08:07:10.249Z] [INFO] --- resources:3.3.1:resources (default-resources) @ attendance-selenium-tests ---
[2026-10-05T08:07:10.249Z] [INFO] skip non existing resourceDirectory /var/jenkins_home/jobs/attendance-portal-pipeline/workspace/selenium-tests/src/main/resources
[2026-10-05T08:07:10.249Z] [INFO] skip non existing resourceDirectory /var/jenkins_home/jobs/attendance-portal-pipeline/workspace/selenium-tests/src/main/resources
[2026-10-05T08:07:10.249Z] [INFO] 
[2026-10-05T08:07:10.249Z] [INFO] --- compiler:3.14.1:compile (default-compile) @ attendance-selenium-tests ---
[2026-10-05T08:07:10.249Z] [INFO] No sources to compile
[2026-10-05T08:07:10.249Z] [INFO] ------------------------------------------------------------------------
[2026-10-05T08:07:10.249Z] [INFO] Reactor Summary for Student Attendance Management Portal 1.0.0-SNAPSHOT:
[2026-10-05T08:07:10.249Z] [INFO] 
[2026-10-05T08:07:10.249Z] [INFO] Student Attendance Management Portal ............... SUCCESS [  0.102 s]
[2026-10-05T08:07:10.249Z] [INFO] Attendance Portal :: Application ................... SUCCESS [  2.322 s]
[2026-10-05T08:07:10.249Z] [INFO] Attendance Portal :: Selenium suite ................ SUCCESS [  0.062 s]
[2026-10-05T08:07:10.249Z] [INFO] ------------------------------------------------------------------------
[2026-10-05T08:07:10.249Z] [INFO] BUILD SUCCESS
[2026-10-05T08:07:10.249Z] [INFO] ------------------------------------------------------------------------
[2026-10-05T08:07:10.249Z] [INFO] Total time:  2.828 s
[2026-10-05T08:07:10.249Z] [INFO] Finished at: 2026-10-05T08:07:09Z
[2026-10-05T08:07:10.249Z] [INFO] ------------------------------------------------------------------------
[2026-10-05T08:07:10.260Z] [Pipeline] }
[2026-10-05T08:07:10.277Z] [Pipeline] // stage
[2026-10-05T08:07:10.289Z] [Pipeline] stage
[2026-10-05T08:07:10.291Z] [Pipeline] { (Unit test)
[2026-10-05T08:07:10.309Z] [Pipeline] sh
[2026-10-05T08:07:10.565Z] + /opt/maven/bin/mvn -B test
[2026-10-05T08:07:12.427Z] [INFO] Scanning for projects...
[2026-10-05T08:07:12.428Z] [INFO] ------------------------------------------------------------------------
[2026-10-05T08:07:12.428Z] [INFO] Reactor Build Order:
[2026-10-05T08:07:12.428Z] [INFO] 
[2026-10-05T08:07:12.428Z] [INFO] Student Attendance Management Portal                               [pom]
[2026-10-05T08:07:12.428Z] [INFO] Attendance Portal :: Application                                   [war]
[2026-10-05T08:07:12.428Z] [INFO] Attendance Portal :: Selenium suite                                [jar]
[2026-10-05T08:07:12.681Z] [INFO] 
[2026-10-05T08:07:12.681Z] [INFO] ----------< com.college.attendance:attendance-portal-parent >-----------
[2026-10-05T08:07:12.681Z] [INFO] Building Student Attendance Management Portal 1.0.0-SNAPSHOT       [1/3]
[2026-10-05T08:07:12.681Z] [INFO]   from pom.xml
[2026-10-05T08:07:12.681Z] [INFO] --------------------------------[ pom ]---------------------------------
[2026-10-05T08:07:12.681Z] [INFO] 
[2026-10-05T08:07:12.681Z] [INFO] ---------------< com.college.attendance:attendance-app >----------------
[2026-10-05T08:07:12.681Z] [INFO] Building Attendance Portal :: Application 1.0.0-SNAPSHOT           [2/3]
[2026-10-05T08:07:12.681Z] [INFO]   from app/pom.xml
[2026-10-05T08:07:12.681Z] [INFO] --------------------------------[ war ]---------------------------------
[2026-10-05T08:07:12.931Z] [INFO] 
[2026-10-05T08:07:12.931Z] [INFO] --- jacoco:0.8.13:prepare-agent (prepare-agent) @ attendance-app ---
[2026-10-05T08:07:13.183Z] [INFO] argLine set to -javaagent:/root/.m2/repository/org/jacoco/org.jacoco.agent/0.8.13/org.jacoco.agent-0.8.13-runtime.jar=destfile=/var/jenkins_home/jobs/attendance-portal-pipeline/workspace/app/target/jacoco.exec
[2026-10-05T08:07:13.183Z] [INFO] 
[2026-10-05T08:07:13.183Z] [INFO] --- resources:3.3.1:resources (default-resources) @ attendance-app ---
[2026-10-05T08:07:13.183Z] [INFO] Copying 1 resource from src/main/resources to target/classes
[2026-10-05T08:07:13.183Z] [INFO] Copying 10 resources from src/main/resources to target/classes
[2026-10-05T08:07:13.183Z] [INFO] 
[2026-10-05T08:07:13.183Z] [INFO] --- compiler:3.14.1:compile (default-compile) @ attendance-app ---
[2026-10-05T08:07:13.434Z] [INFO] Nothing to compile - all classes are up to date.
[2026-10-05T08:07:13.434Z] [INFO] 
[2026-10-05T08:07:13.434Z] [INFO] --- resources:3.3.1:testResources (default-testResources) @ attendance-app ---
[2026-10-05T08:07:13.434Z] [INFO] Copying 1 resource from src/test/resources to target/test-classes
[2026-10-05T08:07:13.434Z] [INFO] 
[2026-10-05T08:07:13.434Z] [INFO] --- compiler:3.14.1:testCompile (default-testCompile) @ attendance-app ---
[2026-10-05T08:07:13.434Z] [INFO] Recompiling the module because of changed source code.
[2026-10-05T08:07:13.434Z] [INFO] Compiling 10 source files with javac [debug parameters release 21] to target/test-classes
[2026-10-05T08:07:15.299Z] [INFO] 
[2026-10-05T08:07:15.299Z] [INFO] --- surefire:3.5.6:test (default-test) @ attendance-app ---
[2026-10-05T08:07:15.299Z] [INFO] Using auto detected provider org.apache.maven.surefire.junitplatform.JUnitPlatformProvider
[2026-10-05T08:07:15.299Z] [INFO] 
[2026-10-05T08:07:15.299Z] [INFO] -------------------------------------------------------
[2026-10-05T08:07:15.299Z] [INFO]  T E S T S
[2026-10-05T08:07:15.299Z] [INFO] -------------------------------------------------------
[2026-10-05T08:07:16.644Z] [INFO] Running com.college.attendance.config.CurrentUserTest
[2026-10-05T08:07:16.895Z] 08:07:16.637 [main] INFO org.springframework.test.context.support.AnnotationConfigContextLoaderUtils -- Could not detect default configuration classes for test class [com.college.attendance.config.CurrentUserTest]: CurrentUserTest does not declare any static, non-private, non-final, nested classes annotated with @Configuration.
[2026-10-05T08:07:17.145Z] 08:07:16.830 [main] INFO org.springframework.boot.test.context.SpringBootTestContextBootstrapper -- Found @SpringBootConfiguration com.college.attendance.AttendancePortalApplication for test class com.college.attendance.config.CurrentUserTest
[2026-10-05T08:07:17.705Z] 
[2026-10-05T08:07:17.705Z]   .   ____          _            __ _ _
[2026-10-05T08:07:17.705Z]  /\\ / ___'_ __ _ _(_)_ __  __ _ \ \ \ \
[2026-10-05T08:07:17.705Z] ( ( )\___ | '_ | '_| | '_ \/ _` | \ \ \ \
[2026-10-05T08:07:17.705Z]  \\/  ___)| |_)| | | | | || (_| |  ) ) ) )
[2026-10-05T08:07:17.705Z]   '  |____| .__|_| |_|_| |_\__, | / / / /
[2026-10-05T08:07:17.705Z]  =========|_|==============|___/=/_/_/_/
[2026-10-05T08:07:17.705Z] 
[2026-10-05T08:07:17.705Z]  :: Spring Boot ::               (v3.5.16)
[2026-10-05T08:07:17.705Z] 
[2026-10-05T08:07:17.955Z] 2026-10-05T08:07:17.719Z  INFO 11602 --- [attendance-portal] [           main] c.c.attendance.config.CurrentUserTest    : Starting CurrentUserTest using Java 21.0.12.1 with PID 11602 (started by root in /var/jenkins_home/jobs/attendance-portal-pipeline/workspace/app)
[2026-10-05T08:07:17.955Z] 2026-10-05T08:07:17.721Z  INFO 11602 --- [attendance-portal] [           main] c.c.attendance.config.CurrentUserTest    : The following 1 profile is active: "test"
[2026-10-05T08:07:19.817Z] 2026-10-05T08:07:19.383Z  INFO 11602 --- [attendance-portal] [           main] .s.d.r.c.RepositoryConfigurationDelegate : Bootstrapping Spring Data JPA repositories in DEFAULT mode.
[2026-10-05T08:07:19.817Z] 2026-10-05T08:07:19.478Z  INFO 11602 --- [attendance-portal] [           main] .s.d.r.c.RepositoryConfigurationDelegate : Finished Spring Data repository scanning in 80 ms. Found 3 JPA repository interfaces.
[2026-10-05T08:07:20.368Z] 2026-10-05T08:07:20.275Z  INFO 11602 --- [attendance-portal] [           main] o.hibernate.jpa.internal.util.LogHelper  : HHH000204: Processing PersistenceUnitInfo [name: default]
[2026-10-05T08:07:20.619Z] 2026-10-05T08:07:20.354Z  INFO 11602 --- [attendance-portal] [           main] org.hibernate.Version                    : HHH000412: Hibernate ORM core version 6.6.53.Final
[2026-10-05T08:07:20.619Z] 2026-10-05T08:07:20.410Z  INFO 11602 --- [attendance-portal] [           main] o.h.c.internal.RegionFactoryInitiator    : HHH000026: Second-level cache disabled
[2026-10-05T08:07:21.170Z] 2026-10-05T08:07:20.857Z  INFO 11602 --- [attendance-portal] [           main] o.s.o.j.p.SpringPersistenceUnitInfo      : No LoadTimeWeaver setup: ignoring JPA class transformer
[2026-10-05T08:07:21.170Z] 2026-10-05T08:07:20.918Z  INFO 11602 --- [attendance-portal] [           main] com.zaxxer.hikari.HikariDataSource       : HikariPool-1 - Starting...
[2026-10-05T08:07:21.420Z] 2026-10-05T08:07:21.344Z  INFO 11602 --- [attendance-portal] [           main] com.zaxxer.hikari.pool.HikariPool        : HikariPool-1 - Added connection conn0: url=jdbc:h2:mem:attendance-test user=SA
[2026-10-05T08:07:21.420Z] 2026-10-05T08:07:21.347Z  INFO 11602 --- [attendance-portal] [           main] com.zaxxer.hikari.HikariDataSource       : HikariPool-1 - Start completed.
[2026-10-05T08:07:21.671Z] 2026-10-05T08:07:21.455Z  INFO 11602 --- [attendance-portal] [           main] org.hibernate.orm.connections.pooling    : HHH10001005: Database info:
[2026-10-05T08:07:21.671Z] 	Database JDBC URL [Connecting through datasource 'HikariDataSource (HikariPool-1)']
[2026-10-05T08:07:21.671Z] 	Database driver: undefined/unknown
[2026-10-05T08:07:21.671Z] 	Database version: 2.3.232
[2026-10-05T08:07:21.671Z] 	Autocommit mode: undefined/unknown
[2026-10-05T08:07:21.671Z] 	Isolation level: undefined/unknown
[2026-10-05T08:07:21.671Z] 	Minimum pool size: undefined/unknown
[2026-10-05T08:07:21.671Z] 	Maximum pool size: undefined/unknown
[2026-10-05T08:07:23.015Z] 2026-10-05T08:07:22.764Z  INFO 11602 --- [attendance-portal] [           main] o.h.e.t.j.p.i.JtaPlatformInitiator       : HHH000489: No JTA platform available (set 'hibernate.transaction.jta.platform' to enable JTA platform integration)
[2026-10-05T08:07:23.015Z] 2026-10-05T08:07:22.856Z  INFO 11602 --- [attendance-portal] [           main] j.LocalContainerEntityManagerFactoryBean : Initialized JPA EntityManagerFactory for persistence unit 'default'
[2026-10-05T08:07:23.566Z] 2026-10-05T08:07:23.422Z  INFO 11602 --- [attendance-portal] [           main] o.s.d.j.r.query.QueryEnhancerFactory     : Hibernate is in classpath; If applicable, HQL parser will be used.
[2026-10-05T08:07:24.117Z] 2026-10-05T08:07:23.986Z  INFO 11602 --- [attendance-portal] [           main] c.college.attendance.config.DataSeeder   : Seeding disabled (attendance.seed-data=false)
[2026-10-05T08:07:24.369Z] 2026-10-05T08:07:24.211Z  INFO 11602 --- [attendance-portal] [           main] r$InitializeUserDetailsManagerConfigurer : Global AuthenticationManager configured with UserDetailsService bean with name databaseUserDetailsService
[2026-10-05T08:07:24.920Z] 2026-10-05T08:07:24.742Z  INFO 11602 --- [attendance-portal] [           main] o.s.b.a.e.web.EndpointLinksResolver      : Exposing 2 endpoints beneath base path '/actuator'
[2026-10-05T08:07:25.831Z] 2026-10-05T08:07:25.490Z  INFO 11602 --- [attendance-portal] [           main] c.c.attendance.config.CurrentUserTest    : Started CurrentUserTest in 8.398 seconds (process running for 10.31)
[2026-10-05T08:07:25.831Z] Mockito is currently self-attaching to enable the inline-mock-maker. This will no longer work in future releases of the JDK. Please add Mockito as an agent to your build as described in Mockito's documentation: https://javadoc.io/doc/org.mockito/mockito-core/latest/org.mockito/org/mockito/Mockito.html#0.3
[2026-10-05T08:07:26.082Z] WARNING: A Java agent has been loaded dynamically (/root/.m2/repository/net/bytebuddy/byte-buddy-agent/1.17.8/byte-buddy-agent-1.17.8.jar)
[2026-10-05T08:07:26.082Z] WARNING: If a serviceability tool is in use, please run with -XX:+EnableDynamicAgentLoading to hide this warning
[2026-10-05T08:07:26.082Z] WARNING: If a serviceability tool is not in use, please run with -Djdk.instrument.traceUsage for more information
[2026-10-05T08:07:26.082Z] WARNING: Dynamic loading of agents will be disallowed by default in a future release
[2026-10-05T08:07:26.994Z] [INFO] Tests run: 5, Failures: 0, Errors: 0, Skipped: 0, Time elapsed: 10.34 s -- in com.college.attendance.config.CurrentUserTest
[2026-10-05T08:07:26.994Z] [INFO] Running com.college.attendance.repository.AttendanceRecordRepositoryTest
[2026-10-05T08:07:26.994Z] 2026-10-05T08:07:26.677Z  INFO 11602 --- [attendance-portal] [           main] t.c.s.AnnotationConfigContextLoaderUtils : Could not detect default configuration classes for test class [com.college.attendance.repository.AttendanceRecordRepositoryTest]: AttendanceRecordRepositoryTest does not declare any static, non-private, non-final, nested classes annotated with @Configuration.
[2026-10-05T08:07:26.994Z] 2026-10-05T08:07:26.705Z  INFO 11602 --- [attendance-portal] [           main] .b.t.c.SpringBootTestContextBootstrapper : Found @SpringBootConfiguration com.college.attendance.AttendancePortalApplication for test class com.college.attendance.repository.AttendanceRecordRepositoryTest
[2026-10-05T08:07:26.994Z] 
[2026-10-05T08:07:26.994Z]   .   ____          _            __ _ _
[2026-10-05T08:07:26.994Z]  /\\ / ___'_ __ _ _(_)_ __  __ _ \ \ \ \
[2026-10-05T08:07:26.994Z] ( ( )\___ | '_ | '_| | '_ \/ _` | \ \ \ \
[2026-10-05T08:07:26.994Z]  \\/  ___)| |_)| | | | | || (_| |  ) ) ) )
[2026-10-05T08:07:26.994Z]   '  |____| .__|_| |_|_| |_\__, | / / / /
[2026-10-05T08:07:26.994Z]  =========|_|==============|___/=/_/_/_/
[2026-10-05T08:07:26.994Z] 
[2026-10-05T08:07:26.994Z]  :: Spring Boot ::               (v3.5.16)
[2026-10-05T08:07:26.994Z] 
[2026-10-05T08:07:26.994Z] 2026-10-05T08:07:26.761Z  INFO 11602 --- [attendance-portal] [           main] c.c.a.r.AttendanceRecordRepositoryTest   : Starting AttendanceRecordRepositoryTest using Java 21.0.12.1 with PID 11602 (started by root in /var/jenkins_home/jobs/attendance-portal-pipeline/workspace/app)
[2026-10-05T08:07:26.994Z] 2026-10-05T08:07:26.762Z  INFO 11602 --- [attendance-portal] [           main] c.c.a.r.AttendanceRecordRepositoryTest   : The following 1 profile is active: "test"
[2026-10-05T08:07:26.994Z] 2026-10-05T08:07:26.878Z  INFO 11602 --- [attendance-portal] [           main] .s.d.r.c.RepositoryConfigurationDelegate : Bootstrapping Spring Data JPA repositories in DEFAULT mode.
[2026-10-05T08:07:26.994Z] 2026-10-05T08:07:26.890Z  INFO 11602 --- [attendance-portal] [           main] .s.d.r.c.RepositoryConfigurationDelegate : Finished Spring Data repository scanning in 10 ms. Found 3 JPA repository interfaces.
[2026-10-05T08:07:26.994Z] 2026-10-05T08:07:26.910Z  INFO 11602 --- [attendance-portal] [           main] beddedDataSourceBeanFactoryPostProcessor : Replacing 'dataSource' DataSource bean with embedded version
[2026-10-05T08:07:26.994Z] 2026-10-05T08:07:26.938Z  INFO 11602 --- [attendance-portal] [           main] o.s.j.d.e.EmbeddedDatabaseFactory        : Starting embedded database: url='jdbc:h2:mem:ec81c19a-0bc4-45e1-90c0-dcc875114484;DB_CLOSE_DELAY=-1;DB_CLOSE_ON_EXIT=false', username='sa'
[2026-10-05T08:07:26.994Z] 2026-10-05T08:07:26.955Z  INFO 11602 --- [attendance-portal] [           main] o.hibernate.jpa.internal.util.LogHelper  : HHH000204: Processing PersistenceUnitInfo [name: default]
[2026-10-05T08:07:26.994Z] 2026-10-05T08:07:26.957Z  INFO 11602 --- [attendance-portal] [           main] o.h.c.internal.RegionFactoryInitiator    : HHH000026: Second-level cache disabled
[2026-10-05T08:07:26.994Z] 2026-10-05T08:07:26.962Z  INFO 11602 --- [attendance-portal] [           main] o.s.o.j.p.SpringPersistenceUnitInfo      : No LoadTimeWeaver setup: ignoring JPA class transformer
[2026-10-05T08:07:26.994Z] 2026-10-05T08:07:26.964Z  INFO 11602 --- [attendance-portal] [           main] org.hibernate.orm.connections.pooling    : HHH10001005: Database info:
[2026-10-05T08:07:26.994Z] 	Database JDBC URL [Connecting through datasource 'org.springframework.jdbc.datasource.embedded.EmbeddedDatabaseFactory$EmbeddedDataSourceProxy@110b973d']
[2026-10-05T08:07:26.994Z] 	Database driver: undefined/unknown
[2026-10-05T08:07:26.994Z] 	Database version: 2.3.232
[2026-10-05T08:07:26.994Z] 	Autocommit mode: undefined/unknown
[2026-10-05T08:07:26.994Z] 	Isolation level: undefined/unknown
[2026-10-05T08:07:26.994Z] 	Minimum pool size: undefined/unknown
[2026-10-05T08:07:26.994Z] 	Maximum pool size: undefined/unknown
[2026-10-05T08:07:27.246Z] 2026-10-05T08:07:27.002Z  INFO 11602 --- [attendance-portal] [           main] o.h.e.t.j.p.i.JtaPlatformInitiator       : HHH000489: No JTA platform available (set 'hibernate.transaction.jta.platform' to enable JTA platform integration)
[2026-10-05T08:07:27.246Z] Hibernate: drop table if exists app_user cascade 
[2026-10-05T08:07:27.246Z] Hibernate: drop table if exists attendance_record cascade 
[2026-10-05T08:07:27.246Z] Hibernate: drop table if exists student cascade 
[2026-10-05T08:07:27.246Z] Hibernate: create table app_user (enabled boolean not null, id bigint generated by default as identity, linked_roll_number varchar(32), username varchar(64) not null unique, password_hash varchar(100) not null, display_name varchar(120) not null, role enum ('ADMIN','FACULTY','HOD','STUDENT') not null, primary key (id))
[2026-10-05T08:07:27.246Z] Hibernate: create table attendance_record (period_number integer not null, session_date date not null, created_at timestamp(6) with time zone not null, id bigint generated by default as identity, reviewed_at timestamp(6) with time zone, student_id bigint not null, updated_at timestamp(6) with time zone, subject_code varchar(16) not null, marked_by varchar(64) not null, reviewed_by varchar(64), remarks varchar(500), review_comment varchar(500), attendance_status enum ('ABSENT','EXCUSED','LATE','PRESENT') not null, workflow_status enum ('APPROVED','DRAFT','REJECTED','SUBMITTED') not null, primary key (id), constraint uk_attendance_student_subject_date_period unique (student_id, subject_code, session_date, period_number))
[2026-10-05T08:07:27.246Z] Hibernate: create table student (active boolean not null, semester integer not null check ((semester>=1) and (semester<=8)), id bigint generated by default as identity, roll_number varchar(32) not null unique, department varchar(80) not null, full_name varchar(120) not null, email varchar(160), primary key (id))
[2026-10-05T08:07:27.246Z] Hibernate: create index idx_attendance_session_date on attendance_record (session_date)
[2026-10-05T08:07:27.246Z] Hibernate: create index idx_attendance_workflow_status on attendance_record (workflow_status)
[2026-10-05T08:07:27.246Z] Hibernate: create index idx_attendance_subject_code on attendance_record (subject_code)
[2026-10-05T08:07:27.246Z] Hibernate: alter table if exists attendance_record add constraint FK9p10lf3n7tcuouo29ery5obq6 foreign key (student_id) references student
[2026-10-05T08:07:27.246Z] 2026-10-05T08:07:27.013Z  INFO 11602 --- [attendance-portal] [           main] j.LocalContainerEntityManagerFactoryBean : Initialized JPA EntityManagerFactory for persistence unit 'default'
[2026-10-05T08:07:27.246Z] 2026-10-05T08:07:27.073Z  INFO 11602 --- [attendance-portal] [           main] c.c.a.r.AttendanceRecordRepositoryTest   : Started AttendanceRecordRepositoryTest in 0.362 seconds (process running for 11.892)
[2026-10-05T08:07:27.246Z] Hibernate: insert into student (active,department,email,full_name,roll_number,semester,id) values (?,?,?,?,?,?,default)
[2026-10-05T08:07:27.246Z] Hibernate: insert into attendance_record (attendance_status,created_at,marked_by,period_number,remarks,review_comment,reviewed_at,reviewed_by,session_date,student_id,subject_code,updated_at,workflow_status,id) values (?,?,?,?,?,?,?,?,?,?,?,?,?,default)
[2026-10-05T08:07:27.246Z] Hibernate: select ar1_0.id from attendance_record ar1_0 join student s1_0 on s1_0.id=ar1_0.student_id where s1_0.roll_number=? and ar1_0.subject_code=? and ar1_0.session_date=? and ar1_0.period_number=? fetch first ? rows only
[2026-10-05T08:07:27.246Z] Hibernate: select ar1_0.id from attendance_record ar1_0 join student s1_0 on s1_0.id=ar1_0.student_id where s1_0.roll_number=? and ar1_0.subject_code=? and ar1_0.session_date=? and ar1_0.period_number=? fetch first ? rows only
[2026-10-05T08:07:27.246Z] Hibernate: insert into student (active,department,email,full_name,roll_number,semester,id) values (?,?,?,?,?,?,default)
[2026-10-05T08:07:27.246Z] Hibernate: insert into attendance_record (attendance_status,created_at,marked_by,period_number,remarks,review_comment,reviewed_at,reviewed_by,session_date,student_id,subject_code,updated_at,workflow_status,id) values (?,?,?,?,?,?,?,?,?,?,?,?,?,default)
[2026-10-05T08:07:27.246Z] Hibernate: insert into attendance_record (attendance_status,created_at,marked_by,period_number,remarks,review_comment,reviewed_at,reviewed_by,session_date,student_id,subject_code,updated_at,workflow_status,id) values (?,?,?,?,?,?,?,?,?,?,?,?,?,default)
[2026-10-05T08:07:27.246Z] 2026-10-05T08:07:27.160Z  WARN 11602 --- [attendance-portal] [           main] o.h.engine.jdbc.spi.SqlExceptionHelper   : SQL Error: 23505, SQLState: 23505
[2026-10-05T08:07:27.246Z] 2026-10-05T08:07:27.161Z ERROR 11602 --- [attendance-portal] [           main] o.h.engine.jdbc.spi.SqlExceptionHelper   : Unique index or primary key violation: "PUBLIC.UK_ATTENDANCE_STUDENT_SUBJECT_DATE_PERIOD_INDEX_C ON PUBLIC.ATTENDANCE_RECORD(STUDENT_ID NULLS FIRST, SUBJECT_CODE NULLS FIRST, SESSION_DATE NULLS FIRST, PERIOD_NUMBER NULLS FIRST) VALUES ( /* key:2 */ CAST(2 AS BIGINT), 'CS501', DATE '2026-10-04', 1)"; SQL statement:
[2026-10-05T08:07:27.246Z] insert into attendance_record (attendance_status,created_at,marked_by,period_number,remarks,review_comment,reviewed_at,reviewed_by,session_date,student_id,subject_code,updated_at,workflow_status,id) values (?,?,?,?,?,?,?,?,?,?,?,?,?,default) [23505-232]
[2026-10-05T08:07:27.246Z] Hibernate: insert into student (active,department,email,full_name,roll_number,semester,id) values (?,?,?,?,?,?,default)
[2026-10-05T08:07:27.246Z] Hibernate: insert into attendance_record (attendance_status,created_at,marked_by,period_number,remarks,review_comment,reviewed_at,reviewed_by,session_date,student_id,subject_code,updated_at,workflow_status,id) values (?,?,?,?,?,?,?,?,?,?,?,?,?,default)
[2026-10-05T08:07:27.246Z] Hibernate: insert into attendance_record (attendance_status,created_at,marked_by,period_number,remarks,review_comment,reviewed_at,reviewed_by,session_date,student_id,subject_code,updated_at,workflow_status,id) values (?,?,?,?,?,?,?,?,?,?,?,?,?,default)
[2026-10-05T08:07:27.246Z] Hibernate: insert into attendance_record (attendance_status,created_at,marked_by,period_number,remarks,review_comment,reviewed_at,reviewed_by,session_date,student_id,subject_code,updated_at,workflow_status,id) values (?,?,?,?,?,?,?,?,?,?,?,?,?,default)
[2026-10-05T08:07:27.246Z] Hibernate: select distinct ar1_0.subject_code from attendance_record ar1_0 order by ar1_0.subject_code
[2026-10-05T08:07:27.246Z] Hibernate: insert into student (active,department,email,full_name,roll_number,semester,id) values (?,?,?,?,?,?,default)
[2026-10-05T08:07:27.246Z] Hibernate: insert into attendance_record (attendance_status,created_at,marked_by,period_number,remarks,review_comment,reviewed_at,reviewed_by,session_date,student_id,subject_code,updated_at,workflow_status,id) values (?,?,?,?,?,?,?,?,?,?,?,?,?,default)
[2026-10-05T08:07:27.246Z] Hibernate: insert into attendance_record (attendance_status,created_at,marked_by,period_number,remarks,review_comment,reviewed_at,reviewed_by,session_date,student_id,subject_code,updated_at,workflow_status,id) values (?,?,?,?,?,?,?,?,?,?,?,?,?,default)
[2026-10-05T08:07:27.246Z] Hibernate: insert into attendance_record (attendance_status,created_at,marked_by,period_number,remarks,review_comment,reviewed_at,reviewed_by,session_date,student_id,subject_code,updated_at,workflow_status,id) values (?,?,?,?,?,?,?,?,?,?,?,?,?,default)
[2026-10-05T08:07:27.246Z] Hibernate: select ar1_0.id,ar1_0.attendance_status,ar1_0.created_at,ar1_0.marked_by,ar1_0.period_number,ar1_0.remarks,ar1_0.review_comment,ar1_0.reviewed_at,ar1_0.reviewed_by,ar1_0.session_date,ar1_0.student_id,ar1_0.subject_code,ar1_0.updated_at,ar1_0.workflow_status from attendance_record ar1_0 order by ar1_0.session_date desc,ar1_0.period_number fetch first ? rows only
[2026-10-05T08:07:27.497Z] Hibernate: insert into student (active,department,email,full_name,roll_number,semester,id) values (?,?,?,?,?,?,default)
[2026-10-05T08:07:27.497Z] Hibernate: insert into attendance_record (attendance_status,created_at,marked_by,period_number,remarks,review_comment,reviewed_at,reviewed_by,session_date,student_id,subject_code,updated_at,workflow_status,id) values (?,?,?,?,?,?,?,?,?,?,?,?,?,default)
[2026-10-05T08:07:27.497Z] Hibernate: insert into attendance_record (attendance_status,created_at,marked_by,period_number,remarks,review_comment,reviewed_at,reviewed_by,session_date,student_id,subject_code,updated_at,workflow_status,id) values (?,?,?,?,?,?,?,?,?,?,?,?,?,default)
[2026-10-05T08:07:27.497Z] Hibernate: insert into attendance_record (attendance_status,created_at,marked_by,period_number,remarks,review_comment,reviewed_at,reviewed_by,session_date,student_id,subject_code,updated_at,workflow_status,id) values (?,?,?,?,?,?,?,?,?,?,?,?,?,default)
[2026-10-05T08:07:27.497Z] Hibernate: select ar1_0.id,ar1_0.attendance_status,ar1_0.created_at,ar1_0.marked_by,ar1_0.period_number,ar1_0.remarks,ar1_0.review_comment,ar1_0.reviewed_at,ar1_0.reviewed_by,ar1_0.session_date,ar1_0.student_id,ar1_0.subject_code,ar1_0.updated_at,ar1_0.workflow_status from attendance_record ar1_0 order by ar1_0.session_date desc,ar1_0.period_number fetch first ? rows only
[2026-10-05T08:07:27.497Z] [INFO] Tests run: 5, Failures: 0, Errors: 0, Skipped: 0, Time elapsed: 0.601 s -- in com.college.attendance.repository.AttendanceRecordRepositoryTest
[2026-10-05T08:07:27.497Z] [INFO] Running com.college.attendance.AttendancePortalApplicationTests
[2026-10-05T08:07:27.497Z] 2026-10-05T08:07:27.277Z  INFO 11602 --- [attendance-portal] [           main] t.c.s.AnnotationConfigContextLoaderUtils : Could not detect default configuration classes for test class [com.college.attendance.AttendancePortalApplicationTests]: AttendancePortalApplicationTests does not declare any static, non-private, non-final, nested classes annotated with @Configuration.
[2026-10-05T08:07:27.497Z] 2026-10-05T08:07:27.282Z  INFO 11602 --- [attendance-portal] [           main] .b.t.c.SpringBootTestContextBootstrapper : Found @SpringBootConfiguration com.college.attendance.AttendancePortalApplication for test class com.college.attendance.AttendancePortalApplicationTests
[2026-10-05T08:07:27.497Z] [INFO] Tests run: 1, Failures: 0, Errors: 0, Skipped: 0, Time elapsed: 0.023 s -- in com.college.attendance.AttendancePortalApplicationTests
[2026-10-05T08:07:27.497Z] [INFO] Running com.college.attendance.web.AttendanceSecurityTest
[2026-10-05T08:07:27.497Z] 2026-10-05T08:07:27.304Z  INFO 11602 --- [attendance-portal] [           main] t.c.s.AnnotationConfigContextLoaderUtils : Could not detect default configuration classes for test class [com.college.attendance.web.AttendanceSecurityTest]: AttendanceSecurityTest does not declare any static, non-private, non-final, nested classes annotated with @Configuration.
[2026-10-05T08:07:27.497Z] 2026-10-05T08:07:27.311Z  INFO 11602 --- [attendance-portal] [           main] .b.t.c.SpringBootTestContextBootstrapper : Found @SpringBootConfiguration com.college.attendance.AttendancePortalApplication for test class com.college.attendance.web.AttendanceSecurityTest
[2026-10-05T08:07:27.497Z] 
[2026-10-05T08:07:27.497Z]   .   ____          _            __ _ _
[2026-10-05T08:07:27.497Z]  /\\ / ___'_ __ _ _(_)_ __  __ _ \ \ \ \
[2026-10-05T08:07:27.497Z] ( ( )\___ | '_ | '_| | '_ \/ _` | \ \ \ \
[2026-10-05T08:07:27.497Z]  \\/  ___)| |_)| | | | | || (_| |  ) ) ) )
[2026-10-05T08:07:27.497Z]   '  |____| .__|_| |_|_| |_\__, | / / / /
[2026-10-05T08:07:27.497Z]  =========|_|==============|___/=/_/_/_/
[2026-10-05T08:07:27.497Z] 
[2026-10-05T08:07:27.497Z]  :: Spring Boot ::               (v3.5.16)
[2026-10-05T08:07:27.497Z] 
[2026-10-05T08:07:27.497Z] 2026-10-05T08:07:27.355Z  INFO 11602 --- [attendance-portal] [           main] c.c.a.web.AttendanceSecurityTest         : Starting AttendanceSecurityTest using Java 21.0.12.1 with PID 11602 (started by root in /var/jenkins_home/jobs/attendance-portal-pipeline/workspace/app)
[2026-10-05T08:07:27.497Z] 2026-10-05T08:07:27.356Z  INFO 11602 --- [attendance-portal] [           main] c.c.a.web.AttendanceSecurityTest         : The following 1 profile is active: "test"
[2026-10-05T08:07:27.747Z] 2026-10-05T08:07:27.570Z  INFO 11602 --- [attendance-portal] [           main] .s.d.r.c.RepositoryConfigurationDelegate : Bootstrapping Spring Data JPA repositories in DEFAULT mode.
[2026-10-05T08:07:27.747Z] 2026-10-05T08:07:27.578Z  INFO 11602 --- [attendance-portal] [           main] .s.d.r.c.RepositoryConfigurationDelegate : Finished Spring Data repository scanning in 6 ms. Found 3 JPA repository interfaces.
[2026-10-05T08:07:27.747Z] 2026-10-05T08:07:27.684Z  INFO 11602 --- [attendance-portal] [           main] o.hibernate.jpa.internal.util.LogHelper  : HHH000204: Processing PersistenceUnitInfo [name: default]
[2026-10-05T08:07:27.748Z] 2026-10-05T08:07:27.686Z  INFO 11602 --- [attendance-portal] [           main] o.h.c.internal.RegionFactoryInitiator    : HHH000026: Second-level cache disabled
[2026-10-05T08:07:28.000Z] 2026-10-05T08:07:27.692Z  INFO 11602 --- [attendance-portal] [           main] o.s.o.j.p.SpringPersistenceUnitInfo      : No LoadTimeWeaver setup: ignoring JPA class transformer
[2026-10-05T08:07:28.000Z] 2026-10-05T08:07:27.696Z  INFO 11602 --- [attendance-portal] [           main] com.zaxxer.hikari.HikariDataSource       : HikariPool-2 - Starting...
[2026-10-05T08:07:28.000Z] 2026-10-05T08:07:27.698Z  INFO 11602 --- [attendance-portal] [           main] com.zaxxer.hikari.pool.HikariPool        : HikariPool-2 - Added connection conn19: url=jdbc:h2:mem:attendance-test user=SA
[2026-10-05T08:07:28.000Z] 2026-10-05T08:07:27.699Z  INFO 11602 --- [attendance-portal] [           main] com.zaxxer.hikari.HikariDataSource       : HikariPool-2 - Start completed.
[2026-10-05T08:07:28.000Z] 2026-10-05T08:07:27.700Z  INFO 11602 --- [attendance-portal] [           main] org.hibernate.orm.connections.pooling    : HHH10001005: Database info:
[2026-10-05T08:07:28.000Z] 	Database JDBC URL [Connecting through datasource 'HikariDataSource (HikariPool-2)']
[2026-10-05T08:07:28.000Z] 	Database driver: undefined/unknown
[2026-10-05T08:07:28.000Z] 	Database version: 2.3.232
[2026-10-05T08:07:28.000Z] 	Autocommit mode: undefined/unknown
[2026-10-05T08:07:28.000Z] 	Isolation level: undefined/unknown
[2026-10-05T08:07:28.000Z] 	Minimum pool size: undefined/unknown
[2026-10-05T08:07:28.000Z] 	Maximum pool size: undefined/unknown
[2026-10-05T08:07:28.000Z] 2026-10-05T08:07:27.743Z  INFO 11602 --- [attendance-portal] [           main] o.h.e.t.j.p.i.JtaPlatformInitiator       : HHH000489: No JTA platform available (set 'hibernate.transaction.jta.platform' to enable JTA platform integration)
[2026-10-05T08:07:28.000Z] 2026-10-05T08:07:27.764Z  INFO 11602 --- [attendance-portal] [           main] j.LocalContainerEntityManagerFactoryBean : Initialized JPA EntityManagerFactory for persistence unit 'default'
[2026-10-05T08:07:28.000Z] 2026-10-05T08:07:27.856Z  INFO 11602 --- [attendance-portal] [           main] c.college.attendance.config.DataSeeder   : Seeding disabled (attendance.seed-data=false)
[2026-10-05T08:07:28.253Z] 2026-10-05T08:07:27.913Z  INFO 11602 --- [attendance-portal] [           main] r$InitializeUserDetailsManagerConfigurer : Global AuthenticationManager configured with UserDetailsService bean with name databaseUserDetailsService
[2026-10-05T08:07:28.253Z] 2026-10-05T08:07:28.044Z  INFO 11602 --- [attendance-portal] [           main] o.s.b.a.e.web.EndpointLinksResolver      : Exposing 2 endpoints beneath base path '/actuator'
[2026-10-05T08:07:28.503Z] 2026-10-05T08:07:28.271Z  INFO 11602 --- [attendance-portal] [           main] o.s.b.t.m.w.SpringBootMockServletContext : Initializing Spring TestDispatcherServlet ''
[2026-10-05T08:07:28.503Z] 2026-10-05T08:07:28.271Z  INFO 11602 --- [attendance-portal] [           main] o.s.t.web.servlet.TestDispatcherServlet  : Initializing Servlet ''
[2026-10-05T08:07:28.503Z] 2026-10-05T08:07:28.273Z  INFO 11602 --- [attendance-portal] [           main] o.s.t.web.servlet.TestDispatcherServlet  : Completed initialization in 2 ms
[2026-10-05T08:07:28.503Z] 2026-10-05T08:07:28.303Z  INFO 11602 --- [attendance-portal] [           main] c.c.a.web.AttendanceSecurityTest         : Started AttendanceSecurityTest in 0.988 seconds (process running for 13.122)
[2026-10-05T08:07:31.732Z] [INFO] Tests run: 8, Failures: 0, Errors: 0, Skipped: 0, Time elapsed: 3.834 s -- in com.college.attendance.web.AttendanceSecurityTest
[2026-10-05T08:07:31.733Z] [INFO] Running com.college.attendance.service.WorkflowServiceTest
[2026-10-05T08:07:31.733Z] 2026-10-05T08:07:31.139Z  INFO 11602 --- [attendance-portal] [           main] t.c.s.AnnotationConfigContextLoaderUtils : Could not detect default configuration classes for test class [com.college.attendance.service.WorkflowServiceTest]: WorkflowServiceTest does not declare any static, non-private, non-final, nested classes annotated with @Configuration.
[2026-10-05T08:07:31.733Z] 2026-10-05T08:07:31.146Z  INFO 11602 --- [attendance-portal] [           main] .b.t.c.SpringBootTestContextBootstrapper : Found @SpringBootConfiguration com.college.attendance.AttendancePortalApplication for test class com.college.attendance.service.WorkflowServiceTest
[2026-10-05T08:07:31.733Z] 2026-10-05T08:07:31.180Z  INFO 11602 --- [attendance-portal] [           main] c.c.a.service.AttendanceService          : Created attendance record 1 for 1CS21CS001 in CS501 on 2026-10-04 period 1 by faculty1
[2026-10-05T08:07:31.733Z] 2026-10-05T08:07:31.187Z  INFO 11602 --- [attendance-portal] [           main] c.c.a.service.AttendanceService          : Created attendance record 2 for 1CS21CS001 in CS501 on 2026-10-04 period 2 by faculty1
[2026-10-05T08:07:31.733Z] 2026-10-05T08:07:31.206Z  INFO 11602 --- [attendance-portal] [           main] c.c.attendance.service.WorkflowService   : Record 2 moved DRAFT -> SUBMITTED by faculty1
[2026-10-05T08:07:31.733Z] [INFO] Running After a rejection
[2026-10-05T08:07:31.733Z] 2026-10-05T08:07:31.243Z  INFO 11602 --- [attendance-portal] [           main] t.c.s.AnnotationConfigContextLoaderUtils : Could not detect default configuration classes for test class [com.college.attendance.service.WorkflowServiceTest$AfterRejection]: AfterRejection does not declare any static, non-private, non-final, nested classes annotated with @Configuration.
[2026-10-05T08:07:31.733Z] 2026-10-05T08:07:31.244Z  INFO 11602 --- [attendance-portal] [           main] .b.t.c.SpringBootTestContextBootstrapper : Found @SpringBootConfiguration com.college.attendance.AttendancePortalApplication for test class com.college.attendance.service.WorkflowServiceTest$AfterRejection
[2026-10-05T08:07:31.733Z] 2026-10-05T08:07:31.269Z  INFO 11602 --- [attendance-portal] [           main] c.c.a.service.AttendanceService          : Created attendance record 3 for 1CS21CS001 in CS501 on 2026-10-04 period 1 by faculty1
[2026-10-05T08:07:31.733Z] 2026-10-05T08:07:31.275Z  INFO 11602 --- [attendance-portal] [           main] c.c.attendance.service.WorkflowService   : Record 3 moved DRAFT -> SUBMITTED by faculty1
[2026-10-05T08:07:31.733Z] 2026-10-05T08:07:31.278Z  INFO 11602 --- [attendance-portal] [           main] c.c.attendance.service.WorkflowService   : Record 3 moved SUBMITTED -> REJECTED by hod1 (Wrong period)
[2026-10-05T08:07:31.733Z] 2026-10-05T08:07:31.284Z  INFO 11602 --- [attendance-portal] [           main] c.c.attendance.service.WorkflowService   : Record 3 moved REJECTED -> SUBMITTED by faculty1
[2026-10-05T08:07:31.733Z] 2026-10-05T08:07:31.307Z  INFO 11602 --- [attendance-portal] [           main] c.c.a.service.AttendanceService          : Created attendance record 4 for 1CS21CS001 in CS501 on 2026-10-04 period 1 by faculty1
[2026-10-05T08:07:31.733Z] 2026-10-05T08:07:31.312Z  INFO 11602 --- [attendance-portal] [           main] c.c.attendance.service.WorkflowService   : Record 4 moved DRAFT -> SUBMITTED by faculty1
[2026-10-05T08:07:31.733Z] 2026-10-05T08:07:31.315Z  INFO 11602 --- [attendance-portal] [           main] c.c.attendance.service.WorkflowService   : Record 4 moved SUBMITTED -> REJECTED by hod1 (Wrong period)
[2026-10-05T08:07:31.733Z] 2026-10-05T08:07:31.327Z  INFO 11602 --- [attendance-portal] [           main] c.c.a.service.AttendanceService          : Updated attendance record 4 by faculty1 (author remains faculty1)
[2026-10-05T08:07:31.733Z] [INFO] Tests run: 3, Failures: 0, Errors: 0, Skipped: 0, Time elapsed: 0.092 s -- in After a rejection
[2026-10-05T08:07:31.733Z] [INFO] Running Reviewing a submitted record
[2026-10-05T08:07:31.733Z] 2026-10-05T08:07:31.334Z  INFO 11602 --- [attendance-portal] [           main] t.c.s.AnnotationConfigContextLoaderUtils : Could not detect default configuration classes for test class [com.college.attendance.service.WorkflowServiceTest$Reviewing]: Reviewing does not declare any static, non-private, non-final, nested classes annotated with @Configuration.
[2026-10-05T08:07:31.733Z] 2026-10-05T08:07:31.336Z  INFO 11602 --- [attendance-portal] [           main] .b.t.c.SpringBootTestContextBootstrapper : Found @SpringBootConfiguration com.college.attendance.AttendancePortalApplication for test class com.college.attendance.service.WorkflowServiceTest$Reviewing
[2026-10-05T08:07:31.733Z] 2026-10-05T08:07:31.359Z  INFO 11602 --- [attendance-portal] [           main] c.c.a.service.AttendanceService          : Created attendance record 5 for 1CS21CS001 in CS501 on 2026-10-04 period 1 by faculty1
[2026-10-05T08:07:31.733Z] 2026-10-05T08:07:31.364Z  INFO 11602 --- [attendance-portal] [           main] c.c.attendance.service.WorkflowService   : Record 5 moved DRAFT -> SUBMITTED by faculty1
[2026-10-05T08:07:31.733Z] 2026-10-05T08:07:31.367Z  INFO 11602 --- [attendance-portal] [           main] c.c.attendance.service.WorkflowService   : Record 5 moved SUBMITTED -> APPROVED by hod1
[2026-10-05T08:07:31.733Z] 2026-10-05T08:07:31.395Z  INFO 11602 --- [attendance-portal] [           main] c.c.a.service.AttendanceService          : Created attendance record 6 for 1CS21CS001 in CS501 on 2026-10-04 period 1 by faculty1
[2026-10-05T08:07:31.733Z] 2026-10-05T08:07:31.402Z  INFO 11602 --- [attendance-portal] [           main] c.c.attendance.service.WorkflowService   : Record 6 moved DRAFT -> SUBMITTED by faculty1
[2026-10-05T08:07:31.733Z] 2026-10-05T08:07:31.433Z  INFO 11602 --- [attendance-portal] [           main] c.c.a.service.AttendanceService          : Created attendance record 7 for 1CS21CS001 in CS501 on 2026-10-04 period 1 by faculty1
[2026-10-05T08:07:31.733Z] 2026-10-05T08:07:31.440Z  INFO 11602 --- [attendance-portal] [           main] c.c.attendance.service.WorkflowService   : Record 7 moved DRAFT -> SUBMITTED by faculty1
[2026-10-05T08:07:31.733Z] 2026-10-05T08:07:31.443Z  INFO 11602 --- [attendance-portal] [           main] c.c.attendance.service.WorkflowService   : Record 7 moved SUBMITTED -> APPROVED by hod1 (Cross-checked with the register)
[2026-10-05T08:07:31.733Z] 2026-10-05T08:07:31.477Z  INFO 11602 --- [attendance-portal] [           main] c.c.a.service.AttendanceService          : Created attendance record 8 for 1CS21CS001 in CS501 on 2026-10-04 period 1 by faculty1
[2026-10-05T08:07:31.733Z] 2026-10-05T08:07:31.483Z  INFO 11602 --- [attendance-portal] [           main] c.c.attendance.service.WorkflowService   : Record 8 moved DRAFT -> SUBMITTED by faculty1
[2026-10-05T08:07:31.733Z] 2026-10-05T08:07:31.486Z  INFO 11602 --- [attendance-portal] [           main] c.c.attendance.service.WorkflowService   : Record 8 moved SUBMITTED -> REJECTED by hod1 (Period number looks wrong)
[2026-10-05T08:07:31.733Z] 2026-10-05T08:07:31.513Z  INFO 11602 --- [attendance-portal] [           main] c.c.a.service.AttendanceService          : Created attendance record 9 for 1CS21CS001 in CS501 on 2026-10-04 period 1 by faculty1
[2026-10-05T08:07:31.733Z] 2026-10-05T08:07:31.546Z  INFO 11602 --- [attendance-portal] [           main] c.c.a.service.AttendanceService          : Created attendance record 10 for 1CS21CS001 in CS501 on 2026-10-04 period 1 by faculty1
[2026-10-05T08:07:31.733Z] 2026-10-05T08:07:31.555Z  INFO 11602 --- [attendance-portal] [           main] c.c.attendance.service.WorkflowService   : Record 10 moved DRAFT -> SUBMITTED by faculty1
[2026-10-05T08:07:31.733Z] 2026-10-05T08:07:31.587Z  INFO 11602 --- [attendance-portal] [           main] c.c.a.service.AttendanceService          : Created attendance record 11 for 1CS21CS001 in CS501 on 2026-10-04 period 1 by faculty1
[2026-10-05T08:07:31.733Z] 2026-10-05T08:07:31.593Z  INFO 11602 --- [attendance-portal] [           main] c.c.attendance.service.WorkflowService   : Record 11 moved DRAFT -> SUBMITTED by faculty1
[2026-10-05T08:07:31.733Z] 2026-10-05T08:07:31.596Z  INFO 11602 --- [attendance-portal] [           main] c.c.attendance.service.WorkflowService   : Record 11 moved SUBMITTED -> APPROVED by hod1
[2026-10-05T08:07:31.733Z] [INFO] Tests run: 7, Failures: 0, Errors: 0, Skipped: 0, Time elapsed: 0.267 s -- in Reviewing a submitted record
[2026-10-05T08:07:31.733Z] [INFO] Running Submitting a draft
[2026-10-05T08:07:31.733Z] 2026-10-05T08:07:31.603Z  INFO 11602 --- [attendance-portal] [           main] t.c.s.AnnotationConfigContextLoaderUtils : Could not detect default configuration classes for test class [com.college.attendance.service.WorkflowServiceTest$Submitting]: Submitting does not declare any static, non-private, non-final, nested classes annotated with @Configuration.
[2026-10-05T08:07:31.733Z] 2026-10-05T08:07:31.606Z  INFO 11602 --- [attendance-portal] [           main] .b.t.c.SpringBootTestContextBootstrapper : Found @SpringBootConfiguration com.college.attendance.AttendancePortalApplication for test class com.college.attendance.service.WorkflowServiceTest$Submitting
[2026-10-05T08:07:31.733Z] 2026-10-05T08:07:31.629Z  INFO 11602 --- [attendance-portal] [           main] c.c.a.service.AttendanceService          : Created attendance record 12 for 1CS21CS001 in CS501 on 2026-10-04 period 1 by faculty1
[2026-10-05T08:07:31.733Z] 2026-10-05T08:07:31.633Z  INFO 11602 --- [attendance-portal] [           main] c.c.attendance.service.WorkflowService   : Record 12 moved DRAFT -> SUBMITTED by faculty1
[2026-10-05T08:07:31.733Z] 2026-10-05T08:07:31.653Z  INFO 11602 --- [attendance-portal] [           main] c.c.a.service.AttendanceService          : Created attendance record 13 for 1CS21CS001 in CS501 on 2026-10-04 period 1 by faculty1
[2026-10-05T08:07:31.733Z] 2026-10-05T08:07:31.657Z  INFO 11602 --- [attendance-portal] [           main] c.c.attendance.service.WorkflowService   : Record 13 moved DRAFT -> SUBMITTED by faculty1
[2026-10-05T08:07:31.733Z] 2026-10-05T08:07:31.679Z  INFO 11602 --- [attendance-portal] [           main] c.c.a.service.AttendanceService          : Created attendance record 14 for 1CS21CS001 in CS501 on 2026-10-04 period 1 by faculty1
[2026-10-05T08:07:31.733Z] 2026-10-05T08:07:31.700Z  INFO 11602 --- [attendance-portal] [           main] c.c.a.service.AttendanceService          : Created attendance record 15 for 1CS21CS001 in CS501 on 2026-10-04 period 1 by faculty1
[2026-10-05T08:07:31.733Z] 2026-10-05T08:07:31.721Z  INFO 11602 --- [attendance-portal] [           main] c.c.a.service.AttendanceService          : Created attendance record 16 for 1CS21CS001 in CS501 on 2026-10-04 period 1 by faculty1
[2026-10-05T08:07:31.733Z] 2026-10-05T08:07:31.725Z  INFO 11602 --- [attendance-portal] [           main] c.c.attendance.service.WorkflowService   : Record 16 moved DRAFT -> SUBMITTED by faculty1
[2026-10-05T08:07:31.983Z] 2026-10-05T08:07:31.747Z  INFO 11602 --- [attendance-portal] [           main] c.c.a.service.AttendanceService          : Created attendance record 17 for 1CS21CS001 in CS501 on 2026-10-04 period 1 by faculty1
[2026-10-05T08:07:31.983Z] 2026-10-05T08:07:31.751Z  INFO 11602 --- [attendance-portal] [           main] c.c.attendance.service.WorkflowService   : Record 17 moved DRAFT -> SUBMITTED by admin1
[2026-10-05T08:07:31.983Z] [INFO] Tests run: 6, Failures: 0, Errors: 0, Skipped: 0, Time elapsed: 0.152 s -- in Submitting a draft
[2026-10-05T08:07:31.983Z] [INFO] Tests run: 0, Failures: 0, Errors: 0, Skipped: 0, Time elapsed: 0.617 s -- in com.college.attendance.service.WorkflowServiceTest
[2026-10-05T08:07:31.983Z] [INFO] Running com.college.attendance.service.DashboardServiceTest
[2026-10-05T08:07:31.983Z] 2026-10-05T08:07:31.756Z  INFO 11602 --- [attendance-portal] [           main] t.c.s.AnnotationConfigContextLoaderUtils : Could not detect default configuration classes for test class [com.college.attendance.service.DashboardServiceTest]: DashboardServiceTest does not declare any static, non-private, non-final, nested classes annotated with @Configuration.
[2026-10-05T08:07:31.984Z] 2026-10-05T08:07:31.757Z  INFO 11602 --- [attendance-portal] [           main] .b.t.c.SpringBootTestContextBootstrapper : Found @SpringBootConfiguration com.college.attendance.AttendancePortalApplication for test class com.college.attendance.service.DashboardServiceTest
[2026-10-05T08:07:32.234Z] [INFO] Tests run: 11, Failures: 0, Errors: 0, Skipped: 0, Time elapsed: 0.284 s -- in com.college.attendance.service.DashboardServiceTest
[2026-10-05T08:07:32.234Z] [INFO] Running com.college.attendance.service.AttendanceServiceTest
[2026-10-05T08:07:32.234Z] 2026-10-05T08:07:32.042Z  INFO 11602 --- [attendance-portal] [           main] t.c.s.AnnotationConfigContextLoaderUtils : Could not detect default configuration classes for test class [com.college.attendance.service.AttendanceServiceTest]: AttendanceServiceTest does not declare any static, non-private, non-final, nested classes annotated with @Configuration.
[2026-10-05T08:07:32.234Z] 2026-10-05T08:07:32.044Z  INFO 11602 --- [attendance-portal] [           main] .b.t.c.SpringBootTestContextBootstrapper : Found @SpringBootConfiguration com.college.attendance.AttendancePortalApplication for test class com.college.attendance.service.AttendanceServiceTest
[2026-10-05T08:07:32.234Z] [INFO] Running Correcting a record
[2026-10-05T08:07:32.234Z] 2026-10-05T08:07:32.074Z  INFO 11602 --- [attendance-portal] [           main] t.c.s.AnnotationConfigContextLoaderUtils : Could not detect default configuration classes for test class [com.college.attendance.service.AttendanceServiceTest$Correcting]: Correcting does not declare any static, non-private, non-final, nested classes annotated with @Configuration.
[2026-10-05T08:07:32.234Z] 2026-10-05T08:07:32.075Z  INFO 11602 --- [attendance-portal] [           main] .b.t.c.SpringBootTestContextBootstrapper : Found @SpringBootConfiguration com.college.attendance.AttendancePortalApplication for test class com.college.attendance.service.AttendanceServiceTest$Correcting
[2026-10-05T08:07:32.234Z] 2026-10-05T08:07:32.102Z  INFO 11602 --- [attendance-portal] [           main] c.c.a.service.AttendanceService          : Created attendance record 61 for 1CS21CS001 in CS501 on 2026-10-04 period 1 by faculty1
[2026-10-05T08:07:32.234Z] 2026-10-05T08:07:32.108Z  INFO 11602 --- [attendance-portal] [           main] c.c.a.service.AttendanceService          : Updated attendance record 61 by admin1 (author remains faculty1)
[2026-10-05T08:07:32.234Z] 2026-10-05T08:07:32.126Z  INFO 11602 --- [attendance-portal] [           main] c.c.a.service.AttendanceService          : Created attendance record 62 for 1CS21CS001 in CS501 on 2026-10-04 period 1 by faculty1
[2026-10-05T08:07:32.234Z] 2026-10-05T08:07:32.130Z  INFO 11602 --- [attendance-portal] [           main] c.c.a.service.AttendanceService          : Updated attendance record 62 by faculty1 (author remains faculty1)
[2026-10-05T08:07:32.234Z] 2026-10-05T08:07:32.148Z  INFO 11602 --- [attendance-portal] [           main] c.c.a.service.AttendanceService          : Created attendance record 63 for 1CS21CS001 in CS501 on 2026-10-04 period 1 by faculty1
[2026-10-05T08:07:32.234Z] 2026-10-05T08:07:32.170Z  INFO 11602 --- [attendance-portal] [           main] c.c.a.service.AttendanceService          : Created attendance record 64 for 1CS21CS001 in CS501 on 2026-10-04 period 1 by faculty1
[2026-10-05T08:07:32.234Z] 2026-10-05T08:07:32.198Z  INFO 11602 --- [attendance-portal] [           main] c.c.a.service.AttendanceService          : Created attendance record 65 for 1CS21CS001 in CS501 on 2026-10-04 period 1 by faculty1
[2026-10-05T08:07:32.234Z] 2026-10-05T08:07:32.207Z  INFO 11602 --- [attendance-portal] [           main] c.c.a.service.AttendanceService          : Updated attendance record 65 by faculty1 (author remains faculty1)
[2026-10-05T08:07:32.234Z] 2026-10-05T08:07:32.227Z  INFO 11602 --- [attendance-portal] [           main] c.c.a.service.AttendanceService          : Created attendance record 66 for 1CS21CS001 in CS501 on 2026-10-04 period 1 by faculty1
[2026-10-05T08:07:32.485Z] [INFO] Tests run: 7, Failures: 0, Errors: 0, Skipped: 0, Time elapsed: 0.163 s -- in Correcting a record
[2026-10-05T08:07:32.485Z] [INFO] Running Creating a record
[2026-10-05T08:07:32.485Z] 2026-10-05T08:07:32.235Z  INFO 11602 --- [attendance-portal] [           main] t.c.s.AnnotationConfigContextLoaderUtils : Could not detect default configuration classes for test class [com.college.attendance.service.AttendanceServiceTest$Creating]: Creating does not declare any static, non-private, non-final, nested classes annotated with @Configuration.
[2026-10-05T08:07:32.485Z] 2026-10-05T08:07:32.237Z  INFO 11602 --- [attendance-portal] [           main] .b.t.c.SpringBootTestContextBootstrapper : Found @SpringBootConfiguration com.college.attendance.AttendancePortalApplication for test class com.college.attendance.service.AttendanceServiceTest$Creating
[2026-10-05T08:07:32.485Z] 2026-10-05T08:07:32.254Z  INFO 11602 --- [attendance-portal] [           main] c.c.a.service.AttendanceService          : Created attendance record 67 for 1CS21CS001 in CS501 on 2026-10-04 period 1 by faculty1
[2026-10-05T08:07:32.485Z] 2026-10-05T08:07:32.259Z  INFO 11602 --- [attendance-portal] [           main] c.c.a.service.AttendanceService          : Created attendance record 68 for 1CS21CS001 in CS501 on 2026-10-04 period 2 by faculty1
[2026-10-05T08:07:32.485Z] 2026-10-05T08:07:32.292Z  INFO 11602 --- [attendance-portal] [           main] c.c.a.service.AttendanceService          : Created attendance record 69 for 1CS21CS001 in CS501 on 2026-10-04 period 1 by faculty1
[2026-10-05T08:07:32.485Z] 2026-10-05T08:07:32.333Z  INFO 11602 --- [attendance-portal] [           main] c.c.a.service.AttendanceService          : Created attendance record 70 for 1CS21CS001 in CS501 on 2026-10-04 period 1 by faculty1
[2026-10-05T08:07:32.485Z] 2026-10-05T08:07:32.350Z  INFO 11602 --- [attendance-portal] [           main] c.c.a.service.AttendanceService          : Created attendance record 71 for 1CS21CS001 in CS501 on 2026-10-04 period 1 by faculty1
[2026-10-05T08:07:32.485Z] [INFO] Tests run: 6, Failures: 0, Errors: 0, Skipped: 0, Time elapsed: 0.126 s -- in Creating a record
[2026-10-05T08:07:32.485Z] [INFO] Tests run: 0, Failures: 0, Errors: 0, Skipped: 0, Time elapsed: 0.321 s -- in com.college.attendance.service.AttendanceServiceTest
[2026-10-05T08:07:32.485Z] [INFO] Running com.college.attendance.service.AttendanceSearchTest
[2026-10-05T08:07:32.485Z] 2026-10-05T08:07:32.364Z  INFO 11602 --- [attendance-portal] [           main] t.c.s.AnnotationConfigContextLoaderUtils : Could not detect default configuration classes for test class [com.college.attendance.service.AttendanceSearchTest]: AttendanceSearchTest does not declare any static, non-private, non-final, nested classes annotated with @Configuration.
[2026-10-05T08:07:32.485Z] 2026-10-05T08:07:32.366Z  INFO 11602 --- [attendance-portal] [           main] .b.t.c.SpringBootTestContextBootstrapper : Found @SpringBootConfiguration com.college.attendance.AttendancePortalApplication for test class com.college.attendance.service.AttendanceSearchTest
[2026-10-05T08:07:32.739Z] [INFO] Tests run: 14, Failures: 0, Errors: 0, Skipped: 0, Time elapsed: 0.363 s -- in com.college.attendance.service.AttendanceSearchTest
[2026-10-05T08:07:32.990Z] [INFO] 
[2026-10-05T08:07:32.990Z] [INFO] Results:
[2026-10-05T08:07:32.990Z] [INFO] 
[2026-10-05T08:07:32.990Z] [INFO] Tests run: 73, Failures: 0, Errors: 0, Skipped: 0
[2026-10-05T08:07:32.990Z] [INFO] 
[2026-10-05T08:07:32.990Z] [INFO] 
[2026-10-05T08:07:32.990Z] [INFO] ----------< com.college.attendance:attendance-selenium-tests >----------
[2026-10-05T08:07:32.990Z] [INFO] Building Attendance Portal :: Selenium suite 1.0.0-SNAPSHOT        [3/3]
[2026-10-05T08:07:32.990Z] [INFO]   from selenium-tests/pom.xml
[2026-10-05T08:07:32.990Z] [INFO] --------------------------------[ jar ]---------------------------------
[2026-10-05T08:07:32.990Z] [INFO] 
[2026-10-05T08:07:32.990Z] [INFO] --- resources:3.3.1:resources (default-resources) @ attendance-selenium-tests ---
[2026-10-05T08:07:32.990Z] [INFO] skip non existing resourceDirectory /var/jenkins_home/jobs/attendance-portal-pipeline/workspace/selenium-tests/src/main/resources
[2026-10-05T08:07:32.990Z] [INFO] skip non existing resourceDirectory /var/jenkins_home/jobs/attendance-portal-pipeline/workspace/selenium-tests/src/main/resources
[2026-10-05T08:07:32.990Z] [INFO] 
[2026-10-05T08:07:32.990Z] [INFO] --- compiler:3.14.1:compile (default-compile) @ attendance-selenium-tests ---
[2026-10-05T08:07:32.990Z] [INFO] No sources to compile
[2026-10-05T08:07:32.990Z] [INFO] 
[2026-10-05T08:07:32.990Z] [INFO] --- resources:3.3.1:testResources (default-testResources) @ attendance-selenium-tests ---
[2026-10-05T08:07:32.990Z] [INFO] skip non existing resourceDirectory /var/jenkins_home/jobs/attendance-portal-pipeline/workspace/selenium-tests/src/test/resources
[2026-10-05T08:07:32.990Z] [INFO] 
[2026-10-05T08:07:32.990Z] [INFO] --- compiler:3.14.1:testCompile (default-testCompile) @ attendance-selenium-tests ---
[2026-10-05T08:07:32.990Z] [INFO] Recompiling the module because of changed source code.
[2026-10-05T08:07:32.990Z] [INFO] Compiling 15 source files with javac [debug parameters release 21] to target/test-classes
[2026-10-05T08:07:33.543Z] [INFO] 
[2026-10-05T08:07:33.543Z] [INFO] --- surefire:3.5.6:test (default-test) @ attendance-selenium-tests ---
[2026-10-05T08:07:33.543Z] [INFO] Tests are skipped.
[2026-10-05T08:07:33.543Z] [INFO] ------------------------------------------------------------------------
[2026-10-05T08:07:33.543Z] [INFO] Reactor Summary for Student Attendance Management Portal 1.0.0-SNAPSHOT:
[2026-10-05T08:07:33.543Z] [INFO] 
[2026-10-05T08:07:33.543Z] [INFO] Student Attendance Management Portal ............... SUCCESS [  0.003 s]
[2026-10-05T08:07:33.543Z] [INFO] Attendance Portal :: Application ................... SUCCESS [ 20.436 s]
[2026-10-05T08:07:33.543Z] [INFO] Attendance Portal :: Selenium suite ................ SUCCESS [  0.478 s]
[2026-10-05T08:07:33.543Z] [INFO] ------------------------------------------------------------------------
[2026-10-05T08:07:33.543Z] [INFO] BUILD SUCCESS
[2026-10-05T08:07:33.543Z] [INFO] ------------------------------------------------------------------------
[2026-10-05T08:07:33.543Z] [INFO] Total time:  21.349 s
[2026-10-05T08:07:33.543Z] [INFO] Finished at: 2026-10-05T08:07:33Z
[2026-10-05T08:07:33.543Z] [INFO] ------------------------------------------------------------------------
[2026-10-05T08:07:33.549Z] Post stage
[2026-10-05T08:07:33.559Z] [Pipeline] junit
[2026-10-05T08:07:33.561Z] Recording test results
[2026-10-05T08:07:33.575Z] [Checks API] No suitable checks publisher found.
[2026-10-05T08:07:33.584Z] [Pipeline] }
[2026-10-05T08:07:33.599Z] [Pipeline] // stage
[2026-10-05T08:07:33.610Z] [Pipeline] stage
[2026-10-05T08:07:33.611Z] [Pipeline] { (Package)
[2026-10-05T08:07:33.628Z] [Pipeline] sh
[2026-10-05T08:07:33.884Z] + /opt/maven/bin/mvn -B -DskipTests package
[2026-10-05T08:07:35.230Z] [INFO] Scanning for projects...
[2026-10-05T08:07:35.480Z] [INFO] ------------------------------------------------------------------------
[2026-10-05T08:07:35.480Z] [INFO] Reactor Build Order:
[2026-10-05T08:07:35.480Z] [INFO] 
[2026-10-05T08:07:35.480Z] [INFO] Student Attendance Management Portal                               [pom]
[2026-10-05T08:07:35.480Z] [INFO] Attendance Portal :: Application                                   [war]
[2026-10-05T08:07:35.480Z] [INFO] Attendance Portal :: Selenium suite                                [jar]
[2026-10-05T08:07:35.480Z] [INFO] 
[2026-10-05T08:07:35.480Z] [INFO] ----------< com.college.attendance:attendance-portal-parent >-----------
[2026-10-05T08:07:35.480Z] [INFO] Building Student Attendance Management Portal 1.0.0-SNAPSHOT       [1/3]
[2026-10-05T08:07:35.480Z] [INFO]   from pom.xml
[2026-10-05T08:07:35.480Z] [INFO] --------------------------------[ pom ]---------------------------------
[2026-10-05T08:07:35.480Z] [INFO] 
[2026-10-05T08:07:35.480Z] [INFO] ---------------< com.college.attendance:attendance-app >----------------
[2026-10-05T08:07:35.480Z] [INFO] Building Attendance Portal :: Application 1.0.0-SNAPSHOT           [2/3]
[2026-10-05T08:07:35.480Z] [INFO]   from app/pom.xml
[2026-10-05T08:07:35.480Z] [INFO] --------------------------------[ war ]---------------------------------
[2026-10-05T08:07:36.033Z] [INFO] 
[2026-10-05T08:07:36.033Z] [INFO] --- jacoco:0.8.13:prepare-agent (prepare-agent) @ attendance-app ---
[2026-10-05T08:07:36.033Z] [INFO] argLine set to -javaagent:/root/.m2/repository/org/jacoco/org.jacoco.agent/0.8.13/org.jacoco.agent-0.8.13-runtime.jar=destfile=/var/jenkins_home/jobs/attendance-portal-pipeline/workspace/app/target/jacoco.exec
[2026-10-05T08:07:36.033Z] [INFO] 
[2026-10-05T08:07:36.033Z] [INFO] --- resources:3.3.1:resources (default-resources) @ attendance-app ---
[2026-10-05T08:07:36.286Z] [INFO] Copying 1 resource from src/main/resources to target/classes
[2026-10-05T08:07:36.286Z] [INFO] Copying 10 resources from src/main/resources to target/classes
[2026-10-05T08:07:36.286Z] [INFO] 
[2026-10-05T08:07:36.286Z] [INFO] --- compiler:3.14.1:compile (default-compile) @ attendance-app ---
[2026-10-05T08:07:36.286Z] [INFO] Nothing to compile - all classes are up to date.
[2026-10-05T08:07:36.286Z] [INFO] 
[2026-10-05T08:07:36.286Z] [INFO] --- resources:3.3.1:testResources (default-testResources) @ attendance-app ---
[2026-10-05T08:07:36.286Z] [INFO] Copying 1 resource from src/test/resources to target/test-classes
[2026-10-05T08:07:36.286Z] [INFO] 
[2026-10-05T08:07:36.286Z] [INFO] --- compiler:3.14.1:testCompile (default-testCompile) @ attendance-app ---
[2026-10-05T08:07:36.286Z] [INFO] Nothing to compile - all classes are up to date.
[2026-10-05T08:07:36.286Z] [INFO] 
[2026-10-05T08:07:36.286Z] [INFO] --- surefire:3.5.6:test (default-test) @ attendance-app ---
[2026-10-05T08:07:36.537Z] [INFO] Tests are skipped.
[2026-10-05T08:07:36.537Z] [INFO] 
[2026-10-05T08:07:36.537Z] [INFO] --- war:3.4.0:war (default-war) @ attendance-app ---
[2026-10-05T08:07:36.787Z] [INFO] Packaging webapp
[2026-10-05T08:07:36.787Z] [INFO] Assembling webapp [attendance-app] in [/var/jenkins_home/jobs/attendance-portal-pipeline/workspace/app/target/attendance]
[2026-10-05T08:07:36.787Z] [INFO] Processing war project
[2026-10-05T08:07:37.038Z] [INFO] Building war: /var/jenkins_home/jobs/attendance-portal-pipeline/workspace/app/target/attendance.war
[2026-10-05T08:07:37.589Z] [INFO] 
[2026-10-05T08:07:37.589Z] [INFO] --- spring-boot:3.5.16:repackage (repackage) @ attendance-app ---
[2026-10-05T08:07:38.501Z] [INFO] Replacing main artifact /var/jenkins_home/jobs/attendance-portal-pipeline/workspace/app/target/attendance.war with repackaged archive, adding nested dependencies in BOOT-INF/.
[2026-10-05T08:07:38.501Z] [INFO] The original artifact has been renamed to /var/jenkins_home/jobs/attendance-portal-pipeline/workspace/app/target/attendance.war.original
[2026-10-05T08:07:38.501Z] [INFO] 
[2026-10-05T08:07:38.501Z] [INFO] ----------< com.college.attendance:attendance-selenium-tests >----------
[2026-10-05T08:07:38.501Z] [INFO] Building Attendance Portal :: Selenium suite 1.0.0-SNAPSHOT        [3/3]
[2026-10-05T08:07:38.501Z] [INFO]   from selenium-tests/pom.xml
[2026-10-05T08:07:38.501Z] [INFO] --------------------------------[ jar ]---------------------------------
[2026-10-05T08:07:38.501Z] [INFO] 
[2026-10-05T08:07:38.501Z] [INFO] --- resources:3.3.1:resources (default-resources) @ attendance-selenium-tests ---
[2026-10-05T08:07:38.501Z] [INFO] skip non existing resourceDirectory /var/jenkins_home/jobs/attendance-portal-pipeline/workspace/selenium-tests/src/main/resources
[2026-10-05T08:07:38.501Z] [INFO] skip non existing resourceDirectory /var/jenkins_home/jobs/attendance-portal-pipeline/workspace/selenium-tests/src/main/resources
[2026-10-05T08:07:38.501Z] [INFO] 
[2026-10-05T08:07:38.501Z] [INFO] --- compiler:3.14.1:compile (default-compile) @ attendance-selenium-tests ---
[2026-10-05T08:07:38.501Z] [INFO] No sources to compile
[2026-10-05T08:07:38.501Z] [INFO] 
[2026-10-05T08:07:38.501Z] [INFO] --- resources:3.3.1:testResources (default-testResources) @ attendance-selenium-tests ---
[2026-10-05T08:07:38.501Z] [INFO] skip non existing resourceDirectory /var/jenkins_home/jobs/attendance-portal-pipeline/workspace/selenium-tests/src/test/resources
[2026-10-05T08:07:38.501Z] [INFO] 
[2026-10-05T08:07:38.501Z] [INFO] --- compiler:3.14.1:testCompile (default-testCompile) @ attendance-selenium-tests ---
[2026-10-05T08:07:38.501Z] [INFO] Nothing to compile - all classes are up to date.
[2026-10-05T08:07:38.501Z] [INFO] 
[2026-10-05T08:07:38.501Z] [INFO] --- surefire:3.5.6:test (default-test) @ attendance-selenium-tests ---
[2026-10-05T08:07:38.501Z] [INFO] Tests are skipped.
[2026-10-05T08:07:38.501Z] [INFO] 
[2026-10-05T08:07:38.501Z] [INFO] --- jar:3.4.2:jar (default-jar) @ attendance-selenium-tests ---
[2026-10-05T08:07:38.758Z] [WARNING] JAR will be empty - no content was marked for inclusion!
[2026-10-05T08:07:38.758Z] [INFO] Building jar: /var/jenkins_home/jobs/attendance-portal-pipeline/workspace/selenium-tests/target/attendance-selenium-tests-1.0.0-SNAPSHOT.jar
[2026-10-05T08:07:38.758Z] [INFO] ------------------------------------------------------------------------
[2026-10-05T08:07:38.758Z] [INFO] Reactor Summary for Student Attendance Management Portal 1.0.0-SNAPSHOT:
[2026-10-05T08:07:38.758Z] [INFO] 
[2026-10-05T08:07:38.758Z] [INFO] Student Attendance Management Portal ............... SUCCESS [  0.002 s]
[2026-10-05T08:07:38.758Z] [INFO] Attendance Portal :: Application ................... SUCCESS [  2.949 s]
[2026-10-05T08:07:38.758Z] [INFO] Attendance Portal :: Selenium suite ................ SUCCESS [  0.201 s]
[2026-10-05T08:07:38.758Z] [INFO] ------------------------------------------------------------------------
[2026-10-05T08:07:38.758Z] [INFO] BUILD SUCCESS
[2026-10-05T08:07:38.758Z] [INFO] ------------------------------------------------------------------------
[2026-10-05T08:07:38.758Z] [INFO] Total time:  3.431 s
[2026-10-05T08:07:38.758Z] [INFO] Finished at: 2026-10-05T08:07:38Z
[2026-10-05T08:07:38.758Z] [INFO] ------------------------------------------------------------------------
[2026-10-05T08:07:38.770Z] [Pipeline] sh
[2026-10-05T08:07:39.027Z] + ls -la app/target/attendance.war
[2026-10-05T08:07:39.027Z] -rw-r--r-- 1 root root 63815289 Oct  5 08:07 app/target/attendance.war
[2026-10-05T08:07:39.034Z] Post stage
[2026-10-05T08:07:39.057Z] [Pipeline] archiveArtifacts
[2026-10-05T08:07:39.060Z] Archiving artifacts
[2026-10-05T08:07:39.100Z] Recording fingerprints
[2026-10-05T08:07:39.237Z] [Pipeline] }
[2026-10-05T08:07:39.252Z] [Pipeline] // stage
[2026-10-05T08:07:39.263Z] [Pipeline] stage
[2026-10-05T08:07:39.264Z] [Pipeline] { (Integration test)
[2026-10-05T08:07:39.281Z] [Pipeline] sh
[2026-10-05T08:07:39.537Z] + /opt/maven/bin/mvn -B failsafe:integration-test failsafe:verify
[2026-10-05T08:07:40.881Z] [INFO] Scanning for projects...
[2026-10-05T08:07:41.131Z] [INFO] ------------------------------------------------------------------------
[2026-10-05T08:07:41.131Z] [INFO] Reactor Build Order:
[2026-10-05T08:07:41.131Z] [INFO] 
[2026-10-05T08:07:41.131Z] [INFO] Student Attendance Management Portal                               [pom]
[2026-10-05T08:07:41.131Z] [INFO] Attendance Portal :: Application                                   [war]
[2026-10-05T08:07:41.131Z] [INFO] Attendance Portal :: Selenium suite                                [jar]
[2026-10-05T08:07:41.382Z] [INFO] 
[2026-10-05T08:07:41.382Z] [INFO] ----------< com.college.attendance:attendance-portal-parent >-----------
[2026-10-05T08:07:41.382Z] [INFO] Building Student Attendance Management Portal 1.0.0-SNAPSHOT       [1/3]
[2026-10-05T08:07:41.382Z] [INFO]   from pom.xml
[2026-10-05T08:07:41.382Z] [INFO] --------------------------------[ pom ]---------------------------------
[2026-10-05T08:07:41.382Z] [INFO] 
[2026-10-05T08:07:41.382Z] [INFO] --- failsafe:3.5.6:integration-test (default-cli) @ attendance-portal-parent ---
[2026-10-05T08:07:41.632Z] [INFO] No tests to run.
[2026-10-05T08:07:41.632Z] [INFO] 
[2026-10-05T08:07:41.632Z] [INFO] --- failsafe:3.5.6:verify (default-cli) @ attendance-portal-parent ---
[2026-10-05T08:07:41.632Z] [INFO] No tests to run.
[2026-10-05T08:07:41.632Z] [INFO] 
[2026-10-05T08:07:41.632Z] [INFO] ---------------< com.college.attendance:attendance-app >----------------
[2026-10-05T08:07:41.632Z] [INFO] Building Attendance Portal :: Application 1.0.0-SNAPSHOT           [2/3]
[2026-10-05T08:07:41.632Z] [INFO]   from app/pom.xml
[2026-10-05T08:07:41.632Z] [INFO] --------------------------------[ war ]---------------------------------
[2026-10-05T08:07:41.883Z] [INFO] 
[2026-10-05T08:07:41.883Z] [INFO] --- failsafe:3.5.6:integration-test (default-cli) @ attendance-app ---
[2026-10-05T08:07:41.883Z] [INFO] Using auto detected provider org.apache.maven.surefire.junitplatform.JUnitPlatformProvider
[2026-10-05T08:07:42.134Z] [INFO] 
[2026-10-05T08:07:42.134Z] [INFO] -------------------------------------------------------
[2026-10-05T08:07:42.134Z] [INFO]  T E S T S
[2026-10-05T08:07:42.134Z] [INFO] -------------------------------------------------------
[2026-10-05T08:07:42.685Z] [INFO] Running com.college.attendance.web.AttendanceWebFlowIT
[2026-10-05T08:07:42.935Z] 08:07:42.749 [main] INFO org.springframework.test.context.support.AnnotationConfigContextLoaderUtils -- Could not detect default configuration classes for test class [com.college.attendance.web.AttendanceWebFlowIT]: AttendanceWebFlowIT does not declare any static, non-private, non-final, nested classes annotated with @Configuration.
[2026-10-05T08:07:43.186Z] 08:07:42.933 [main] INFO org.springframework.boot.test.context.SpringBootTestContextBootstrapper -- Found @SpringBootConfiguration com.college.attendance.AttendancePortalApplication for test class com.college.attendance.web.AttendanceWebFlowIT
[2026-10-05T08:07:43.437Z] 
[2026-10-05T08:07:43.437Z]   .   ____          _            __ _ _
[2026-10-05T08:07:43.437Z]  /\\ / ___'_ __ _ _(_)_ __  __ _ \ \ \ \
[2026-10-05T08:07:43.437Z] ( ( )\___ | '_ | '_| | '_ \/ _` | \ \ \ \
[2026-10-05T08:07:43.437Z]  \\/  ___)| |_)| | | | | || (_| |  ) ) ) )
[2026-10-05T08:07:43.437Z]   '  |____| .__|_| |_|_| |_\__, | / / / /
[2026-10-05T08:07:43.437Z]  =========|_|==============|___/=/_/_/_/
[2026-10-05T08:07:43.437Z] 
[2026-10-05T08:07:43.437Z]  :: Spring Boot ::               (v3.5.16)
[2026-10-05T08:07:43.437Z] 
[2026-10-05T08:07:43.687Z] 2026-10-05T08:07:43.470Z  INFO 11847 --- [attendance-portal] [           main] c.c.attendance.web.AttendanceWebFlowIT   : Starting AttendanceWebFlowIT using Java 21.0.12.1 with PID 11847 (started by root in /var/jenkins_home/jobs/attendance-portal-pipeline/workspace/app)
[2026-10-05T08:07:43.687Z] 2026-10-05T08:07:43.472Z  INFO 11847 --- [attendance-portal] [           main] c.c.attendance.web.AttendanceWebFlowIT   : The following 1 profile is active: "test"
[2026-10-05T08:07:44.601Z] 2026-10-05T08:07:44.511Z  INFO 11847 --- [attendance-portal] [           main] .s.d.r.c.RepositoryConfigurationDelegate : Bootstrapping Spring Data JPA repositories in DEFAULT mode.
[2026-10-05T08:07:44.851Z] 2026-10-05T08:07:44.573Z  INFO 11847 --- [attendance-portal] [           main] .s.d.r.c.RepositoryConfigurationDelegate : Finished Spring Data repository scanning in 52 ms. Found 3 JPA repository interfaces.
[2026-10-05T08:07:45.402Z] 2026-10-05T08:07:45.133Z  INFO 11847 --- [attendance-portal] [           main] o.hibernate.jpa.internal.util.LogHelper  : HHH000204: Processing PersistenceUnitInfo [name: default]
[2026-10-05T08:07:45.402Z] 2026-10-05T08:07:45.177Z  INFO 11847 --- [attendance-portal] [           main] org.hibernate.Version                    : HHH000412: Hibernate ORM core version 6.6.53.Final
[2026-10-05T08:07:45.402Z] 2026-10-05T08:07:45.209Z  INFO 11847 --- [attendance-portal] [           main] o.h.c.internal.RegionFactoryInitiator    : HHH000026: Second-level cache disabled
[2026-10-05T08:07:45.653Z] 2026-10-05T08:07:45.512Z  INFO 11847 --- [attendance-portal] [           main] o.s.o.j.p.SpringPersistenceUnitInfo      : No LoadTimeWeaver setup: ignoring JPA class transformer
[2026-10-05T08:07:45.653Z] 2026-10-05T08:07:45.538Z  INFO 11847 --- [attendance-portal] [           main] com.zaxxer.hikari.HikariDataSource       : HikariPool-1 - Starting...
[2026-10-05T08:07:45.903Z] 2026-10-05T08:07:45.725Z  INFO 11847 --- [attendance-portal] [           main] com.zaxxer.hikari.pool.HikariPool        : HikariPool-1 - Added connection conn0: url=jdbc:h2:mem:attendance-test user=SA
[2026-10-05T08:07:45.904Z] 2026-10-05T08:07:45.727Z  INFO 11847 --- [attendance-portal] [           main] com.zaxxer.hikari.HikariDataSource       : HikariPool-1 - Start completed.
[2026-10-05T08:07:45.904Z] 2026-10-05T08:07:45.785Z  INFO 11847 --- [attendance-portal] [           main] org.hibernate.orm.connections.pooling    : HHH10001005: Database info:
[2026-10-05T08:07:45.904Z] 	Database JDBC URL [Connecting through datasource 'HikariDataSource (HikariPool-1)']
[2026-10-05T08:07:45.904Z] 	Database driver: undefined/unknown
[2026-10-05T08:07:45.904Z] 	Database version: 2.3.232
[2026-10-05T08:07:45.904Z] 	Autocommit mode: undefined/unknown
[2026-10-05T08:07:45.904Z] 	Isolation level: undefined/unknown
[2026-10-05T08:07:45.904Z] 	Minimum pool size: undefined/unknown
[2026-10-05T08:07:45.904Z] 	Maximum pool size: undefined/unknown
[2026-10-05T08:07:47.247Z] 2026-10-05T08:07:46.738Z  INFO 11847 --- [attendance-portal] [           main] o.h.e.t.j.p.i.JtaPlatformInitiator       : HHH000489: No JTA platform available (set 'hibernate.transaction.jta.platform' to enable JTA platform integration)
[2026-10-05T08:07:47.247Z] 2026-10-05T08:07:46.815Z  INFO 11847 --- [attendance-portal] [           main] j.LocalContainerEntityManagerFactoryBean : Initialized JPA EntityManagerFactory for persistence unit 'default'
[2026-10-05T08:07:47.247Z] 2026-10-05T08:07:47.140Z  INFO 11847 --- [attendance-portal] [           main] o.s.d.j.r.query.QueryEnhancerFactory     : Hibernate is in classpath; If applicable, HQL parser will be used.
[2026-10-05T08:07:47.801Z] 2026-10-05T08:07:47.488Z  INFO 11847 --- [attendance-portal] [           main] c.college.attendance.config.DataSeeder   : Seeding disabled (attendance.seed-data=false)
[2026-10-05T08:07:47.801Z] 2026-10-05T08:07:47.697Z  INFO 11847 --- [attendance-portal] [           main] r$InitializeUserDetailsManagerConfigurer : Global AuthenticationManager configured with UserDetailsService bean with name databaseUserDetailsService
[2026-10-05T08:07:48.352Z] 2026-10-05T08:07:48.136Z  INFO 11847 --- [attendance-portal] [           main] o.s.b.a.e.web.EndpointLinksResolver      : Exposing 2 endpoints beneath base path '/actuator'
[2026-10-05T08:07:48.903Z] 2026-10-05T08:07:48.678Z  INFO 11847 --- [attendance-portal] [           main] o.s.b.t.m.w.SpringBootMockServletContext : Initializing Spring TestDispatcherServlet ''
[2026-10-05T08:07:48.904Z] 2026-10-05T08:07:48.678Z  INFO 11847 --- [attendance-portal] [           main] o.s.t.web.servlet.TestDispatcherServlet  : Initializing Servlet ''
[2026-10-05T08:07:48.904Z] 2026-10-05T08:07:48.679Z  INFO 11847 --- [attendance-portal] [           main] o.s.t.web.servlet.TestDispatcherServlet  : Completed initialization in 1 ms
[2026-10-05T08:07:48.904Z] 2026-10-05T08:07:48.754Z  INFO 11847 --- [attendance-portal] [           main] c.c.attendance.web.AttendanceWebFlowIT   : Started AttendanceWebFlowIT in 5.64 seconds (process running for 6.765)
[2026-10-05T08:07:49.154Z] Mockito is currently self-attaching to enable the inline-mock-maker. This will no longer work in future releases of the JDK. Please add Mockito as an agent to your build as described in Mockito's documentation: https://javadoc.io/doc/org.mockito/mockito-core/latest/org.mockito/org/mockito/Mockito.html#0.3
[2026-10-05T08:07:49.405Z] WARNING: A Java agent has been loaded dynamically (/root/.m2/repository/net/bytebuddy/byte-buddy-agent/1.17.8/byte-buddy-agent-1.17.8.jar)
[2026-10-05T08:07:49.405Z] WARNING: If a serviceability tool is in use, please run with -XX:+EnableDynamicAgentLoading to hide this warning
[2026-10-05T08:07:49.405Z] WARNING: If a serviceability tool is not in use, please run with -Djdk.instrument.traceUsage for more information
[2026-10-05T08:07:49.405Z] WARNING: Dynamic loading of agents will be disallowed by default in a future release
[2026-10-05T08:07:49.956Z] 2026-10-05T08:07:49.806Z  INFO 11847 --- [attendance-portal] [           main] c.c.a.service.AttendanceService          : Created attendance record 1 for 1CS21CS001 in CS501 on 2026-10-04 period 2 by faculty1
[2026-10-05T08:07:50.867Z] 2026-10-05T08:07:50.577Z  INFO 11847 --- [attendance-portal] [           main] c.c.a.service.AttendanceService          : Created attendance record 2 for 1CS21CS001 in CS501 on 2026-10-04 period 1 by faculty1
[2026-10-05T08:07:50.867Z] 2026-10-05T08:07:50.719Z  INFO 11847 --- [attendance-portal] [           main] c.c.a.service.AttendanceService          : Created attendance record 3 for 1CS21CS001 in CS501 on 2026-10-04 period 1 by faculty1
[2026-10-05T08:07:51.118Z] [INFO] Tests run: 7, Failures: 0, Errors: 0, Skipped: 0, Time elapsed: 8.465 s -- in com.college.attendance.web.AttendanceWebFlowIT
[2026-10-05T08:07:51.369Z] [INFO] 
[2026-10-05T08:07:51.369Z] [INFO] Results:
[2026-10-05T08:07:51.369Z] [INFO] 
[2026-10-05T08:07:51.369Z] [INFO] Tests run: 7, Failures: 0, Errors: 0, Skipped: 0
[2026-10-05T08:07:51.369Z] [INFO] 
[2026-10-05T08:07:51.369Z] [INFO] 
[2026-10-05T08:07:51.369Z] [INFO] --- failsafe:3.5.6:verify (default-cli) @ attendance-app ---
[2026-10-05T08:07:51.369Z] [INFO] 
[2026-10-05T08:07:51.369Z] [INFO] ----------< com.college.attendance:attendance-selenium-tests >----------
[2026-10-05T08:07:51.369Z] [INFO] Building Attendance Portal :: Selenium suite 1.0.0-SNAPSHOT        [3/3]
[2026-10-05T08:07:51.369Z] [INFO]   from selenium-tests/pom.xml
[2026-10-05T08:07:51.369Z] [INFO] --------------------------------[ jar ]---------------------------------
[2026-10-05T08:07:51.369Z] [INFO] 
[2026-10-05T08:07:51.369Z] [INFO] --- failsafe:3.5.6:integration-test (default-cli) @ attendance-selenium-tests ---
[2026-10-05T08:07:51.369Z] [INFO] Tests are skipped.
[2026-10-05T08:07:51.369Z] [INFO] 
[2026-10-05T08:07:51.369Z] [INFO] --- failsafe:3.5.6:verify (default-cli) @ attendance-selenium-tests ---
[2026-10-05T08:07:51.369Z] [INFO] Tests are skipped.
[2026-10-05T08:07:51.369Z] [INFO] ------------------------------------------------------------------------
[2026-10-05T08:07:51.369Z] [INFO] Reactor Summary for Student Attendance Management Portal 1.0.0-SNAPSHOT:
[2026-10-05T08:07:51.369Z] [INFO] 
[2026-10-05T08:07:51.369Z] [INFO] Student Attendance Management Portal ............... SUCCESS [  0.233 s]
[2026-10-05T08:07:51.369Z] [INFO] Attendance Portal :: Application ................... SUCCESS [  9.665 s]
[2026-10-05T08:07:51.369Z] [INFO] Attendance Portal :: Selenium suite ................ SUCCESS [  0.069 s]
[2026-10-05T08:07:51.369Z] [INFO] ------------------------------------------------------------------------
[2026-10-05T08:07:51.369Z] [INFO] BUILD SUCCESS
[2026-10-05T08:07:51.369Z] [INFO] ------------------------------------------------------------------------
[2026-10-05T08:07:51.369Z] [INFO] Total time:  10.509 s
[2026-10-05T08:07:51.369Z] [INFO] Finished at: 2026-10-05T08:07:51Z
[2026-10-05T08:07:51.369Z] [INFO] ------------------------------------------------------------------------
[2026-10-05T08:07:51.375Z] Post stage
[2026-10-05T08:07:51.382Z] [Pipeline] junit
[2026-10-05T08:07:51.385Z] Recording test results
[2026-10-05T08:07:51.405Z] [Checks API] No suitable checks publisher found.
[2026-10-05T08:07:51.413Z] [Pipeline] }
[2026-10-05T08:07:51.427Z] [Pipeline] // stage
[2026-10-05T08:07:51.437Z] [Pipeline] stage
[2026-10-05T08:07:51.439Z] [Pipeline] { (Quality gate: Selenium)
[2026-10-05T08:07:51.471Z] [Pipeline] script
[2026-10-05T08:07:51.475Z] [Pipeline] {
[2026-10-05T08:07:51.496Z] [Pipeline] sh
[2026-10-05T08:07:51.754Z] + set -e
[2026-10-05T08:07:51.754Z] + docker rm -f attendance-gate attendance-selenium
[2026-10-05T08:07:51.754Z] + docker create --name attendance-gate --network host -e SERVER_PORT=8095 -e ATTENDANCE_ENVIRONMENT=quality-gate eclipse-temurin:21-jre-jammy java -jar /attendance.war
[2026-10-05T08:07:52.005Z] + docker cp app/target/attendance.war attendance-gate:/attendance.war
[2026-10-05T08:07:52.005Z] + docker start attendance-gate
[2026-10-05T08:07:52.256Z] + docker run -d --name attendance-selenium --network host --shm-size=2g -e SE_NODE_MAX_SESSIONS=2 selenium/standalone-chromium:latest
[2026-10-05T08:07:52.509Z] + echo Waiting for the application under test...
[2026-10-05T08:07:52.509Z] Waiting for the application under test...
[2026-10-05T08:07:52.509Z] + seq 1 60
[2026-10-05T08:07:52.509Z] + curl -sf http://localhost:8095/attendance/actuator/health
[2026-10-05T08:07:52.509Z] + sleep 3
[2026-10-05T08:07:55.740Z] + curl -sf http://localhost:8095/attendance/actuator/health
[2026-10-05T08:07:55.740Z] + sleep 3
[2026-10-05T08:07:58.971Z] + curl -sf http://localhost:8095/attendance/actuator/health
[2026-10-05T08:07:58.971Z] + sleep 3
[2026-10-05T08:08:01.460Z] + curl -sf http://localhost:8095/attendance/actuator/health
[2026-10-05T08:08:02.011Z] + break
[2026-10-05T08:08:02.011Z] + curl -sf http://localhost:8095/attendance/actuator/health
[2026-10-05T08:08:02.011Z] + echo Waiting for the Selenium node...
[2026-10-05T08:08:02.011Z] Waiting for the Selenium node...
[2026-10-05T08:08:02.011Z] + seq 1 60
[2026-10-05T08:08:02.011Z] + curl -sf http://localhost:4444/status
[2026-10-05T08:08:02.011Z] + grep -q "ready": *true
[2026-10-05T08:08:02.011Z] + break
[2026-10-05T08:08:02.011Z] + curl -sf http://localhost:4444/status
[2026-10-05T08:08:02.011Z] + grep -q "ready": *true
[2026-10-05T08:08:02.011Z] + curl -sf http://localhost:8095/attendance/actuator/health
[2026-10-05T08:08:02.011Z] {"status":"UP"}+ echo
[2026-10-05T08:08:02.011Z] 
[2026-10-05T08:08:02.011Z] + echo Application under test and browser node are both ready.
[2026-10-05T08:08:02.011Z] Application under test and browser node are both ready.
[2026-10-05T08:08:02.017Z] [Pipeline] }
[2026-10-05T08:08:02.030Z] [Pipeline] // script
[2026-10-05T08:08:02.034Z] Post stage
[2026-10-05T08:08:02.039Z] [Pipeline] script
[2026-10-05T08:08:02.042Z] [Pipeline] {
[2026-10-05T08:08:02.068Z] [Pipeline] sh
[2026-10-05T08:08:02.325Z] + /opt/maven/bin/mvn -B -pl selenium-tests verify -DskipSeleniumTests=false -Dapp.base.url=http://localhost:8095/attendance -Dselenium.remote.url=http://localhost:4444 -Dselenium.headless=true
[2026-10-05T08:08:03.673Z] [INFO] Scanning for projects...
[2026-10-05T08:08:03.923Z] [INFO] 
[2026-10-05T08:08:03.923Z] [INFO] ----------< com.college.attendance:attendance-selenium-tests >----------
[2026-10-05T08:08:03.923Z] [INFO] Building Attendance Portal :: Selenium suite 1.0.0-SNAPSHOT
[2026-10-05T08:08:03.923Z] [INFO]   from pom.xml
[2026-10-05T08:08:03.923Z] [INFO] --------------------------------[ jar ]---------------------------------
[2026-10-05T08:08:04.174Z] [INFO] 
[2026-10-05T08:08:04.174Z] [INFO] --- resources:3.3.1:resources (default-resources) @ attendance-selenium-tests ---
[2026-10-05T08:08:04.424Z] [INFO] skip non existing resourceDirectory /var/jenkins_home/jobs/attendance-portal-pipeline/workspace/selenium-tests/src/main/resources
[2026-10-05T08:08:04.424Z] [INFO] skip non existing resourceDirectory /var/jenkins_home/jobs/attendance-portal-pipeline/workspace/selenium-tests/src/main/resources
[2026-10-05T08:08:04.424Z] [INFO] 
[2026-10-05T08:08:04.424Z] [INFO] --- compiler:3.14.1:compile (default-compile) @ attendance-selenium-tests ---
[2026-10-05T08:08:04.424Z] [INFO] No sources to compile
[2026-10-05T08:08:04.424Z] [INFO] 
[2026-10-05T08:08:04.424Z] [INFO] --- resources:3.3.1:testResources (default-testResources) @ attendance-selenium-tests ---
[2026-10-05T08:08:04.424Z] [INFO] skip non existing resourceDirectory /var/jenkins_home/jobs/attendance-portal-pipeline/workspace/selenium-tests/src/test/resources
[2026-10-05T08:08:04.424Z] [INFO] 
[2026-10-05T08:08:04.424Z] [INFO] --- compiler:3.14.1:testCompile (default-testCompile) @ attendance-selenium-tests ---
[2026-10-05T08:08:04.675Z] [INFO] Nothing to compile - all classes are up to date.
[2026-10-05T08:08:04.675Z] [INFO] 
[2026-10-05T08:08:04.675Z] [INFO] --- surefire:3.5.6:test (default-test) @ attendance-selenium-tests ---
[2026-10-05T08:08:04.675Z] [INFO] Tests are skipped.
[2026-10-05T08:08:04.675Z] [INFO] 
[2026-10-05T08:08:04.675Z] [INFO] --- jar:3.4.2:jar (default-jar) @ attendance-selenium-tests ---
[2026-10-05T08:08:04.929Z] [WARNING] JAR will be empty - no content was marked for inclusion!
[2026-10-05T08:08:04.929Z] [INFO] 
[2026-10-05T08:08:04.929Z] [INFO] --- failsafe:3.5.6:integration-test (default) @ attendance-selenium-tests ---
[2026-10-05T08:08:04.929Z] [INFO] Using auto detected provider org.apache.maven.surefire.junitplatform.JUnitPlatformProvider
[2026-10-05T08:08:04.929Z] [WARNING] System property [app.base.url], [selenium.remote.url], [selenium.headless] overwritten by user properties from Maven session
[2026-10-05T08:08:04.929Z] [INFO] 
[2026-10-05T08:08:04.929Z] [INFO] -------------------------------------------------------
[2026-10-05T08:08:04.929Z] [INFO]  T E S T S
[2026-10-05T08:08:04.929Z] [INFO] -------------------------------------------------------
[2026-10-05T08:08:05.840Z] [INFO] Running com.college.attendance.e2e.J5AuthorisationIT
[2026-10-05T08:08:05.840Z] Oct 05, 2026 8:08:05 AM org.openqa.selenium.remote.tracing.opentelemetry.OpenTelemetryTracer createTracer
[2026-10-05T08:08:05.840Z] INFO: Using OpenTelemetry for tracing
[2026-10-05T08:08:23.824Z] [INFO] Tests run: 6, Failures: 0, Errors: 0, Skipped: 0, Time elapsed: 16.98 s -- in com.college.attendance.e2e.J5AuthorisationIT
[2026-10-05T08:08:23.824Z] [INFO] Running com.college.attendance.e2e.J2SearchAndFilterIT
[2026-10-05T08:08:41.811Z] [INFO] Tests run: 5, Failures: 0, Errors: 0, Skipped: 0, Time elapsed: 17.16 s -- in com.college.attendance.e2e.J2SearchAndFilterIT
[2026-10-05T08:08:41.811Z] [INFO] Running com.college.attendance.e2e.J3ReviewWorkflowIT
[2026-10-05T08:08:59.778Z] [INFO] Tests run: 3, Failures: 0, Errors: 0, Skipped: 0, Time elapsed: 18.64 s -- in com.college.attendance.e2e.J3ReviewWorkflowIT
[2026-10-05T08:08:59.778Z] [INFO] Running com.college.attendance.e2e.J1RecordAttendanceIT
[2026-10-05T08:09:02.261Z] [J1] recorded one session in 2 s (SC1 budget: 120 s)
[2026-10-05T08:09:10.300Z] [INFO] Tests run: 3, Failures: 0, Errors: 0, Skipped: 0, Time elapsed: 11.04 s -- in com.college.attendance.e2e.J1RecordAttendanceIT
[2026-10-05T08:09:10.300Z] [INFO] Running com.college.attendance.e2e.J4StudentSelfServiceIT
[2026-10-05T08:09:20.182Z] [J4] approved record was visible to the student immediately (baseline for this step was 9-14 days)
[2026-10-05T08:09:20.182Z] [INFO] Tests run: 3, Failures: 0, Errors: 0, Skipped: 0, Time elapsed: 10.13 s -- in com.college.attendance.e2e.J4StudentSelfServiceIT
[2026-10-05T08:09:20.182Z] [INFO] 
[2026-10-05T08:09:20.182Z] [INFO] Results:
[2026-10-05T08:09:20.182Z] [INFO] 
[2026-10-05T08:09:20.182Z] [INFO] Tests run: 20, Failures: 0, Errors: 0, Skipped: 0
[2026-10-05T08:09:20.182Z] [INFO] 
[2026-10-05T08:09:20.182Z] [INFO] 
[2026-10-05T08:09:20.182Z] [INFO] --- failsafe:3.5.6:integration-test (selenium-journeys) @ attendance-selenium-tests ---
[2026-10-05T08:09:20.182Z] [INFO] Skipping execution of surefire because it has already been run for this configuration
[2026-10-05T08:09:20.182Z] [INFO] 
[2026-10-05T08:09:20.182Z] [INFO] --- failsafe:3.5.6:verify (default) @ attendance-selenium-tests ---
[2026-10-05T08:09:20.182Z] [INFO] 
[2026-10-05T08:09:20.182Z] [INFO] --- failsafe:3.5.6:verify (selenium-journeys) @ attendance-selenium-tests ---
[2026-10-05T08:09:20.182Z] [INFO] ------------------------------------------------------------------------
[2026-10-05T08:09:20.182Z] [INFO] BUILD SUCCESS
[2026-10-05T08:09:20.182Z] [INFO] ------------------------------------------------------------------------
[2026-10-05T08:09:20.182Z] [INFO] Total time:  01:16 min
[2026-10-05T08:09:20.182Z] [INFO] Finished at: 2026-10-05T08:09:19Z
[2026-10-05T08:09:20.182Z] [INFO] ------------------------------------------------------------------------
[2026-10-05T08:09:20.296Z] [Pipeline] junit
[2026-10-05T08:09:20.299Z] Recording test results
[2026-10-05T08:09:20.320Z] [Checks API] No suitable checks publisher found.
[2026-10-05T08:09:20.327Z] [Pipeline] archiveArtifacts
[2026-10-05T08:09:20.332Z] Archiving artifacts
[2026-10-05T08:09:20.332Z] ‘selenium-tests/target/screenshots/**’ doesn’t match anything, but ‘**’ does. Perhaps that’s what you mean?
[2026-10-05T08:09:20.332Z] No artifacts found that match the file pattern "selenium-tests/target/screenshots/**". Configuration error?
[2026-10-05T08:09:20.348Z] [Pipeline] sh
[2026-10-05T08:09:20.606Z] + docker rm -f attendance-gate attendance-selenium
[2026-10-05T08:09:20.862Z] [Pipeline] echo
[2026-10-05T08:09:20.864Z] Selenium quality gate passed.
[2026-10-05T08:09:20.865Z] [Pipeline] }
[2026-10-05T08:09:20.881Z] [Pipeline] // script
[2026-10-05T08:09:20.896Z] [Pipeline] }
[2026-10-05T08:09:20.910Z] [Pipeline] // stage
[2026-10-05T08:09:20.922Z] [Pipeline] stage
[2026-10-05T08:09:20.924Z] [Pipeline] { (Deploy to Tomcat)
[2026-10-05T08:09:20.944Z] [Pipeline] script
[2026-10-05T08:09:20.950Z] [Pipeline] {
[2026-10-05T08:09:20.970Z] [Pipeline] sh
[2026-10-05T08:09:21.227Z] + set -e
[2026-10-05T08:09:21.227Z] + echo Deploying 1.0.11-8734007 to Tomcat as 'staging' on port 8090
[2026-10-05T08:09:21.227Z] Deploying 1.0.11-8734007 to Tomcat as 'staging' on port 8090
[2026-10-05T08:09:21.227Z] + docker rm -f attendance-tomcat-staging
[2026-10-05T08:09:21.477Z] + docker run -d --name attendance-tomcat-staging -p 8090:8080 -e ATTENDANCE_ENVIRONMENT=staging -e ATTENDANCE_ELIGIBILITY_THRESHOLD=75 -e SPRING_DATASOURCE_URL=jdbc:h2:file:/usr/local/tomcat/data/attendance;DB_CLOSE_ON_EXIT=FALSE tomcat:10.1-jdk21-temurin
[2026-10-05T08:09:21.477Z] 030221668f6292d39da97d4f80c7a6c14c3202c3e231d19320673f7b10acfaf5
[2026-10-05T08:09:21.728Z] + sleep 5
[2026-10-05T08:09:26.926Z] + docker cp app/target/attendance.war attendance-tomcat-staging:/usr/local/tomcat/webapps/attendance.war
[2026-10-05T08:09:26.934Z] [Pipeline] }
[2026-10-05T08:09:26.948Z] [Pipeline] // script
[2026-10-05T08:09:26.955Z] [Pipeline] }
[2026-10-05T08:09:26.969Z] [Pipeline] // stage
[2026-10-05T08:09:26.980Z] [Pipeline] stage
[2026-10-05T08:09:26.982Z] [Pipeline] { (Verify deployment)
[2026-10-05T08:09:27.004Z] [Pipeline] script
[2026-10-05T08:09:27.009Z] [Pipeline] {
[2026-10-05T08:09:27.023Z] [Pipeline] sh
[2026-10-05T08:09:27.280Z] + set -e
[2026-10-05T08:09:27.280Z] + seq 1 60
[2026-10-05T08:09:27.280Z] + curl -sf http://localhost:8090/attendance/actuator/health
[2026-10-05T08:09:27.280Z] + sleep 3
[2026-10-05T08:09:30.510Z] + curl -sf http://localhost:8090/attendance/actuator/health
[2026-10-05T08:09:30.510Z] + sleep 3
[2026-10-05T08:09:33.742Z] + curl -sf http://localhost:8090/attendance/actuator/health
[2026-10-05T08:09:33.742Z] + sleep 3
[2026-10-05T08:09:36.230Z] + curl -sf http://localhost:8090/attendance/actuator/health
[2026-10-05T08:09:36.230Z] + sleep 3
[2026-10-05T08:09:39.460Z] + curl -sf http://localhost:8090/attendance/actuator/health
[2026-10-05T08:09:39.460Z] + sleep 3
[2026-10-05T08:09:42.689Z] + curl -sf http://localhost:8090/attendance/actuator/health
[2026-10-05T08:09:42.689Z] + echo Health check passed after 6 attempt(s)
[2026-10-05T08:09:42.689Z] Health check passed after 6 attempt(s)
[2026-10-05T08:09:42.689Z] + curl -s http://localhost:8090/attendance/actuator/health
[2026-10-05T08:09:42.689Z] {"status":"UP"}+ echo
[2026-10-05T08:09:42.689Z] 
[2026-10-05T08:09:42.689Z] + exit 0
[2026-10-05T08:09:42.702Z] [Pipeline] sh
[2026-10-05T08:09:42.959Z] + curl -s http://localhost:8090/attendance/actuator/info
[2026-10-05T08:09:42.959Z] + sed -n s/.*"environment":"\([^"]*\)".*/\1/p
[2026-10-05T08:09:42.971Z] [Pipeline] echo
[2026-10-05T08:09:42.973Z] Deployed application reports environment: 'staging'
[2026-10-05T08:09:42.978Z] [Pipeline] echo
[2026-10-05T08:09:42.982Z] Parameter verified: requested 'staging', deployed 'staging'
[2026-10-05T08:09:42.985Z] [Pipeline] echo
[2026-10-05T08:09:42.986Z] Deployed application URL: http://localhost:8090/attendance
[2026-10-05T08:09:42.988Z] [Pipeline] }
[2026-10-05T08:09:43.003Z] [Pipeline] // script
[2026-10-05T08:09:43.009Z] [Pipeline] }
[2026-10-05T08:09:43.021Z] [Pipeline] // stage
[2026-10-05T08:09:43.032Z] [Pipeline] stage
[2026-10-05T08:09:43.034Z] [Pipeline] { (Declarative: Post Actions)
[2026-10-05T08:09:43.065Z] [Pipeline] cleanWs
[2026-10-05T08:09:43.069Z] [WS-CLEANUP] Deleting project workspace...
[2026-10-05T08:09:43.241Z] [WS-CLEANUP] done
[2026-10-05T08:09:43.254Z] [Pipeline] echo
[2026-10-05T08:09:43.256Z] Pipeline succeeded. 1.0.11-8734007 is deployed at http://localhost:8090/attendance
[2026-10-05T08:09:43.265Z] [Pipeline] }
[2026-10-05T08:09:43.278Z] [Pipeline] // stage
[2026-10-05T08:09:43.284Z] [Pipeline] }
[2026-10-05T08:09:43.297Z] [Pipeline] // timeout
[2026-10-05T08:09:43.302Z] [Pipeline] }
[2026-10-05T08:09:43.315Z] [Pipeline] // timestamps
[2026-10-05T08:09:43.321Z] [Pipeline] }
[2026-10-05T08:09:43.333Z] [Pipeline] // withEnv
[2026-10-05T08:09:43.339Z] [Pipeline] }
[2026-10-05T08:09:43.349Z] [Pipeline] // withEnv
[2026-10-05T08:09:43.354Z] [Pipeline] }
[2026-10-05T08:09:43.370Z] [Pipeline] // node
[2026-10-05T08:09:43.376Z] [Pipeline] End of Pipeline
[2026-10-05T08:09:43.413Z] Finished: SUCCESS
